match,clip,label,status,visible_ratio,wrist_ratio,feature_path
Anders_Antonsen_Viktor_Axelsen_HSBC_BWF_WORLD_TOUR_FINALS_2020_Finals,data\clips_cropped_final\clear\set1_rally12_ball11.0.mp4,clear,OK,1.0,0.94,data\pose_features_final\clear\set1_rally12_ball11.0.npy
Anders_Antonsen_Viktor_Axelsen_HSBC_BWF_WORLD_TOUR_FINALS_2020_Finals,data\clips_cropped_final\clear\set1_rally15_ball3.0.mp4,clear,OK,1.0,0.746,data\pose_features_final\clear\set1_rally15_ball3.0.npy
Anders_Antonsen_Viktor_Axelsen_HSBC_BWF_WORLD_TOUR_FINALS_2020_Finals,data\clips_cropped_final\clear\set1_rally16_ball12.0.mp4,clear,OK,1.0,0.687,data\pose_features_final\clear\set1_rally16_ball12.0.npy
Anders_Antonsen_Viktor_Axelsen_HSBC_BWF_WORLD_TOUR_FINALS_2020_Finals,data\clips_cropped_final\clear\set1_rally16_ball20.0.mp4,clear,OK,1.0,0.776,data\pose_features_final\clear\set1_rally16_ball20.0.npy
Anders_Antonsen_Viktor_Axelsen_HSBC_BWF_WORLD_TOUR_FINALS_2020_Finals,data\clips_cropped_final\clear\set1_rally16_ball3.0.mp4,clear,POSE_INSUFFICIENT,0.552,0.403,data\pose_features_final\clear\set1_rally16_ball3.0.npy
Anders_Antonsen_Viktor_Axelsen_HSBC_BWF_WORLD_TOUR_FINALS_2020_Finals,data\clips_cropped_final\clear\set1_rally16_ball8.0.mp4,clear,OK,1.0,1.0,data\pose_features_final\clear\set1_rally16_ball8.0.npy
Anders_Antonsen_Viktor_Axelsen_HSBC_BWF_WORLD_TOUR_FINALS_2020_Finals,data\clips_cropped_final\clear\set1_rally19_ball3.0.mp4,clear,OK,1.0,0.776,data\pose_features_final\clear\set1_rally19_ball3.0.npy
Anders_Antonsen_Viktor_Axelsen_HSBC_BWF_WORLD_TOUR_FINALS_2020_Finals,data\clips_cropped_final\clear\set1_rally23_ball13.0.mp4,clear,OK,1.0,0.955,data\pose_features_final\clear\set1_rally23_ball13.0.npy
Anders_Antonsen_Viktor_Axelsen_HSBC_BWF_WORLD_TOUR_FINALS_2020_Finals,data\clips_cropped_final\clear\set1_rally26_ball10.0.mp4,clear,OK,1.0,0.791,data\pose_features_final\clear\set1_rally26_ball10.0.npy
Anders_Antonsen_Viktor_Axelsen_HSBC_BWF_WORLD_TOUR_FINALS_2020_Finals,data\clips_cropped_final\clear\set1_rally26_ball4.0.mp4,clear,OK,1.0,0.776,data\pose_features_final\clear\set1_rally26_ball4.0.npy
Anders_Antonsen_Viktor_Axelsen_HSBC_BWF_WORLD_TOUR_FINALS_2020_Finals,data\clips_cropped_final\clear\set1_rally28_ball6.0.mp4,clear,OK,1.0,0.821,data\pose_features_final\clear\set1_rally28_ball6.0.npy
Anders_Antonsen_Viktor_Axelsen_HSBC_BWF_WORLD_TOUR_FINALS_2020_Finals,data\clips_cropped_final\clear\set1_rally2_ball7.0.mp4,clear,OK,1.0,0.925,data\pose_features_final\clear\set1_rally2_ball7.0.npy
Anders_Antonsen_Viktor_Axelsen_HSBC_BWF_WORLD_TOUR_FINALS_2020_Finals,data\clips_cropped_final\clear\set1_rally32_ball17.0.mp4,clear,OK,1.0,0.821,data\pose_features_final\clear\set1_rally32_ball17.0.npy
Anders_Antonsen_Viktor_Axelsen_HSBC_BWF_WORLD_TOUR_FINALS_2020_Finals,data\clips_cropped_final\clear\set1_rally34_ball6.0.mp4,clear,OK,1.0,1.0,data\pose_features_final\clear\set1_rally34_ball6.0.npy
Anders_Antonsen_Viktor_Axelsen_HSBC_BWF_WORLD_TOUR_FINALS_2020_Finals,data\clips_cropped_final\clear\set1_rally34_ball7.0.mp4,clear,OK,1.0,0.806,data\pose_features_final\clear\set1_rally34_ball7.0.npy
Anders_Antonsen_Viktor_Axelsen_HSBC_BWF_WORLD_TOUR_FINALS_2020_Finals,data\clips_cropped_final\clear\set1_rally35_ball3.0.mp4,clear,OK,1.0,1.0,data\pose_features_final\clear\set1_rally35_ball3.0.npy
Anders_Antonsen_Viktor_Axelsen_HSBC_BWF_WORLD_TOUR_FINALS_2020_Finals,data\clips_cropped_final\clear\set1_rally36_ball5.0.mp4,clear,OK,1.0,0.925,data\pose_features_final\clear\set1_rally36_ball5.0.npy
Anders_Antonsen_Viktor_Axelsen_HSBC_BWF_WORLD_TOUR_FINALS_2020_Finals,data\clips_cropped_final\clear\set1_rally36_ball6.0.mp4,clear,OK,1.0,1.0,data\pose_features_final\clear\set1_rally36_ball6.0.npy
Anders_Antonsen_Viktor_Axelsen_HSBC_BWF_WORLD_TOUR_FINALS_2020_Finals,data\clips_cropped_final\clear\set1_rally37_ball23.0.mp4,clear,OK,1.0,1.0,data\pose_features_final\clear\set1_rally37_ball23.0.npy
Anders_Antonsen_Viktor_Axelsen_HSBC_BWF_WORLD_TOUR_FINALS_2020_Finals,data\clips_cropped_final\clear\set1_rally37_ball3.0.mp4,clear,OK,1.0,1.0,data\pose_features_final\clear\set1_rally37_ball3.0.npy
Anders_Antonsen_Viktor_Axelsen_HSBC_BWF_WORLD_TOUR_FINALS_2020_Finals,data\clips_cropped_final\clear\set1_rally37_ball4.0.mp4,clear,OK,1.0,0.881,data\pose_features_final\clear\set1_rally37_ball4.0.npy
Anders_Antonsen_Viktor_Axelsen_HSBC_BWF_WORLD_TOUR_FINALS_2020_Finals,data\clips_cropped_final\clear\set1_rally5_ball15.0.mp4,clear,OK,1.0,0.761,data\pose_features_final\clear\set1_rally5_ball15.0.npy
Anders_Antonsen_Viktor_Axelsen_HSBC_BWF_WORLD_TOUR_FINALS_2020_Finals,data\clips_cropped_final\clear\set1_rally5_ball21.0.mp4,clear,OK,1.0,0.791,data\pose_features_final\clear\set1_rally5_ball21.0.npy
Anders_Antonsen_Viktor_Axelsen_HSBC_BWF_WORLD_TOUR_FINALS_2020_Finals,data\clips_cropped_final\clear\set1_rally5_ball3.0.mp4,clear,OK,1.0,0.776,data\pose_features_final\clear\set1_rally5_ball3.0.npy
Anders_Antonsen_Viktor_Axelsen_HSBC_BWF_WORLD_TOUR_FINALS_2020_Finals,data\clips_cropped_final\clear\set1_rally7_ball10.0.mp4,clear,OK,1.0,1.0,data\pose_features_final\clear\set1_rally7_ball10.0.npy
Anders_Antonsen_Viktor_Axelsen_HSBC_BWF_WORLD_TOUR_FINALS_2020_Finals,data\clips_cropped_final\clear\set1_rally7_ball11.0.mp4,clear,OK,1.0,0.791,data\pose_features_final\clear\set1_rally7_ball11.0.npy
Anders_Antonsen_Viktor_Axelsen_HSBC_BWF_WORLD_TOUR_FINALS_2020_Finals,data\clips_cropped_final\clear\set1_rally7_ball9.0.mp4,clear,OK,1.0,0.687,data\pose_features_final\clear\set1_rally7_ball9.0.npy
Anders_Antonsen_Viktor_Axelsen_HSBC_BWF_WORLD_TOUR_FINALS_2020_Finals,data\clips_cropped_final\clear\set2_rally18_ball4.0.mp4,clear,OK,1.0,1.0,data\pose_features_final\clear\set2_rally18_ball4.0.npy
Anders_Antonsen_Viktor_Axelsen_HSBC_BWF_WORLD_TOUR_FINALS_2020_Finals,data\clips_cropped_final\clear\set2_rally19_ball2.0.mp4,clear,OK,1.0,1.0,data\pose_features_final\clear\set2_rally19_ball2.0.npy
Anders_Antonsen_Viktor_Axelsen_HSBC_BWF_WORLD_TOUR_FINALS_2020_Finals,data\clips_cropped_final\clear\set2_rally19_ball3.0.mp4,clear,OK,1.0,0.791,data\pose_features_final\clear\set2_rally19_ball3.0.npy
Anders_Antonsen_Viktor_Axelsen_HSBC_BWF_WORLD_TOUR_FINALS_2020_Finals,data\clips_cropped_final\clear\set2_rally19_ball4.0.mp4,clear,OK,1.0,1.0,data\pose_features_final\clear\set2_rally19_ball4.0.npy
Anders_Antonsen_Viktor_Axelsen_HSBC_BWF_WORLD_TOUR_FINALS_2020_Finals,data\clips_cropped_final\clear\set2_rally19_ball5.0.mp4,clear,OK,1.0,0.731,data\pose_features_final\clear\set2_rally19_ball5.0.npy
Anders_Antonsen_Viktor_Axelsen_HSBC_BWF_WORLD_TOUR_FINALS_2020_Finals,data\clips_cropped_final\clear\set2_rally1_ball12.0.mp4,clear,OK,1.0,0.836,data\pose_features_final\clear\set2_rally1_ball12.0.npy
Anders_Antonsen_Viktor_Axelsen_HSBC_BWF_WORLD_TOUR_FINALS_2020_Finals,data\clips_cropped_final\clear\set2_rally1_ball17.0.mp4,clear,OK,1.0,1.0,data\pose_features_final\clear\set2_rally1_ball17.0.npy
Anders_Antonsen_Viktor_Axelsen_HSBC_BWF_WORLD_TOUR_FINALS_2020_Finals,data\clips_cropped_final\clear\set2_rally6_ball3.0.mp4,clear,OK,1.0,0.866,data\pose_features_final\clear\set2_rally6_ball3.0.npy
Anders_Antonsen_Viktor_Axelsen_HSBC_BWF_WORLD_TOUR_FINALS_2020_Finals,data\clips_cropped_final\clear\set2_rally8_ball3.0.mp4,clear,OK,0.851,0.642,data\pose_features_final\clear\set2_rally8_ball3.0.npy
Anders_Antonsen_Viktor_Axelsen_HSBC_BWF_WORLD_TOUR_FINALS_2020_Finals,data\clips_cropped_final\clear\set2_rally8_ball4.0.mp4,clear,OK,0.746,0.746,data\pose_features_final\clear\set2_rally8_ball4.0.npy
Anders_Antonsen_Viktor_Axelsen_HSBC_BWF_WORLD_TOUR_FINALS_2020_Finals,data\clips_cropped_final\clear\set3_rally14_ball5.0.mp4,clear,OK,1.0,0.836,data\pose_features_final\clear\set3_rally14_ball5.0.npy
Anders_Antonsen_Viktor_Axelsen_HSBC_BWF_WORLD_TOUR_FINALS_2020_Finals,data\clips_cropped_final\clear\set3_rally16_ball14.0.mp4,clear,POSE_INSUFFICIENT,0.358,0.701,data\pose_features_final\clear\set3_rally16_ball14.0.npy
Anders_Antonsen_Viktor_Axelsen_HSBC_BWF_WORLD_TOUR_FINALS_2020_Finals,data\clips_cropped_final\clear\set3_rally16_ball5.0.mp4,clear,OK,1.0,0.687,data\pose_features_final\clear\set3_rally16_ball5.0.npy
Anders_Antonsen_Viktor_Axelsen_HSBC_BWF_WORLD_TOUR_FINALS_2020_Finals,data\clips_cropped_final\clear\set3_rally21_ball12.0.mp4,clear,OK,1.0,1.0,data\pose_features_final\clear\set3_rally21_ball12.0.npy
Anders_Antonsen_Viktor_Axelsen_HSBC_BWF_WORLD_TOUR_FINALS_2020_Finals,data\clips_cropped_final\clear\set3_rally21_ball7.0.mp4,clear,OK,1.0,1.0,data\pose_features_final\clear\set3_rally21_ball7.0.npy
Anders_Antonsen_Viktor_Axelsen_HSBC_BWF_WORLD_TOUR_FINALS_2020_Finals,data\clips_cropped_final\clear\set3_rally29_ball16.0.mp4,clear,OK,1.0,1.0,data\pose_features_final\clear\set3_rally29_ball16.0.npy
Anders_Antonsen_Viktor_Axelsen_HSBC_BWF_WORLD_TOUR_FINALS_2020_Finals,data\clips_cropped_final\clear\set3_rally2_ball13.0.mp4,clear,OK,1.0,0.731,data\pose_features_final\clear\set3_rally2_ball13.0.npy
Anders_Antonsen_Viktor_Axelsen_HSBC_BWF_WORLD_TOUR_FINALS_2020_Finals,data\clips_cropped_final\clear\set3_rally31_ball3.0.mp4,clear,POSE_INSUFFICIENT,0.075,0.239,data\pose_features_final\clear\set3_rally31_ball3.0.npy
Anders_Antonsen_Viktor_Axelsen_HSBC_BWF_WORLD_TOUR_FINALS_2020_Finals,data\clips_cropped_final\clear\set3_rally33_ball14.0.mp4,clear,OK,1.0,1.0,data\pose_features_final\clear\set3_rally33_ball14.0.npy
Anders_Antonsen_Viktor_Axelsen_HSBC_BWF_WORLD_TOUR_FINALS_2020_Finals,data\clips_cropped_final\clear\set3_rally33_ball26.0.mp4,clear,OK,1.0,1.0,data\pose_features_final\clear\set3_rally33_ball26.0.npy
Anders_Antonsen_Viktor_Axelsen_HSBC_BWF_WORLD_TOUR_FINALS_2020_Finals,data\clips_cropped_final\clear\set3_rally33_ball34.0.mp4,clear,OK,1.0,1.0,data\pose_features_final\clear\set3_rally33_ball34.0.npy
Anders_Antonsen_Viktor_Axelsen_HSBC_BWF_WORLD_TOUR_FINALS_2020_Finals,data\clips_cropped_final\clear\set3_rally35_ball23.0.mp4,clear,OK,1.0,1.0,data\pose_features_final\clear\set3_rally35_ball23.0.npy
Anders_Antonsen_Viktor_Axelsen_HSBC_BWF_WORLD_TOUR_FINALS_2020_Finals,data\clips_cropped_final\clear\set3_rally8_ball15.0.mp4,clear,OK,1.0,0.925,data\pose_features_final\clear\set3_rally8_ball15.0.npy
Anders_Antonsen_Viktor_Axelsen_HSBC_BWF_WORLD_TOUR_FINALS_2020_Finals,data\clips_cropped_final\clear\set3_rally8_ball19.0.mp4,clear,OK,1.0,0.672,data\pose_features_final\clear\set3_rally8_ball19.0.npy
Anders_Antonsen_Viktor_Axelsen_HSBC_BWF_WORLD_TOUR_FINALS_2020_Finals,data\clips_cropped_final\net_shot\set1_rally10_ball2.0.mp4,net_shot,OK,1.0,1.0,data\pose_features_final\net_shot\set1_rally10_ball2.0.npy
Anders_Antonsen_Viktor_Axelsen_HSBC_BWF_WORLD_TOUR_FINALS_2020_Finals,data\clips_cropped_final\net_shot\set1_rally11_ball2.0.mp4,net_shot,OK,1.0,1.0,data\pose_features_final\net_shot\set1_rally11_ball2.0.npy
Anders_Antonsen_Viktor_Axelsen_HSBC_BWF_WORLD_TOUR_FINALS_2020_Finals,data\clips_cropped_final\net_shot\set1_rally11_ball5.0.mp4,net_shot,OK,1.0,1.0,data\pose_features_final\net_shot\set1_rally11_ball5.0.npy
Anders_Antonsen_Viktor_Axelsen_HSBC_BWF_WORLD_TOUR_FINALS_2020_Finals,data\clips_cropped_final\net_shot\set1_rally12_ball13.0.mp4,net_shot,OK,1.0,0.716,data\pose_features_final\net_shot\set1_rally12_ball13.0.npy
Anders_Antonsen_Viktor_Axelsen_HSBC_BWF_WORLD_TOUR_FINALS_2020_Finals,data\clips_cropped_final\net_shot\set1_rally12_ball16.0.mp4,net_shot,OK,1.0,1.0,data\pose_features_final\net_shot\set1_rally12_ball16.0.npy
Anders_Antonsen_Viktor_Axelsen_HSBC_BWF_WORLD_TOUR_FINALS_2020_Finals,data\clips_cropped_final\net_shot\set1_rally12_ball3.0.mp4,net_shot,POSE_INSUFFICIENT,0.612,0.313,data\pose_features_final\net_shot\set1_rally12_ball3.0.npy
Anders_Antonsen_Viktor_Axelsen_HSBC_BWF_WORLD_TOUR_FINALS_2020_Finals,data\clips_cropped_final\net_shot\set1_rally12_ball6.0.mp4,net_shot,POSE_INSUFFICIENT,0.582,1.0,data\pose_features_final\net_shot\set1_rally12_ball6.0.npy
Anders_Antonsen_Viktor_Axelsen_HSBC_BWF_WORLD_TOUR_FINALS_2020_Finals,data\clips_cropped_final\net_shot\set1_rally14_ball6.0.mp4,net_shot,OK,1.0,1.0,data\pose_features_final\net_shot\set1_rally14_ball6.0.npy
Anders_Antonsen_Viktor_Axelsen_HSBC_BWF_WORLD_TOUR_FINALS_2020_Finals,data\clips_cropped_final\net_shot\set1_rally15_ball6.0.mp4,net_shot,OK,1.0,1.0,data\pose_features_final\net_shot\set1_rally15_ball6.0.npy
Anders_Antonsen_Viktor_Axelsen_HSBC_BWF_WORLD_TOUR_FINALS_2020_Finals,data\clips_cropped_final\net_shot\set1_rally15_ball8.0.mp4,net_shot,OK,0.985,0.94,data\pose_features_final\net_shot\set1_rally15_ball8.0.npy
Anders_Antonsen_Viktor_Axelsen_HSBC_BWF_WORLD_TOUR_FINALS_2020_Finals,data\clips_cropped_final\net_shot\set1_rally16_ball14.0.mp4,net_shot,OK,1.0,0.94,data\pose_features_final\net_shot\set1_rally16_ball14.0.npy
Anders_Antonsen_Viktor_Axelsen_HSBC_BWF_WORLD_TOUR_FINALS_2020_Finals,data\clips_cropped_final\net_shot\set1_rally16_ball17.0.mp4,net_shot,OK,1.0,1.0,data\pose_features_final\net_shot\set1_rally16_ball17.0.npy
Anders_Antonsen_Viktor_Axelsen_HSBC_BWF_WORLD_TOUR_FINALS_2020_Finals,data\clips_cropped_final\net_shot\set1_rally16_ball5.0.mp4,net_shot,OK,1.0,1.0,data\pose_features_final\net_shot\set1_rally16_ball5.0.npy
Anders_Antonsen_Viktor_Axelsen_HSBC_BWF_WORLD_TOUR_FINALS_2020_Finals,data\clips_cropped_final\net_shot\set1_rally16_ball6.0.mp4,net_shot,OK,1.0,1.0,data\pose_features_final\net_shot\set1_rally16_ball6.0.npy
Anders_Antonsen_Viktor_Axelsen_HSBC_BWF_WORLD_TOUR_FINALS_2020_Finals,data\clips_cropped_final\net_shot\set1_rally19_ball5.0.mp4,net_shot,OK,1.0,1.0,data\pose_features_final\net_shot\set1_rally19_ball5.0.npy
Anders_Antonsen_Viktor_Axelsen_HSBC_BWF_WORLD_TOUR_FINALS_2020_Finals,data\clips_cropped_final\net_shot\set1_rally19_ball6.0.mp4,net_shot,OK,1.0,1.0,data\pose_features_final\net_shot\set1_rally19_ball6.0.npy
Anders_Antonsen_Viktor_Axelsen_HSBC_BWF_WORLD_TOUR_FINALS_2020_Finals,data\clips_cropped_final\net_shot\set1_rally19_ball7.0.mp4,net_shot,OK,1.0,1.0,data\pose_features_final\net_shot\set1_rally19_ball7.0.npy
Anders_Antonsen_Viktor_Axelsen_HSBC_BWF_WORLD_TOUR_FINALS_2020_Finals,data\clips_cropped_final\net_shot\set1_rally21_ball5.0.mp4,net_shot,OK,1.0,1.0,data\pose_features_final\net_shot\set1_rally21_ball5.0.npy
Anders_Antonsen_Viktor_Axelsen_HSBC_BWF_WORLD_TOUR_FINALS_2020_Finals,data\clips_cropped_final\net_shot\set1_rally22_ball4.0.mp4,net_shot,OK,1.0,1.0,data\pose_features_final\net_shot\set1_rally22_ball4.0.npy
Anders_Antonsen_Viktor_Axelsen_HSBC_BWF_WORLD_TOUR_FINALS_2020_Finals,data\clips_cropped_final\net_shot\set1_rally22_ball5.0.mp4,net_shot,OK,1.0,1.0,data\pose_features_final\net_shot\set1_rally22_ball5.0.npy
Anders_Antonsen_Viktor_Axelsen_HSBC_BWF_WORLD_TOUR_FINALS_2020_Finals,data\clips_cropped_final\net_shot\set1_rally23_ball2.0.mp4,net_shot,OK,1.0,1.0,data\pose_features_final\net_shot\set1_rally23_ball2.0.npy
Anders_Antonsen_Viktor_Axelsen_HSBC_BWF_WORLD_TOUR_FINALS_2020_Finals,data\clips_cropped_final\net_shot\set1_rally24_ball2.0.mp4,net_shot,OK,0.791,1.0,data\pose_features_final\net_shot\set1_rally24_ball2.0.npy
Anders_Antonsen_Viktor_Axelsen_HSBC_BWF_WORLD_TOUR_FINALS_2020_Finals,data\clips_cropped_final\net_shot\set1_rally26_ball8.0.mp4,net_shot,OK,1.0,0.851,data\pose_features_final\net_shot\set1_rally26_ball8.0.npy
Anders_Antonsen_Viktor_Axelsen_HSBC_BWF_WORLD_TOUR_FINALS_2020_Finals,data\clips_cropped_final\net_shot\set1_rally27_ball3.0.mp4,net_shot,OK,0.896,0.896,data\pose_features_final\net_shot\set1_rally27_ball3.0.npy
Anders_Antonsen_Viktor_Axelsen_HSBC_BWF_WORLD_TOUR_FINALS_2020_Finals,data\clips_cropped_final\net_shot\set1_rally27_ball7.0.mp4,net_shot,OK,1.0,1.0,data\pose_features_final\net_shot\set1_rally27_ball7.0.npy
Anders_Antonsen_Viktor_Axelsen_HSBC_BWF_WORLD_TOUR_FINALS_2020_Finals,data\clips_cropped_final\net_shot\set1_rally27_ball8.0.mp4,net_shot,OK,1.0,1.0,data\pose_features_final\net_shot\set1_rally27_ball8.0.npy
Anders_Antonsen_Viktor_Axelsen_HSBC_BWF_WORLD_TOUR_FINALS_2020_Finals,data\clips_cropped_final\net_shot\set1_rally29_ball3.0.mp4,net_shot,OK,1.0,1.0,data\pose_features_final\net_shot\set1_rally29_ball3.0.npy
Anders_Antonsen_Viktor_Axelsen_HSBC_BWF_WORLD_TOUR_FINALS_2020_Finals,data\clips_cropped_final\net_shot\set1_rally2_ball4.0.mp4,net_shot,OK,1.0,1.0,data\pose_features_final\net_shot\set1_rally2_ball4.0.npy
Anders_Antonsen_Viktor_Axelsen_HSBC_BWF_WORLD_TOUR_FINALS_2020_Finals,data\clips_cropped_final\net_shot\set1_rally31_ball3.0.mp4,net_shot,OK,1.0,1.0,data\pose_features_final\net_shot\set1_rally31_ball3.0.npy
Anders_Antonsen_Viktor_Axelsen_HSBC_BWF_WORLD_TOUR_FINALS_2020_Finals,data\clips_cropped_final\net_shot\set1_rally31_ball4.0.mp4,net_shot,OK,1.0,1.0,data\pose_features_final\net_shot\set1_rally31_ball4.0.npy
Anders_Antonsen_Viktor_Axelsen_HSBC_BWF_WORLD_TOUR_FINALS_2020_Finals,data\clips_cropped_final\net_shot\set1_rally31_ball5.0.mp4,net_shot,OK,1.0,1.0,data\pose_features_final\net_shot\set1_rally31_ball5.0.npy
Anders_Antonsen_Viktor_Axelsen_HSBC_BWF_WORLD_TOUR_FINALS_2020_Finals,data\clips_cropped_final\net_shot\set1_rally31_ball9.0.mp4,net_shot,OK,1.0,1.0,data\pose_features_final\net_shot\set1_rally31_ball9.0.npy
Anders_Antonsen_Viktor_Axelsen_HSBC_BWF_WORLD_TOUR_FINALS_2020_Finals,data\clips_cropped_final\net_shot\set1_rally32_ball14.0.mp4,net_shot,OK,1.0,1.0,data\pose_features_final\net_shot\set1_rally32_ball14.0.npy
Anders_Antonsen_Viktor_Axelsen_HSBC_BWF_WORLD_TOUR_FINALS_2020_Finals,data\clips_cropped_final\net_shot\set1_rally32_ball15.0.mp4,net_shot,OK,1.0,1.0,data\pose_features_final\net_shot\set1_rally32_ball15.0.npy
Anders_Antonsen_Viktor_Axelsen_HSBC_BWF_WORLD_TOUR_FINALS_2020_Finals,data\clips_cropped_final\net_shot\set1_rally32_ball2.0.mp4,net_shot,OK,1.0,1.0,data\pose_features_final\net_shot\set1_rally32_ball2.0.npy
Anders_Antonsen_Viktor_Axelsen_HSBC_BWF_WORLD_TOUR_FINALS_2020_Finals,data\clips_cropped_final\net_shot\set1_rally32_ball26.0.mp4,net_shot,OK,1.0,1.0,data\pose_features_final\net_shot\set1_rally32_ball26.0.npy
Anders_Antonsen_Viktor_Axelsen_HSBC_BWF_WORLD_TOUR_FINALS_2020_Finals,data\clips_cropped_final\net_shot\set1_rally32_ball33.0.mp4,net_shot,OK,0.925,0.627,data\pose_features_final\net_shot\set1_rally32_ball33.0.npy
Anders_Antonsen_Viktor_Axelsen_HSBC_BWF_WORLD_TOUR_FINALS_2020_Finals,data\clips_cropped_final\net_shot\set1_rally32_ball6.0.mp4,net_shot,OK,1.0,1.0,data\pose_features_final\net_shot\set1_rally32_ball6.0.npy
Anders_Antonsen_Viktor_Axelsen_HSBC_BWF_WORLD_TOUR_FINALS_2020_Finals,data\clips_cropped_final\net_shot\set1_rally32_ball7.0.mp4,net_shot,OK,1.0,1.0,data\pose_features_final\net_shot\set1_rally32_ball7.0.npy
Anders_Antonsen_Viktor_Axelsen_HSBC_BWF_WORLD_TOUR_FINALS_2020_Finals,data\clips_cropped_final\net_shot\set1_rally33_ball2.0.mp4,net_shot,POSE_INSUFFICIENT,0.463,0.463,data\pose_features_final\net_shot\set1_rally33_ball2.0.npy
Anders_Antonsen_Viktor_Axelsen_HSBC_BWF_WORLD_TOUR_FINALS_2020_Finals,data\clips_cropped_final\net_shot\set1_rally34_ball23.0.mp4,net_shot,OK,1.0,0.94,data\pose_features_final\net_shot\set1_rally34_ball23.0.npy
Anders_Antonsen_Viktor_Axelsen_HSBC_BWF_WORLD_TOUR_FINALS_2020_Finals,data\clips_cropped_final\net_shot\set1_rally34_ball24.0.mp4,net_shot,OK,0.955,0.955,data\pose_features_final\net_shot\set1_rally34_ball24.0.npy
Anders_Antonsen_Viktor_Axelsen_HSBC_BWF_WORLD_TOUR_FINALS_2020_Finals,data\clips_cropped_final\net_shot\set1_rally34_ball29.0.mp4,net_shot,OK,1.0,1.0,data\pose_features_final\net_shot\set1_rally34_ball29.0.npy
Anders_Antonsen_Viktor_Axelsen_HSBC_BWF_WORLD_TOUR_FINALS_2020_Finals,data\clips_cropped_final\net_shot\set1_rally34_ball32.0.mp4,net_shot,OK,1.0,1.0,data\pose_features_final\net_shot\set1_rally34_ball32.0.npy
Anders_Antonsen_Viktor_Axelsen_HSBC_BWF_WORLD_TOUR_FINALS_2020_Finals,data\clips_cropped_final\net_shot\set1_rally37_ball12.0.mp4,net_shot,OK,1.0,0.716,data\pose_features_final\net_shot\set1_rally37_ball12.0.npy
Anders_Antonsen_Viktor_Axelsen_HSBC_BWF_WORLD_TOUR_FINALS_2020_Finals,data\clips_cropped_final\net_shot\set1_rally37_ball7.0.mp4,net_shot,OK,1.0,1.0,data\pose_features_final\net_shot\set1_rally37_ball7.0.npy
Anders_Antonsen_Viktor_Axelsen_HSBC_BWF_WORLD_TOUR_FINALS_2020_Finals,data\clips_cropped_final\net_shot\set1_rally37_ball8.0.mp4,net_shot,OK,1.0,1.0,data\pose_features_final\net_shot\set1_rally37_ball8.0.npy
Anders_Antonsen_Viktor_Axelsen_HSBC_BWF_WORLD_TOUR_FINALS_2020_Finals,data\clips_cropped_final\net_shot\set1_rally3_ball6.0.mp4,net_shot,OK,0.97,0.97,data\pose_features_final\net_shot\set1_rally3_ball6.0.npy
Anders_Antonsen_Viktor_Axelsen_HSBC_BWF_WORLD_TOUR_FINALS_2020_Finals,data\clips_cropped_final\net_shot\set1_rally5_ball9.0.mp4,net_shot,OK,1.0,1.0,data\pose_features_final\net_shot\set1_rally5_ball9.0.npy
Anders_Antonsen_Viktor_Axelsen_HSBC_BWF_WORLD_TOUR_FINALS_2020_Finals,data\clips_cropped_final\net_shot\set1_rally6_ball2.0.mp4,net_shot,POSE_INSUFFICIENT,0.567,0.642,data\pose_features_final\net_shot\set1_rally6_ball2.0.npy
Anders_Antonsen_Viktor_Axelsen_HSBC_BWF_WORLD_TOUR_FINALS_2020_Finals,data\clips_cropped_final\net_shot\set1_rally6_ball5.0.mp4,net_shot,OK,1.0,1.0,data\pose_features_final\net_shot\set1_rally6_ball5.0.npy
Anders_Antonsen_Viktor_Axelsen_HSBC_BWF_WORLD_TOUR_FINALS_2020_Finals,data\clips_cropped_final\net_shot\set1_rally6_ball6.0.mp4,net_shot,OK,1.0,0.657,data\pose_features_final\net_shot\set1_rally6_ball6.0.npy
Anders_Antonsen_Viktor_Axelsen_HSBC_BWF_WORLD_TOUR_FINALS_2020_Finals,data\clips_cropped_final\net_shot\set2_rally13_ball2.0.mp4,net_shot,OK,1.0,1.0,data\pose_features_final\net_shot\set2_rally13_ball2.0.npy
Anders_Antonsen_Viktor_Axelsen_HSBC_BWF_WORLD_TOUR_FINALS_2020_Finals,data\clips_cropped_final\net_shot\set2_rally14_ball6.0.mp4,net_shot,OK,1.0,1.0,data\pose_features_final\net_shot\set2_rally14_ball6.0.npy
Anders_Antonsen_Viktor_Axelsen_HSBC_BWF_WORLD_TOUR_FINALS_2020_Finals,data\clips_cropped_final\net_shot\set2_rally18_ball2.0.mp4,net_shot,POSE_INSUFFICIENT,0.552,0.463,data\pose_features_final\net_shot\set2_rally18_ball2.0.npy
Anders_Antonsen_Viktor_Axelsen_HSBC_BWF_WORLD_TOUR_FINALS_2020_Finals,data\clips_cropped_final\net_shot\set2_rally20_ball2.0.mp4,net_shot,OK,1.0,1.0,data\pose_features_final\net_shot\set2_rally20_ball2.0.npy
Anders_Antonsen_Viktor_Axelsen_HSBC_BWF_WORLD_TOUR_FINALS_2020_Finals,data\clips_cropped_final\net_shot\set2_rally20_ball5.0.mp4,net_shot,OK,1.0,1.0,data\pose_features_final\net_shot\set2_rally20_ball5.0.npy
Anders_Antonsen_Viktor_Axelsen_HSBC_BWF_WORLD_TOUR_FINALS_2020_Finals,data\clips_cropped_final\net_shot\set2_rally22_ball2.0.mp4,net_shot,OK,1.0,1.0,data\pose_features_final\net_shot\set2_rally22_ball2.0.npy
Anders_Antonsen_Viktor_Axelsen_HSBC_BWF_WORLD_TOUR_FINALS_2020_Finals,data\clips_cropped_final\net_shot\set2_rally22_ball3.0.mp4,net_shot,OK,1.0,1.0,data\pose_features_final\net_shot\set2_rally22_ball3.0.npy
Anders_Antonsen_Viktor_Axelsen_HSBC_BWF_WORLD_TOUR_FINALS_2020_Finals,data\clips_cropped_final\net_shot\set2_rally22_ball4.0.mp4,net_shot,OK,1.0,1.0,data\pose_features_final\net_shot\set2_rally22_ball4.0.npy
Anders_Antonsen_Viktor_Axelsen_HSBC_BWF_WORLD_TOUR_FINALS_2020_Finals,data\clips_cropped_final\net_shot\set2_rally3_ball5.0.mp4,net_shot,OK,1.0,0.746,data\pose_features_final\net_shot\set2_rally3_ball5.0.npy
Anders_Antonsen_Viktor_Axelsen_HSBC_BWF_WORLD_TOUR_FINALS_2020_Finals,data\clips_cropped_final\net_shot\set2_rally4_ball2.0.mp4,net_shot,OK,1.0,1.0,data\pose_features_final\net_shot\set2_rally4_ball2.0.npy
Anders_Antonsen_Viktor_Axelsen_HSBC_BWF_WORLD_TOUR_FINALS_2020_Finals,data\clips_cropped_final\net_shot\set2_rally7_ball7.0.mp4,net_shot,OK,1.0,1.0,data\pose_features_final\net_shot\set2_rally7_ball7.0.npy
Anders_Antonsen_Viktor_Axelsen_HSBC_BWF_WORLD_TOUR_FINALS_2020_Finals,data\clips_cropped_final\net_shot\set2_rally9_ball2.0.mp4,net_shot,OK,1.0,1.0,data\pose_features_final\net_shot\set2_rally9_ball2.0.npy
Anders_Antonsen_Viktor_Axelsen_HSBC_BWF_WORLD_TOUR_FINALS_2020_Finals,data\clips_cropped_final\net_shot\set3_rally10_ball2.0.mp4,net_shot,OK,1.0,0.373,data\pose_features_final\net_shot\set3_rally10_ball2.0.npy
Anders_Antonsen_Viktor_Axelsen_HSBC_BWF_WORLD_TOUR_FINALS_2020_Finals,data\clips_cropped_final\net_shot\set3_rally10_ball3.0.mp4,net_shot,OK,1.0,1.0,data\pose_features_final\net_shot\set3_rally10_ball3.0.npy
Anders_Antonsen_Viktor_Axelsen_HSBC_BWF_WORLD_TOUR_FINALS_2020_Finals,data\clips_cropped_final\net_shot\set3_rally10_ball7.0.mp4,net_shot,OK,1.0,1.0,data\pose_features_final\net_shot\set3_rally10_ball7.0.npy
Anders_Antonsen_Viktor_Axelsen_HSBC_BWF_WORLD_TOUR_FINALS_2020_Finals,data\clips_cropped_final\net_shot\set3_rally10_ball8.0.mp4,net_shot,OK,1.0,1.0,data\pose_features_final\net_shot\set3_rally10_ball8.0.npy
Anders_Antonsen_Viktor_Axelsen_HSBC_BWF_WORLD_TOUR_FINALS_2020_Finals,data\clips_cropped_final\net_shot\set3_rally10_ball9.0.mp4,net_shot,OK,1.0,1.0,data\pose_features_final\net_shot\set3_rally10_ball9.0.npy
Anders_Antonsen_Viktor_Axelsen_HSBC_BWF_WORLD_TOUR_FINALS_2020_Finals,data\clips_cropped_final\net_shot\set3_rally12_ball11.0.mp4,net_shot,OK,1.0,1.0,data\pose_features_final\net_shot\set3_rally12_ball11.0.npy
Anders_Antonsen_Viktor_Axelsen_HSBC_BWF_WORLD_TOUR_FINALS_2020_Finals,data\clips_cropped_final\net_shot\set3_rally12_ball5.0.mp4,net_shot,OK,1.0,0.746,data\pose_features_final\net_shot\set3_rally12_ball5.0.npy
Anders_Antonsen_Viktor_Axelsen_HSBC_BWF_WORLD_TOUR_FINALS_2020_Finals,data\clips_cropped_final\net_shot\set3_rally12_ball9.0.mp4,net_shot,OK,1.0,0.761,data\pose_features_final\net_shot\set3_rally12_ball9.0.npy
Anders_Antonsen_Viktor_Axelsen_HSBC_BWF_WORLD_TOUR_FINALS_2020_Finals,data\clips_cropped_final\net_shot\set3_rally13_ball2.0.mp4,net_shot,POSE_INSUFFICIENT,0.463,0.731,data\pose_features_final\net_shot\set3_rally13_ball2.0.npy
Anders_Antonsen_Viktor_Axelsen_HSBC_BWF_WORLD_TOUR_FINALS_2020_Finals,data\clips_cropped_final\net_shot\set3_rally14_ball12.0.mp4,net_shot,OK,1.0,1.0,data\pose_features_final\net_shot\set3_rally14_ball12.0.npy
Anders_Antonsen_Viktor_Axelsen_HSBC_BWF_WORLD_TOUR_FINALS_2020_Finals,data\clips_cropped_final\net_shot\set3_rally14_ball8.0.mp4,net_shot,OK,1.0,1.0,data\pose_features_final\net_shot\set3_rally14_ball8.0.npy
Anders_Antonsen_Viktor_Axelsen_HSBC_BWF_WORLD_TOUR_FINALS_2020_Finals,data\clips_cropped_final\net_shot\set3_rally15_ball14.0.mp4,net_shot,OK,1.0,1.0,data\pose_features_final\net_shot\set3_rally15_ball14.0.npy
Anders_Antonsen_Viktor_Axelsen_HSBC_BWF_WORLD_TOUR_FINALS_2020_Finals,data\clips_cropped_final\net_shot\set3_rally15_ball7.0.mp4,net_shot,OK,1.0,1.0,data\pose_features_final\net_shot\set3_rally15_ball7.0.npy
Anders_Antonsen_Viktor_Axelsen_HSBC_BWF_WORLD_TOUR_FINALS_2020_Finals,data\clips_cropped_final\net_shot\set3_rally15_ball8.0.mp4,net_shot,OK,1.0,1.0,data\pose_features_final\net_shot\set3_rally15_ball8.0.npy
Anders_Antonsen_Viktor_Axelsen_HSBC_BWF_WORLD_TOUR_FINALS_2020_Finals,data\clips_cropped_final\net_shot\set3_rally16_ball10.0.mp4,net_shot,OK,1.0,1.0,data\pose_features_final\net_shot\set3_rally16_ball10.0.npy
Anders_Antonsen_Viktor_Axelsen_HSBC_BWF_WORLD_TOUR_FINALS_2020_Finals,data\clips_cropped_final\net_shot\set3_rally16_ball12.0.mp4,net_shot,OK,1.0,1.0,data\pose_features_final\net_shot\set3_rally16_ball12.0.npy
Anders_Antonsen_Viktor_Axelsen_HSBC_BWF_WORLD_TOUR_FINALS_2020_Finals,data\clips_cropped_final\net_shot\set3_rally16_ball19.0.mp4,net_shot,POSE_INSUFFICIENT,0.627,0.627,data\pose_features_final\net_shot\set3_rally16_ball19.0.npy
Anders_Antonsen_Viktor_Axelsen_HSBC_BWF_WORLD_TOUR_FINALS_2020_Finals,data\clips_cropped_final\net_shot\set3_rally16_ball22.0.mp4,net_shot,OK,1.0,1.0,data\pose_features_final\net_shot\set3_rally16_ball22.0.npy
Anders_Antonsen_Viktor_Axelsen_HSBC_BWF_WORLD_TOUR_FINALS_2020_Finals,data\clips_cropped_final\net_shot\set3_rally17_ball2.0.mp4,net_shot,OK,0.746,0.746,data\pose_features_final\net_shot\set3_rally17_ball2.0.npy
Anders_Antonsen_Viktor_Axelsen_HSBC_BWF_WORLD_TOUR_FINALS_2020_Finals,data\clips_cropped_final\net_shot\set3_rally17_ball3.0.mp4,net_shot,POSE_INSUFFICIENT,0.582,0.746,data\pose_features_final\net_shot\set3_rally17_ball3.0.npy
Anders_Antonsen_Viktor_Axelsen_HSBC_BWF_WORLD_TOUR_FINALS_2020_Finals,data\clips_cropped_final\net_shot\set3_rally19_ball7.0.mp4,net_shot,OK,1.0,1.0,data\pose_features_final\net_shot\set3_rally19_ball7.0.npy
Anders_Antonsen_Viktor_Axelsen_HSBC_BWF_WORLD_TOUR_FINALS_2020_Finals,data\clips_cropped_final\net_shot\set3_rally20_ball4.0.mp4,net_shot,OK,1.0,1.0,data\pose_features_final\net_shot\set3_rally20_ball4.0.npy
Anders_Antonsen_Viktor_Axelsen_HSBC_BWF_WORLD_TOUR_FINALS_2020_Finals,data\clips_cropped_final\net_shot\set3_rally21_ball10.0.mp4,net_shot,OK,1.0,1.0,data\pose_features_final\net_shot\set3_rally21_ball10.0.npy
Anders_Antonsen_Viktor_Axelsen_HSBC_BWF_WORLD_TOUR_FINALS_2020_Finals,data\clips_cropped_final\net_shot\set3_rally21_ball2.0.mp4,net_shot,OK,1.0,1.0,data\pose_features_final\net_shot\set3_rally21_ball2.0.npy
Anders_Antonsen_Viktor_Axelsen_HSBC_BWF_WORLD_TOUR_FINALS_2020_Finals,data\clips_cropped_final\net_shot\set3_rally24_ball4.0.mp4,net_shot,OK,1.0,1.0,data\pose_features_final\net_shot\set3_rally24_ball4.0.npy
Anders_Antonsen_Viktor_Axelsen_HSBC_BWF_WORLD_TOUR_FINALS_2020_Finals,data\clips_cropped_final\net_shot\set3_rally25_ball2.0.mp4,net_shot,OK,1.0,0.97,data\pose_features_final\net_shot\set3_rally25_ball2.0.npy
Anders_Antonsen_Viktor_Axelsen_HSBC_BWF_WORLD_TOUR_FINALS_2020_Finals,data\clips_cropped_final\net_shot\set3_rally25_ball3.0.mp4,net_shot,OK,1.0,1.0,data\pose_features_final\net_shot\set3_rally25_ball3.0.npy
Anders_Antonsen_Viktor_Axelsen_HSBC_BWF_WORLD_TOUR_FINALS_2020_Finals,data\clips_cropped_final\net_shot\set3_rally27_ball2.0.mp4,net_shot,OK,0.925,0.925,data\pose_features_final\net_shot\set3_rally27_ball2.0.npy
Anders_Antonsen_Viktor_Axelsen_HSBC_BWF_WORLD_TOUR_FINALS_2020_Finals,data\clips_cropped_final\net_shot\set3_rally28_ball4.0.mp4,net_shot,OK,1.0,1.0,data\pose_features_final\net_shot\set3_rally28_ball4.0.npy
Anders_Antonsen_Viktor_Axelsen_HSBC_BWF_WORLD_TOUR_FINALS_2020_Finals,data\clips_cropped_final\net_shot\set3_rally29_ball14.0.mp4,net_shot,OK,1.0,1.0,data\pose_features_final\net_shot\set3_rally29_ball14.0.npy
Anders_Antonsen_Viktor_Axelsen_HSBC_BWF_WORLD_TOUR_FINALS_2020_Finals,data\clips_cropped_final\net_shot\set3_rally29_ball3.0.mp4,net_shot,OK,1.0,1.0,data\pose_features_final\net_shot\set3_rally29_ball3.0.npy
Anders_Antonsen_Viktor_Axelsen_HSBC_BWF_WORLD_TOUR_FINALS_2020_Finals,data\clips_cropped_final\net_shot\set3_rally2_ball10.0.mp4,net_shot,OK,1.0,1.0,data\pose_features_final\net_shot\set3_rally2_ball10.0.npy
Anders_Antonsen_Viktor_Axelsen_HSBC_BWF_WORLD_TOUR_FINALS_2020_Finals,data\clips_cropped_final\net_shot\set3_rally2_ball11.0.mp4,net_shot,OK,1.0,1.0,data\pose_features_final\net_shot\set3_rally2_ball11.0.npy
Anders_Antonsen_Viktor_Axelsen_HSBC_BWF_WORLD_TOUR_FINALS_2020_Finals,data\clips_cropped_final\net_shot\set3_rally2_ball2.0.mp4,net_shot,OK,1.0,1.0,data\pose_features_final\net_shot\set3_rally2_ball2.0.npy
Anders_Antonsen_Viktor_Axelsen_HSBC_BWF_WORLD_TOUR_FINALS_2020_Finals,data\clips_cropped_final\net_shot\set3_rally2_ball5.0.mp4,net_shot,OK,1.0,1.0,data\pose_features_final\net_shot\set3_rally2_ball5.0.npy
Anders_Antonsen_Viktor_Axelsen_HSBC_BWF_WORLD_TOUR_FINALS_2020_Finals,data\clips_cropped_final\net_shot\set3_rally2_ball6.0.mp4,net_shot,OK,1.0,1.0,data\pose_features_final\net_shot\set3_rally2_ball6.0.npy
Anders_Antonsen_Viktor_Axelsen_HSBC_BWF_WORLD_TOUR_FINALS_2020_Finals,data\clips_cropped_final\net_shot\set3_rally31_ball12.0.mp4,net_shot,OK,1.0,0.896,data\pose_features_final\net_shot\set3_rally31_ball12.0.npy
Anders_Antonsen_Viktor_Axelsen_HSBC_BWF_WORLD_TOUR_FINALS_2020_Finals,data\clips_cropped_final\net_shot\set3_rally32_ball2.0.mp4,net_shot,POSE_INSUFFICIENT,0.0,0.687,data\pose_features_final\net_shot\set3_rally32_ball2.0.npy
Anders_Antonsen_Viktor_Axelsen_HSBC_BWF_WORLD_TOUR_FINALS_2020_Finals,data\clips_cropped_final\net_shot\set3_rally33_ball24.0.mp4,net_shot,OK,1.0,1.0,data\pose_features_final\net_shot\set3_rally33_ball24.0.npy
Anders_Antonsen_Viktor_Axelsen_HSBC_BWF_WORLD_TOUR_FINALS_2020_Finals,data\clips_cropped_final\net_shot\set3_rally33_ball28.0.mp4,net_shot,OK,1.0,1.0,data\pose_features_final\net_shot\set3_rally33_ball28.0.npy
Anders_Antonsen_Viktor_Axelsen_HSBC_BWF_WORLD_TOUR_FINALS_2020_Finals,data\clips_cropped_final\net_shot\set3_rally33_ball29.0.mp4,net_shot,OK,1.0,1.0,data\pose_features_final\net_shot\set3_rally33_ball29.0.npy
Anders_Antonsen_Viktor_Axelsen_HSBC_BWF_WORLD_TOUR_FINALS_2020_Finals,data\clips_cropped_final\net_shot\set3_rally33_ball9.0.mp4,net_shot,OK,1.0,1.0,data\pose_features_final\net_shot\set3_rally33_ball9.0.npy
Anders_Antonsen_Viktor_Axelsen_HSBC_BWF_WORLD_TOUR_FINALS_2020_Finals,data\clips_cropped_final\net_shot\set3_rally35_ball18.0.mp4,net_shot,OK,1.0,1.0,data\pose_features_final\net_shot\set3_rally35_ball18.0.npy
Anders_Antonsen_Viktor_Axelsen_HSBC_BWF_WORLD_TOUR_FINALS_2020_Finals,data\clips_cropped_final\net_shot\set3_rally35_ball4.0.mp4,net_shot,OK,1.0,0.821,data\pose_features_final\net_shot\set3_rally35_ball4.0.npy
Anders_Antonsen_Viktor_Axelsen_HSBC_BWF_WORLD_TOUR_FINALS_2020_Finals,data\clips_cropped_final\net_shot\set3_rally35_ball5.0.mp4,net_shot,OK,1.0,1.0,data\pose_features_final\net_shot\set3_rally35_ball5.0.npy
Anders_Antonsen_Viktor_Axelsen_HSBC_BWF_WORLD_TOUR_FINALS_2020_Finals,data\clips_cropped_final\net_shot\set3_rally36_ball5.0.mp4,net_shot,OK,1.0,1.0,data\pose_features_final\net_shot\set3_rally36_ball5.0.npy
Anders_Antonsen_Viktor_Axelsen_HSBC_BWF_WORLD_TOUR_FINALS_2020_Finals,data\clips_cropped_final\net_shot\set3_rally4_ball10.0.mp4,net_shot,OK,1.0,1.0,data\pose_features_final\net_shot\set3_rally4_ball10.0.npy
Anders_Antonsen_Viktor_Axelsen_HSBC_BWF_WORLD_TOUR_FINALS_2020_Finals,data\clips_cropped_final\net_shot\set3_rally4_ball11.0.mp4,net_shot,OK,1.0,1.0,data\pose_features_final\net_shot\set3_rally4_ball11.0.npy
Anders_Antonsen_Viktor_Axelsen_HSBC_BWF_WORLD_TOUR_FINALS_2020_Finals,data\clips_cropped_final\net_shot\set3_rally4_ball5.0.mp4,net_shot,OK,1.0,1.0,data\pose_features_final\net_shot\set3_rally4_ball5.0.npy
Anders_Antonsen_Viktor_Axelsen_HSBC_BWF_WORLD_TOUR_FINALS_2020_Finals,data\clips_cropped_final\net_shot\set3_rally4_ball6.0.mp4,net_shot,OK,1.0,1.0,data\pose_features_final\net_shot\set3_rally4_ball6.0.npy
Anders_Antonsen_Viktor_Axelsen_HSBC_BWF_WORLD_TOUR_FINALS_2020_Finals,data\clips_cropped_final\net_shot\set3_rally5_ball2.0.mp4,net_shot,OK,1.0,1.0,data\pose_features_final\net_shot\set3_rally5_ball2.0.npy
Anders_Antonsen_Viktor_Axelsen_HSBC_BWF_WORLD_TOUR_FINALS_2020_Finals,data\clips_cropped_final\net_shot\set3_rally5_ball5.0.mp4,net_shot,OK,1.0,1.0,data\pose_features_final\net_shot\set3_rally5_ball5.0.npy
Anders_Antonsen_Viktor_Axelsen_HSBC_BWF_WORLD_TOUR_FINALS_2020_Finals,data\clips_cropped_final\net_shot\set3_rally7_ball2.0.mp4,net_shot,POSE_INSUFFICIENT,0.582,0.582,data\pose_features_final\net_shot\set3_rally7_ball2.0.npy
Anders_Antonsen_Viktor_Axelsen_HSBC_BWF_WORLD_TOUR_FINALS_2020_Finals,data\clips_cropped_final\net_shot\set3_rally7_ball4.0.mp4,net_shot,POSE_INSUFFICIENT,0.194,0.209,data\pose_features_final\net_shot\set3_rally7_ball4.0.npy
Anders_Antonsen_Viktor_Axelsen_HSBC_BWF_WORLD_TOUR_FINALS_2020_Finals,data\clips_cropped_final\net_shot\set3_rally7_ball9.0.mp4,net_shot,OK,1.0,1.0,data\pose_features_final\net_shot\set3_rally7_ball9.0.npy
Anders_Antonsen_Viktor_Axelsen_HSBC_BWF_WORLD_TOUR_FINALS_2020_Finals,data\clips_cropped_final\net_shot\set3_rally8_ball17.0.mp4,net_shot,OK,1.0,1.0,data\pose_features_final\net_shot\set3_rally8_ball17.0.npy
Anders_Antonsen_Viktor_Axelsen_HSBC_BWF_WORLD_TOUR_FINALS_2020_Finals,data\clips_cropped_final\net_shot\set3_rally8_ball2.0.mp4,net_shot,OK,1.0,1.0,data\pose_features_final\net_shot\set3_rally8_ball2.0.npy
Anders_Antonsen_Viktor_Axelsen_HSBC_BWF_WORLD_TOUR_FINALS_2020_Finals,data\clips_cropped_final\net_shot\set3_rally8_ball8.0.mp4,net_shot,OK,0.97,0.97,data\pose_features_final\net_shot\set3_rally8_ball8.0.npy
Anders_Antonsen_Viktor_Axelsen_HSBC_BWF_WORLD_TOUR_FINALS_2020_Finals,data\clips_cropped_final\short_service\set1_rally10_ball1.0.mp4,short_service,OK,1.0,1.0,data\pose_features_final\short_service\set1_rally10_ball1.0.npy
Anders_Antonsen_Viktor_Axelsen_HSBC_BWF_WORLD_TOUR_FINALS_2020_Finals,data\clips_cropped_final\short_service\set1_rally11_ball1.0.mp4,short_service,OK,1.0,1.0,data\pose_features_final\short_service\set1_rally11_ball1.0.npy
Anders_Antonsen_Viktor_Axelsen_HSBC_BWF_WORLD_TOUR_FINALS_2020_Finals,data\clips_cropped_final\short_service\set1_rally14_ball1.0.mp4,short_service,POSE_INSUFFICIENT,0.636,0.636,data\pose_features_final\short_service\set1_rally14_ball1.0.npy
Anders_Antonsen_Viktor_Axelsen_HSBC_BWF_WORLD_TOUR_FINALS_2020_Finals,data\clips_cropped_final\short_service\set1_rally15_ball1.0.mp4,short_service,OK,1.0,0.0,data\pose_features_final\short_service\set1_rally15_ball1.0.npy
Anders_Antonsen_Viktor_Axelsen_HSBC_BWF_WORLD_TOUR_FINALS_2020_Finals,data\clips_cropped_final\short_service\set1_rally17_ball1.0.mp4,short_service,OK,1.0,1.0,data\pose_features_final\short_service\set1_rally17_ball1.0.npy
Anders_Antonsen_Viktor_Axelsen_HSBC_BWF_WORLD_TOUR_FINALS_2020_Finals,data\clips_cropped_final\short_service\set1_rally18_ball1.0.mp4,short_service,OK,1.0,0.0,data\pose_features_final\short_service\set1_rally18_ball1.0.npy
Anders_Antonsen_Viktor_Axelsen_HSBC_BWF_WORLD_TOUR_FINALS_2020_Finals,data\clips_cropped_final\short_service\set1_rally19_ball1.0.mp4,short_service,OK,1.0,0.394,data\pose_features_final\short_service\set1_rally19_ball1.0.npy
Anders_Antonsen_Viktor_Axelsen_HSBC_BWF_WORLD_TOUR_FINALS_2020_Finals,data\clips_cropped_final\short_service\set1_rally1_ball1.0.mp4,short_service,OK,1.0,1.0,data\pose_features_final\short_service\set1_rally1_ball1.0.npy
Anders_Antonsen_Viktor_Axelsen_HSBC_BWF_WORLD_TOUR_FINALS_2020_Finals,data\clips_cropped_final\short_service\set1_rally20_ball1.0.mp4,short_service,OK,1.0,0.212,data\pose_features_final\short_service\set1_rally20_ball1.0.npy
Anders_Antonsen_Viktor_Axelsen_HSBC_BWF_WORLD_TOUR_FINALS_2020_Finals,data\clips_cropped_final\short_service\set1_rally22_ball1.0.mp4,short_service,OK,1.0,0.212,data\pose_features_final\short_service\set1_rally22_ball1.0.npy
Anders_Antonsen_Viktor_Axelsen_HSBC_BWF_WORLD_TOUR_FINALS_2020_Finals,data\clips_cropped_final\short_service\set1_rally23_ball1.0.mp4,short_service,OK,1.0,0.0,data\pose_features_final\short_service\set1_rally23_ball1.0.npy
Anders_Antonsen_Viktor_Axelsen_HSBC_BWF_WORLD_TOUR_FINALS_2020_Finals,data\clips_cropped_final\short_service\set1_rally24_ball1.0.mp4,short_service,POSE_INSUFFICIENT,0.121,0.121,data\pose_features_final\short_service\set1_rally24_ball1.0.npy
Anders_Antonsen_Viktor_Axelsen_HSBC_BWF_WORLD_TOUR_FINALS_2020_Finals,data\clips_cropped_final\short_service\set1_rally25_ball1.0.mp4,short_service,OK,1.0,0.667,data\pose_features_final\short_service\set1_rally25_ball1.0.npy
Anders_Antonsen_Viktor_Axelsen_HSBC_BWF_WORLD_TOUR_FINALS_2020_Finals,data\clips_cropped_final\short_service\set1_rally32_ball1.0.mp4,short_service,OK,1.0,0.0,data\pose_features_final\short_service\set1_rally32_ball1.0.npy
Anders_Antonsen_Viktor_Axelsen_HSBC_BWF_WORLD_TOUR_FINALS_2020_Finals,data\clips_cropped_final\short_service\set1_rally35_ball1.0.mp4,short_service,OK,1.0,0.303,data\pose_features_final\short_service\set1_rally35_ball1.0.npy
Anders_Antonsen_Viktor_Axelsen_HSBC_BWF_WORLD_TOUR_FINALS_2020_Finals,data\clips_cropped_final\short_service\set1_rally37_ball1.0.mp4,short_service,OK,1.0,1.0,data\pose_features_final\short_service\set1_rally37_ball1.0.npy
Anders_Antonsen_Viktor_Axelsen_HSBC_BWF_WORLD_TOUR_FINALS_2020_Finals,data\clips_cropped_final\short_service\set1_rally4_ball1.0.mp4,short_service,OK,0.758,0.758,data\pose_features_final\short_service\set1_rally4_ball1.0.npy
Anders_Antonsen_Viktor_Axelsen_HSBC_BWF_WORLD_TOUR_FINALS_2020_Finals,data\clips_cropped_final\short_service\set1_rally5_ball1.0.mp4,short_service,OK,1.0,0.394,data\pose_features_final\short_service\set1_rally5_ball1.0.npy
Anders_Antonsen_Viktor_Axelsen_HSBC_BWF_WORLD_TOUR_FINALS_2020_Finals,data\clips_cropped_final\short_service\set1_rally7_ball1.0.mp4,short_service,OK,1.0,0.364,data\pose_features_final\short_service\set1_rally7_ball1.0.npy
Anders_Antonsen_Viktor_Axelsen_HSBC_BWF_WORLD_TOUR_FINALS_2020_Finals,data\clips_cropped_final\short_service\set2_rally12_ball1.0.mp4,short_service,OK,0.848,0.0,data\pose_features_final\short_service\set2_rally12_ball1.0.npy
Anders_Antonsen_Viktor_Axelsen_HSBC_BWF_WORLD_TOUR_FINALS_2020_Finals,data\clips_cropped_final\short_service\set2_rally13_ball1.0.mp4,short_service,OK,1.0,1.0,data\pose_features_final\short_service\set2_rally13_ball1.0.npy
Anders_Antonsen_Viktor_Axelsen_HSBC_BWF_WORLD_TOUR_FINALS_2020_Finals,data\clips_cropped_final\short_service\set2_rally16_ball1.0.mp4,short_service,OK,1.0,1.0,data\pose_features_final\short_service\set2_rally16_ball1.0.npy
Anders_Antonsen_Viktor_Axelsen_HSBC_BWF_WORLD_TOUR_FINALS_2020_Finals,data\clips_cropped_final\short_service\set2_rally17_ball1.0.mp4,short_service,OK,1.0,1.0,data\pose_features_final\short_service\set2_rally17_ball1.0.npy
Anders_Antonsen_Viktor_Axelsen_HSBC_BWF_WORLD_TOUR_FINALS_2020_Finals,data\clips_cropped_final\short_service\set2_rally1_ball1.0.mp4,short_service,OK,1.0,1.0,data\pose_features_final\short_service\set2_rally1_ball1.0.npy
Anders_Antonsen_Viktor_Axelsen_HSBC_BWF_WORLD_TOUR_FINALS_2020_Finals,data\clips_cropped_final\short_service\set2_rally20_ball1.0.mp4,short_service,OK,1.0,0.242,data\pose_features_final\short_service\set2_rally20_ball1.0.npy
Anders_Antonsen_Viktor_Axelsen_HSBC_BWF_WORLD_TOUR_FINALS_2020_Finals,data\clips_cropped_final\short_service\set2_rally21_ball1.0.mp4,short_service,OK,1.0,1.0,data\pose_features_final\short_service\set2_rally21_ball1.0.npy
Anders_Antonsen_Viktor_Axelsen_HSBC_BWF_WORLD_TOUR_FINALS_2020_Finals,data\clips_cropped_final\short_service\set2_rally22_ball1.0.mp4,short_service,OK,1.0,1.0,data\pose_features_final\short_service\set2_rally22_ball1.0.npy
Anders_Antonsen_Viktor_Axelsen_HSBC_BWF_WORLD_TOUR_FINALS_2020_Finals,data\clips_cropped_final\short_service\set2_rally24_ball1.0.mp4,short_service,OK,1.0,1.0,data\pose_features_final\short_service\set2_rally24_ball1.0.npy
Anders_Antonsen_Viktor_Axelsen_HSBC_BWF_WORLD_TOUR_FINALS_2020_Finals,data\clips_cropped_final\short_service\set2_rally3_ball1.0.mp4,short_service,OK,1.0,0.0,data\pose_features_final\short_service\set2_rally3_ball1.0.npy
Anders_Antonsen_Viktor_Axelsen_HSBC_BWF_WORLD_TOUR_FINALS_2020_Finals,data\clips_cropped_final\short_service\set2_rally4_ball1.0.mp4,short_service,OK,1.0,0.667,data\pose_features_final\short_service\set2_rally4_ball1.0.npy
Anders_Antonsen_Viktor_Axelsen_HSBC_BWF_WORLD_TOUR_FINALS_2020_Finals,data\clips_cropped_final\short_service\set2_rally6_ball1.0.mp4,short_service,POSE_INSUFFICIENT,0.515,0.455,data\pose_features_final\short_service\set2_rally6_ball1.0.npy
Anders_Antonsen_Viktor_Axelsen_HSBC_BWF_WORLD_TOUR_FINALS_2020_Finals,data\clips_cropped_final\short_service\set2_rally7_ball1.0.mp4,short_service,OK,1.0,1.0,data\pose_features_final\short_service\set2_rally7_ball1.0.npy
Anders_Antonsen_Viktor_Axelsen_HSBC_BWF_WORLD_TOUR_FINALS_2020_Finals,data\clips_cropped_final\short_service\set2_rally9_ball1.0.mp4,short_service,OK,1.0,1.0,data\pose_features_final\short_service\set2_rally9_ball1.0.npy
Anders_Antonsen_Viktor_Axelsen_HSBC_BWF_WORLD_TOUR_FINALS_2020_Finals,data\clips_cropped_final\short_service\set3_rally10_ball1.0.mp4,short_service,OK,1.0,1.0,data\pose_features_final\short_service\set3_rally10_ball1.0.npy
Anders_Antonsen_Viktor_Axelsen_HSBC_BWF_WORLD_TOUR_FINALS_2020_Finals,data\clips_cropped_final\short_service\set3_rally12_ball1.0.mp4,short_service,OK,1.0,0.0,data\pose_features_final\short_service\set3_rally12_ball1.0.npy
Anders_Antonsen_Viktor_Axelsen_HSBC_BWF_WORLD_TOUR_FINALS_2020_Finals,data\clips_cropped_final\short_service\set3_rally15_ball1.0.mp4,short_service,OK,1.0,0.364,data\pose_features_final\short_service\set3_rally15_ball1.0.npy
Anders_Antonsen_Viktor_Axelsen_HSBC_BWF_WORLD_TOUR_FINALS_2020_Finals,data\clips_cropped_final\short_service\set3_rally16_ball1.0.mp4,short_service,OK,1.0,0.0,data\pose_features_final\short_service\set3_rally16_ball1.0.npy
Anders_Antonsen_Viktor_Axelsen_HSBC_BWF_WORLD_TOUR_FINALS_2020_Finals,data\clips_cropped_final\short_service\set3_rally1_ball1.0.mp4,short_service,OK,1.0,1.0,data\pose_features_final\short_service\set3_rally1_ball1.0.npy
Anders_Antonsen_Viktor_Axelsen_HSBC_BWF_WORLD_TOUR_FINALS_2020_Finals,data\clips_cropped_final\short_service\set3_rally20_ball1.0.mp4,short_service,OK,1.0,1.0,data\pose_features_final\short_service\set3_rally20_ball1.0.npy
Anders_Antonsen_Viktor_Axelsen_HSBC_BWF_WORLD_TOUR_FINALS_2020_Finals,data\clips_cropped_final\short_service\set3_rally21_ball1.0.mp4,short_service,OK,1.0,1.0,data\pose_features_final\short_service\set3_rally21_ball1.0.npy
Anders_Antonsen_Viktor_Axelsen_HSBC_BWF_WORLD_TOUR_FINALS_2020_Finals,data\clips_cropped_final\short_service\set3_rally22_ball1.0.mp4,short_service,OK,1.0,1.0,data\pose_features_final\short_service\set3_rally22_ball1.0.npy
Anders_Antonsen_Viktor_Axelsen_HSBC_BWF_WORLD_TOUR_FINALS_2020_Finals,data\clips_cropped_final\short_service\set3_rally23_ball1.0.mp4,short_service,OK,1.0,1.0,data\pose_features_final\short_service\set3_rally23_ball1.0.npy
Anders_Antonsen_Viktor_Axelsen_HSBC_BWF_WORLD_TOUR_FINALS_2020_Finals,data\clips_cropped_final\short_service\set3_rally24_ball1.0.mp4,short_service,OK,1.0,1.0,data\pose_features_final\short_service\set3_rally24_ball1.0.npy
Anders_Antonsen_Viktor_Axelsen_HSBC_BWF_WORLD_TOUR_FINALS_2020_Finals,data\clips_cropped_final\short_service\set3_rally25_ball1.0.mp4,short_service,OK,1.0,1.0,data\pose_features_final\short_service\set3_rally25_ball1.0.npy
Anders_Antonsen_Viktor_Axelsen_HSBC_BWF_WORLD_TOUR_FINALS_2020_Finals,data\clips_cropped_final\short_service\set3_rally26_ball1.0.mp4,short_service,OK,1.0,0.424,data\pose_features_final\short_service\set3_rally26_ball1.0.npy
Anders_Antonsen_Viktor_Axelsen_HSBC_BWF_WORLD_TOUR_FINALS_2020_Finals,data\clips_cropped_final\short_service\set3_rally27_ball1.0.mp4,short_service,POSE_INSUFFICIENT,0.303,0.03,data\pose_features_final\short_service\set3_rally27_ball1.0.npy
Anders_Antonsen_Viktor_Axelsen_HSBC_BWF_WORLD_TOUR_FINALS_2020_Finals,data\clips_cropped_final\short_service\set3_rally2_ball1.0.mp4,short_service,OK,1.0,0.0,data\pose_features_final\short_service\set3_rally2_ball1.0.npy
Anders_Antonsen_Viktor_Axelsen_HSBC_BWF_WORLD_TOUR_FINALS_2020_Finals,data\clips_cropped_final\short_service\set3_rally31_ball1.0.mp4,short_service,OK,1.0,1.0,data\pose_features_final\short_service\set3_rally31_ball1.0.npy
Anders_Antonsen_Viktor_Axelsen_HSBC_BWF_WORLD_TOUR_FINALS_2020_Finals,data\clips_cropped_final\short_service\set3_rally32_ball1.0.mp4,short_service,OK,1.0,1.0,data\pose_features_final\short_service\set3_rally32_ball1.0.npy
Anders_Antonsen_Viktor_Axelsen_HSBC_BWF_WORLD_TOUR_FINALS_2020_Finals,data\clips_cropped_final\short_service\set3_rally34_ball1.0.mp4,short_service,OK,1.0,1.0,data\pose_features_final\short_service\set3_rally34_ball1.0.npy
Anders_Antonsen_Viktor_Axelsen_HSBC_BWF_WORLD_TOUR_FINALS_2020_Finals,data\clips_cropped_final\short_service\set3_rally36_ball1.0.mp4,short_service,OK,1.0,1.0,data\pose_features_final\short_service\set3_rally36_ball1.0.npy
Anders_Antonsen_Viktor_Axelsen_HSBC_BWF_WORLD_TOUR_FINALS_2020_Finals,data\clips_cropped_final\short_service\set3_rally38_ball1.0.mp4,short_service,OK,1.0,1.0,data\pose_features_final\short_service\set3_rally38_ball1.0.npy
Anders_Antonsen_Viktor_Axelsen_HSBC_BWF_WORLD_TOUR_FINALS_2020_Finals,data\clips_cropped_final\short_service\set3_rally4_ball1.0.mp4,short_service,OK,1.0,1.0,data\pose_features_final\short_service\set3_rally4_ball1.0.npy
Anders_Antonsen_Viktor_Axelsen_HSBC_BWF_WORLD_TOUR_FINALS_2020_Finals,data\clips_cropped_final\short_service\set3_rally5_ball1.0.mp4,short_service,OK,1.0,1.0,data\pose_features_final\short_service\set3_rally5_ball1.0.npy
Anders_Antonsen_Viktor_Axelsen_HSBC_BWF_WORLD_TOUR_FINALS_2020_Finals,data\clips_cropped_final\short_service\set3_rally7_ball1.0.mp4,short_service,POSE_INSUFFICIENT,0.576,0.636,data\pose_features_final\short_service\set3_rally7_ball1.0.npy
Anders_Antonsen_Viktor_Axelsen_HSBC_BWF_WORLD_TOUR_FINALS_2020_Finals,data\clips_cropped_final\short_service\set3_rally8_ball1.0.mp4,short_service,OK,1.0,0.0,data\pose_features_final\short_service\set3_rally8_ball1.0.npy
Anders_Antonsen_Viktor_Axelsen_HSBC_BWF_WORLD_TOUR_FINALS_2020_Finals,data\clips_cropped_final\short_service\set3_rally9_ball1.0.mp4,short_service,OK,1.0,1.0,data\pose_features_final\short_service\set3_rally9_ball1.0.npy
Anders_Antonsen_Viktor_Axelsen_HSBC_BWF_WORLD_TOUR_FINALS_2020_Finals,data\clips_cropped_final\smash\set1_rally12_ball18.0.mp4,smash,OK,1.0,1.0,data\pose_features_final\smash\set1_rally12_ball18.0.npy
Anders_Antonsen_Viktor_Axelsen_HSBC_BWF_WORLD_TOUR_FINALS_2020_Finals,data\clips_cropped_final\smash\set1_rally13_ball5.0.mp4,smash,OK,0.955,0.955,data\pose_features_final\smash\set1_rally13_ball5.0.npy
Anders_Antonsen_Viktor_Axelsen_HSBC_BWF_WORLD_TOUR_FINALS_2020_Finals,data\clips_cropped_final\smash\set1_rally15_ball16.0.mp4,smash,OK,1.0,1.0,data\pose_features_final\smash\set1_rally15_ball16.0.npy
Anders_Antonsen_Viktor_Axelsen_HSBC_BWF_WORLD_TOUR_FINALS_2020_Finals,data\clips_cropped_final\smash\set1_rally16_ball21.0.mp4,smash,OK,1.0,1.0,data\pose_features_final\smash\set1_rally16_ball21.0.npy
Anders_Antonsen_Viktor_Axelsen_HSBC_BWF_WORLD_TOUR_FINALS_2020_Finals,data\clips_cropped_final\smash\set1_rally19_ball9.0.mp4,smash,OK,1.0,0.896,data\pose_features_final\smash\set1_rally19_ball9.0.npy
Anders_Antonsen_Viktor_Axelsen_HSBC_BWF_WORLD_TOUR_FINALS_2020_Finals,data\clips_cropped_final\smash\set1_rally21_ball2.0.mp4,smash,OK,1.0,1.0,data\pose_features_final\smash\set1_rally21_ball2.0.npy
Anders_Antonsen_Viktor_Axelsen_HSBC_BWF_WORLD_TOUR_FINALS_2020_Finals,data\clips_cropped_final\smash\set1_rally22_ball7.0.mp4,smash,OK,1.0,1.0,data\pose_features_final\smash\set1_rally22_ball7.0.npy
Anders_Antonsen_Viktor_Axelsen_HSBC_BWF_WORLD_TOUR_FINALS_2020_Finals,data\clips_cropped_final\smash\set1_rally26_ball5.0.mp4,smash,OK,1.0,1.0,data\pose_features_final\smash\set1_rally26_ball5.0.npy
Anders_Antonsen_Viktor_Axelsen_HSBC_BWF_WORLD_TOUR_FINALS_2020_Finals,data\clips_cropped_final\smash\set1_rally28_ball7.0.mp4,smash,OK,0.94,0.896,data\pose_features_final\smash\set1_rally28_ball7.0.npy
Anders_Antonsen_Viktor_Axelsen_HSBC_BWF_WORLD_TOUR_FINALS_2020_Finals,data\clips_cropped_final\smash\set1_rally2_ball9.0.mp4,smash,OK,1.0,0.657,data\pose_features_final\smash\set1_rally2_ball9.0.npy
Anders_Antonsen_Viktor_Axelsen_HSBC_BWF_WORLD_TOUR_FINALS_2020_Finals,data\clips_cropped_final\smash\set1_rally30_ball2.0.mp4,smash,OK,1.0,1.0,data\pose_features_final\smash\set1_rally30_ball2.0.npy
Anders_Antonsen_Viktor_Axelsen_HSBC_BWF_WORLD_TOUR_FINALS_2020_Finals,data\clips_cropped_final\smash\set1_rally31_ball12.0.mp4,smash,OK,1.0,1.0,data\pose_features_final\smash\set1_rally31_ball12.0.npy
Anders_Antonsen_Viktor_Axelsen_HSBC_BWF_WORLD_TOUR_FINALS_2020_Finals,data\clips_cropped_final\smash\set1_rally32_ball21.0.mp4,smash,OK,1.0,1.0,data\pose_features_final\smash\set1_rally32_ball21.0.npy
Anders_Antonsen_Viktor_Axelsen_HSBC_BWF_WORLD_TOUR_FINALS_2020_Finals,data\clips_cropped_final\smash\set1_rally33_ball4.0.mp4,smash,OK,1.0,0.836,data\pose_features_final\smash\set1_rally33_ball4.0.npy
Anders_Antonsen_Viktor_Axelsen_HSBC_BWF_WORLD_TOUR_FINALS_2020_Finals,data\clips_cropped_final\smash\set1_rally34_ball21.0.mp4,smash,OK,1.0,0.821,data\pose_features_final\smash\set1_rally34_ball21.0.npy
Anders_Antonsen_Viktor_Axelsen_HSBC_BWF_WORLD_TOUR_FINALS_2020_Finals,data\clips_cropped_final\smash\set1_rally35_ball4.0.mp4,smash,OK,1.0,1.0,data\pose_features_final\smash\set1_rally35_ball4.0.npy
Anders_Antonsen_Viktor_Axelsen_HSBC_BWF_WORLD_TOUR_FINALS_2020_Finals,data\clips_cropped_final\smash\set1_rally37_ball10.0.mp4,smash,OK,1.0,0.731,data\pose_features_final\smash\set1_rally37_ball10.0.npy
Anders_Antonsen_Viktor_Axelsen_HSBC_BWF_WORLD_TOUR_FINALS_2020_Finals,data\clips_cropped_final\smash\set1_rally37_ball16.0.mp4,smash,OK,1.0,0.627,data\pose_features_final\smash\set1_rally37_ball16.0.npy
Anders_Antonsen_Viktor_Axelsen_HSBC_BWF_WORLD_TOUR_FINALS_2020_Finals,data\clips_cropped_final\smash\set1_rally37_ball5.0.mp4,smash,OK,1.0,1.0,data\pose_features_final\smash\set1_rally37_ball5.0.npy
Anders_Antonsen_Viktor_Axelsen_HSBC_BWF_WORLD_TOUR_FINALS_2020_Finals,data\clips_cropped_final\smash\set1_rally5_ball16.0.mp4,smash,OK,1.0,1.0,data\pose_features_final\smash\set1_rally5_ball16.0.npy
Anders_Antonsen_Viktor_Axelsen_HSBC_BWF_WORLD_TOUR_FINALS_2020_Finals,data\clips_cropped_final\smash\set1_rally5_ball22.0.mp4,smash,OK,1.0,1.0,data\pose_features_final\smash\set1_rally5_ball22.0.npy
Anders_Antonsen_Viktor_Axelsen_HSBC_BWF_WORLD_TOUR_FINALS_2020_Finals,data\clips_cropped_final\smash\set1_rally7_ball12.0.mp4,smash,OK,0.985,0.821,data\pose_features_final\smash\set1_rally7_ball12.0.npy
Anders_Antonsen_Viktor_Axelsen_HSBC_BWF_WORLD_TOUR_FINALS_2020_Finals,data\clips_cropped_final\smash\set1_rally9_ball5.0.mp4,smash,OK,1.0,0.836,data\pose_features_final\smash\set1_rally9_ball5.0.npy
Anders_Antonsen_Viktor_Axelsen_HSBC_BWF_WORLD_TOUR_FINALS_2020_Finals,data\clips_cropped_final\smash\set2_rally10_ball2.0.mp4,smash,OK,1.0,1.0,data\pose_features_final\smash\set2_rally10_ball2.0.npy
Anders_Antonsen_Viktor_Axelsen_HSBC_BWF_WORLD_TOUR_FINALS_2020_Finals,data\clips_cropped_final\smash\set2_rally11_ball2.0.mp4,smash,OK,0.985,0.985,data\pose_features_final\smash\set2_rally11_ball2.0.npy
Anders_Antonsen_Viktor_Axelsen_HSBC_BWF_WORLD_TOUR_FINALS_2020_Finals,data\clips_cropped_final\smash\set2_rally14_ball2.0.mp4,smash,OK,1.0,1.0,data\pose_features_final\smash\set2_rally14_ball2.0.npy
Anders_Antonsen_Viktor_Axelsen_HSBC_BWF_WORLD_TOUR_FINALS_2020_Finals,data\clips_cropped_final\smash\set2_rally14_ball8.0.mp4,smash,OK,1.0,1.0,data\pose_features_final\smash\set2_rally14_ball8.0.npy
Anders_Antonsen_Viktor_Axelsen_HSBC_BWF_WORLD_TOUR_FINALS_2020_Finals,data\clips_cropped_final\smash\set2_rally16_ball3.0.mp4,smash,OK,1.0,1.0,data\pose_features_final\smash\set2_rally16_ball3.0.npy
Anders_Antonsen_Viktor_Axelsen_HSBC_BWF_WORLD_TOUR_FINALS_2020_Finals,data\clips_cropped_final\smash\set2_rally18_ball5.0.mp4,smash,OK,1.0,0.881,data\pose_features_final\smash\set2_rally18_ball5.0.npy
Anders_Antonsen_Viktor_Axelsen_HSBC_BWF_WORLD_TOUR_FINALS_2020_Finals,data\clips_cropped_final\smash\set2_rally1_ball18.0.mp4,smash,OK,1.0,1.0,data\pose_features_final\smash\set2_rally1_ball18.0.npy
Anders_Antonsen_Viktor_Axelsen_HSBC_BWF_WORLD_TOUR_FINALS_2020_Finals,data\clips_cropped_final\smash\set2_rally1_ball3.0.mp4,smash,OK,1.0,1.0,data\pose_features_final\smash\set2_rally1_ball3.0.npy
Anders_Antonsen_Viktor_Axelsen_HSBC_BWF_WORLD_TOUR_FINALS_2020_Finals,data\clips_cropped_final\smash\set2_rally20_ball7.0.mp4,smash,OK,1.0,0.851,data\pose_features_final\smash\set2_rally20_ball7.0.npy
Anders_Antonsen_Viktor_Axelsen_HSBC_BWF_WORLD_TOUR_FINALS_2020_Finals,data\clips_cropped_final\smash\set2_rally23_ball4.0.mp4,smash,POSE_INSUFFICIENT,0.582,0.582,data\pose_features_final\smash\set2_rally23_ball4.0.npy
Anders_Antonsen_Viktor_Axelsen_HSBC_BWF_WORLD_TOUR_FINALS_2020_Finals,data\clips_cropped_final\smash\set2_rally6_ball4.0.mp4,smash,OK,1.0,1.0,data\pose_features_final\smash\set2_rally6_ball4.0.npy
Anders_Antonsen_Viktor_Axelsen_HSBC_BWF_WORLD_TOUR_FINALS_2020_Finals,data\clips_cropped_final\smash\set2_rally8_ball5.0.mp4,smash,OK,1.0,1.0,data\pose_features_final\smash\set2_rally8_ball5.0.npy
Anders_Antonsen_Viktor_Axelsen_HSBC_BWF_WORLD_TOUR_FINALS_2020_Finals,data\clips_cropped_final\smash\set3_rally10_ball5.0.mp4,smash,OK,0.985,1.0,data\pose_features_final\smash\set3_rally10_ball5.0.npy
Anders_Antonsen_Viktor_Axelsen_HSBC_BWF_WORLD_TOUR_FINALS_2020_Finals,data\clips_cropped_final\smash\set3_rally11_ball2.0.mp4,smash,OK,1.0,1.0,data\pose_features_final\smash\set3_rally11_ball2.0.npy
Anders_Antonsen_Viktor_Axelsen_HSBC_BWF_WORLD_TOUR_FINALS_2020_Finals,data\clips_cropped_final\smash\set3_rally12_ball7.0.mp4,smash,OK,1.0,0.896,data\pose_features_final\smash\set3_rally12_ball7.0.npy
Anders_Antonsen_Viktor_Axelsen_HSBC_BWF_WORLD_TOUR_FINALS_2020_Finals,data\clips_cropped_final\smash\set3_rally14_ball10.0.mp4,smash,OK,1.0,1.0,data\pose_features_final\smash\set3_rally14_ball10.0.npy
Anders_Antonsen_Viktor_Axelsen_HSBC_BWF_WORLD_TOUR_FINALS_2020_Finals,data\clips_cropped_final\smash\set3_rally14_ball17.0.mp4,smash,OK,1.0,0.716,data\pose_features_final\smash\set3_rally14_ball17.0.npy
Anders_Antonsen_Viktor_Axelsen_HSBC_BWF_WORLD_TOUR_FINALS_2020_Finals,data\clips_cropped_final\smash\set3_rally14_ball2.0.mp4,smash,OK,1.0,1.0,data\pose_features_final\smash\set3_rally14_ball2.0.npy
Anders_Antonsen_Viktor_Axelsen_HSBC_BWF_WORLD_TOUR_FINALS_2020_Finals,data\clips_cropped_final\smash\set3_rally16_ball6.0.mp4,smash,OK,0.866,1.0,data\pose_features_final\smash\set3_rally16_ball6.0.npy
Anders_Antonsen_Viktor_Axelsen_HSBC_BWF_WORLD_TOUR_FINALS_2020_Finals,data\clips_cropped_final\smash\set3_rally19_ball5.0.mp4,smash,OK,1.0,1.0,data\pose_features_final\smash\set3_rally19_ball5.0.npy
Anders_Antonsen_Viktor_Axelsen_HSBC_BWF_WORLD_TOUR_FINALS_2020_Finals,data\clips_cropped_final\smash\set3_rally19_ball9.0.mp4,smash,OK,1.0,1.0,data\pose_features_final\smash\set3_rally19_ball9.0.npy
Anders_Antonsen_Viktor_Axelsen_HSBC_BWF_WORLD_TOUR_FINALS_2020_Finals,data\clips_cropped_final\smash\set3_rally1_ball8.0.mp4,smash,OK,1.0,0.776,data\pose_features_final\smash\set3_rally1_ball8.0.npy
Anders_Antonsen_Viktor_Axelsen_HSBC_BWF_WORLD_TOUR_FINALS_2020_Finals,data\clips_cropped_final\smash\set3_rally21_ball13.0.mp4,smash,OK,1.0,0.836,data\pose_features_final\smash\set3_rally21_ball13.0.npy
Anders_Antonsen_Viktor_Axelsen_HSBC_BWF_WORLD_TOUR_FINALS_2020_Finals,data\clips_cropped_final\smash\set3_rally21_ball8.0.mp4,smash,OK,1.0,1.0,data\pose_features_final\smash\set3_rally21_ball8.0.npy
Anders_Antonsen_Viktor_Axelsen_HSBC_BWF_WORLD_TOUR_FINALS_2020_Finals,data\clips_cropped_final\smash\set3_rally22_ball9.0.mp4,smash,OK,1.0,1.0,data\pose_features_final\smash\set3_rally22_ball9.0.npy
Anders_Antonsen_Viktor_Axelsen_HSBC_BWF_WORLD_TOUR_FINALS_2020_Finals,data\clips_cropped_final\smash\set3_rally23_ball3.0.mp4,smash,OK,1.0,1.0,data\pose_features_final\smash\set3_rally23_ball3.0.npy
Anders_Antonsen_Viktor_Axelsen_HSBC_BWF_WORLD_TOUR_FINALS_2020_Finals,data\clips_cropped_final\smash\set3_rally25_ball9.0.mp4,smash,OK,1.0,1.0,data\pose_features_final\smash\set3_rally25_ball9.0.npy
Anders_Antonsen_Viktor_Axelsen_HSBC_BWF_WORLD_TOUR_FINALS_2020_Finals,data\clips_cropped_final\smash\set3_rally27_ball4.0.mp4,smash,POSE_INSUFFICIENT,0.313,0.776,data\pose_features_final\smash\set3_rally27_ball4.0.npy
Anders_Antonsen_Viktor_Axelsen_HSBC_BWF_WORLD_TOUR_FINALS_2020_Finals,data\clips_cropped_final\smash\set3_rally27_ball8.0.mp4,smash,OK,1.0,1.0,data\pose_features_final\smash\set3_rally27_ball8.0.npy
Anders_Antonsen_Viktor_Axelsen_HSBC_BWF_WORLD_TOUR_FINALS_2020_Finals,data\clips_cropped_final\smash\set3_rally28_ball6.0.mp4,smash,OK,1.0,1.0,data\pose_features_final\smash\set3_rally28_ball6.0.npy
Anders_Antonsen_Viktor_Axelsen_HSBC_BWF_WORLD_TOUR_FINALS_2020_Finals,data\clips_cropped_final\smash\set3_rally29_ball12.0.mp4,smash,OK,1.0,1.0,data\pose_features_final\smash\set3_rally29_ball12.0.npy
Anders_Antonsen_Viktor_Axelsen_HSBC_BWF_WORLD_TOUR_FINALS_2020_Finals,data\clips_cropped_final\smash\set3_rally29_ball17.0.mp4,smash,OK,1.0,0.716,data\pose_features_final\smash\set3_rally29_ball17.0.npy
Anders_Antonsen_Viktor_Axelsen_HSBC_BWF_WORLD_TOUR_FINALS_2020_Finals,data\clips_cropped_final\smash\set3_rally29_ball8.0.mp4,smash,OK,0.985,0.985,data\pose_features_final\smash\set3_rally29_ball8.0.npy
Anders_Antonsen_Viktor_Axelsen_HSBC_BWF_WORLD_TOUR_FINALS_2020_Finals,data\clips_cropped_final\smash\set3_rally30_ball8.0.mp4,smash,OK,1.0,1.0,data\pose_features_final\smash\set3_rally30_ball8.0.npy
Anders_Antonsen_Viktor_Axelsen_HSBC_BWF_WORLD_TOUR_FINALS_2020_Finals,data\clips_cropped_final\smash\set3_rally31_ball10.0.mp4,smash,OK,1.0,0.896,data\pose_features_final\smash\set3_rally31_ball10.0.npy
Anders_Antonsen_Viktor_Axelsen_HSBC_BWF_WORLD_TOUR_FINALS_2020_Finals,data\clips_cropped_final\smash\set3_rally31_ball4.0.mp4,smash,OK,1.0,0.925,data\pose_features_final\smash\set3_rally31_ball4.0.npy
Anders_Antonsen_Viktor_Axelsen_HSBC_BWF_WORLD_TOUR_FINALS_2020_Finals,data\clips_cropped_final\smash\set3_rally33_ball17.0.mp4,smash,OK,1.0,0.642,data\pose_features_final\smash\set3_rally33_ball17.0.npy
Anders_Antonsen_Viktor_Axelsen_HSBC_BWF_WORLD_TOUR_FINALS_2020_Finals,data\clips_cropped_final\smash\set3_rally33_ball2.0.mp4,smash,OK,1.0,1.0,data\pose_features_final\smash\set3_rally33_ball2.0.npy
Anders_Antonsen_Viktor_Axelsen_HSBC_BWF_WORLD_TOUR_FINALS_2020_Finals,data\clips_cropped_final\smash\set3_rally33_ball31.0.mp4,smash,OK,1.0,1.0,data\pose_features_final\smash\set3_rally33_ball31.0.npy
Anders_Antonsen_Viktor_Axelsen_HSBC_BWF_WORLD_TOUR_FINALS_2020_Finals,data\clips_cropped_final\smash\set3_rally33_ball35.0.mp4,smash,OK,1.0,1.0,data\pose_features_final\smash\set3_rally33_ball35.0.npy
Anders_Antonsen_Viktor_Axelsen_HSBC_BWF_WORLD_TOUR_FINALS_2020_Finals,data\clips_cropped_final\smash\set3_rally33_ball5.0.mp4,smash,OK,1.0,1.0,data\pose_features_final\smash\set3_rally33_ball5.0.npy
Anders_Antonsen_Viktor_Axelsen_HSBC_BWF_WORLD_TOUR_FINALS_2020_Finals,data\clips_cropped_final\smash\set3_rally35_ball11.0.mp4,smash,OK,1.0,1.0,data\pose_features_final\smash\set3_rally35_ball11.0.npy
Anders_Antonsen_Viktor_Axelsen_HSBC_BWF_WORLD_TOUR_FINALS_2020_Finals,data\clips_cropped_final\smash\set3_rally35_ball14.0.mp4,smash,OK,1.0,0.836,data\pose_features_final\smash\set3_rally35_ball14.0.npy
Anders_Antonsen_Viktor_Axelsen_HSBC_BWF_WORLD_TOUR_FINALS_2020_Finals,data\clips_cropped_final\smash\set3_rally35_ball2.0.mp4,smash,OK,1.0,0.925,data\pose_features_final\smash\set3_rally35_ball2.0.npy
Anders_Antonsen_Viktor_Axelsen_HSBC_BWF_WORLD_TOUR_FINALS_2020_Finals,data\clips_cropped_final\smash\set3_rally35_ball20.0.mp4,smash,OK,1.0,0.881,data\pose_features_final\smash\set3_rally35_ball20.0.npy
Anders_Antonsen_Viktor_Axelsen_HSBC_BWF_WORLD_TOUR_FINALS_2020_Finals,data\clips_cropped_final\smash\set3_rally35_ball24.0.mp4,smash,OK,1.0,1.0,data\pose_features_final\smash\set3_rally35_ball24.0.npy
Anders_Antonsen_Viktor_Axelsen_HSBC_BWF_WORLD_TOUR_FINALS_2020_Finals,data\clips_cropped_final\smash\set3_rally35_ball7.0.mp4,smash,OK,0.896,0.896,data\pose_features_final\smash\set3_rally35_ball7.0.npy
Anders_Antonsen_Viktor_Axelsen_HSBC_BWF_WORLD_TOUR_FINALS_2020_Finals,data\clips_cropped_final\smash\set3_rally36_ball3.0.mp4,smash,OK,1.0,1.0,data\pose_features_final\smash\set3_rally36_ball3.0.npy
Anders_Antonsen_Viktor_Axelsen_HSBC_BWF_WORLD_TOUR_FINALS_2020_Finals,data\clips_cropped_final\smash\set3_rally36_ball7.0.mp4,smash,OK,1.0,1.0,data\pose_features_final\smash\set3_rally36_ball7.0.npy
Anders_Antonsen_Viktor_Axelsen_HSBC_BWF_WORLD_TOUR_FINALS_2020_Finals,data\clips_cropped_final\smash\set3_rally37_ball7.0.mp4,smash,OK,1.0,1.0,data\pose_features_final\smash\set3_rally37_ball7.0.npy
Anders_Antonsen_Viktor_Axelsen_HSBC_BWF_WORLD_TOUR_FINALS_2020_Finals,data\clips_cropped_final\smash\set3_rally37_ball9.0.mp4,smash,OK,1.0,1.0,data\pose_features_final\smash\set3_rally37_ball9.0.npy
Anders_Antonsen_Viktor_Axelsen_HSBC_BWF_WORLD_TOUR_FINALS_2020_Finals,data\clips_cropped_final\smash\set3_rally3_ball2.0.mp4,smash,OK,1.0,1.0,data\pose_features_final\smash\set3_rally3_ball2.0.npy
Anders_Antonsen_Viktor_Axelsen_HSBC_BWF_WORLD_TOUR_FINALS_2020_Finals,data\clips_cropped_final\smash\set3_rally4_ball13.0.mp4,smash,OK,1.0,1.0,data\pose_features_final\smash\set3_rally4_ball13.0.npy
Anders_Antonsen_Viktor_Axelsen_HSBC_BWF_WORLD_TOUR_FINALS_2020_Finals,data\clips_cropped_final\smash\set3_rally4_ball3.0.mp4,smash,OK,1.0,1.0,data\pose_features_final\smash\set3_rally4_ball3.0.npy
Anders_Antonsen_Viktor_Axelsen_HSBC_BWF_WORLD_TOUR_FINALS_2020_Finals,data\clips_cropped_final\smash\set3_rally6_ball4.0.mp4,smash,OK,0.806,0.597,data\pose_features_final\smash\set3_rally6_ball4.0.npy
Anders_Antonsen_Viktor_Axelsen_HSBC_BWF_WORLD_TOUR_FINALS_2020_Finals,data\clips_cropped_final\smash\set3_rally6_ball6.0.mp4,smash,OK,1.0,0.522,data\pose_features_final\smash\set3_rally6_ball6.0.npy
Anders_Antonsen_Viktor_Axelsen_HSBC_BWF_WORLD_TOUR_FINALS_2020_Finals,data\clips_cropped_final\smash\set3_rally7_ball11.0.mp4,smash,OK,1.0,0.94,data\pose_features_final\smash\set3_rally7_ball11.0.npy
Anders_Antonsen_Viktor_Axelsen_HSBC_BWF_WORLD_TOUR_FINALS_2020_Finals,data\clips_cropped_final\smash\set3_rally7_ball7.0.mp4,smash,OK,1.0,1.0,data\pose_features_final\smash\set3_rally7_ball7.0.npy
Anders_Antonsen_Viktor_Axelsen_HSBC_BWF_WORLD_TOUR_FINALS_2020_Finals,data\clips_cropped_final\smash\set3_rally8_ball10.0.mp4,smash,POSE_INSUFFICIENT,0.194,0.299,data\pose_features_final\smash\set3_rally8_ball10.0.npy
Anders_ANTONSEN_Jonatan_CHRISTIE Indonesia_Masters_2020_QuarterFinals,data/clips_cropped_multi\Anders_ANTONSEN_Jonatan_CHRISTIE Indonesia_Masters_2020_QuarterFinals\clear\set1_rally17_ball11.0.mp4,clear,OK,1.0,0.768,data/pose_features_multi\Anders_ANTONSEN_Jonatan_CHRISTIE Indonesia_Masters_2020_QuarterFinals\clear\set1_rally17_ball11.0.npy
Anders_ANTONSEN_Jonatan_CHRISTIE Indonesia_Masters_2020_QuarterFinals,data/clips_cropped_multi\Anders_ANTONSEN_Jonatan_CHRISTIE Indonesia_Masters_2020_QuarterFinals\clear\set1_rally17_ball4.0.mp4,clear,OK,1.0,1.0,data/pose_features_multi\Anders_ANTONSEN_Jonatan_CHRISTIE Indonesia_Masters_2020_QuarterFinals\clear\set1_rally17_ball4.0.npy
Anders_ANTONSEN_Jonatan_CHRISTIE Indonesia_Masters_2020_QuarterFinals,data/clips_cropped_multi\Anders_ANTONSEN_Jonatan_CHRISTIE Indonesia_Masters_2020_QuarterFinals\clear\set1_rally18_ball9.0.mp4,clear,OK,1.0,1.0,data/pose_features_multi\Anders_ANTONSEN_Jonatan_CHRISTIE Indonesia_Masters_2020_QuarterFinals\clear\set1_rally18_ball9.0.npy
Anders_ANTONSEN_Jonatan_CHRISTIE Indonesia_Masters_2020_QuarterFinals,data/clips_cropped_multi\Anders_ANTONSEN_Jonatan_CHRISTIE Indonesia_Masters_2020_QuarterFinals\clear\set1_rally21_ball10.0.mp4,clear,OK,1.0,0.893,data/pose_features_multi\Anders_ANTONSEN_Jonatan_CHRISTIE Indonesia_Masters_2020_QuarterFinals\clear\set1_rally21_ball10.0.npy
Anders_ANTONSEN_Jonatan_CHRISTIE Indonesia_Masters_2020_QuarterFinals,data/clips_cropped_multi\Anders_ANTONSEN_Jonatan_CHRISTIE Indonesia_Masters_2020_QuarterFinals\clear\set1_rally21_ball27.0.mp4,clear,OK,1.0,1.0,data/pose_features_multi\Anders_ANTONSEN_Jonatan_CHRISTIE Indonesia_Masters_2020_QuarterFinals\clear\set1_rally21_ball27.0.npy
Anders_ANTONSEN_Jonatan_CHRISTIE Indonesia_Masters_2020_QuarterFinals,data/clips_cropped_multi\Anders_ANTONSEN_Jonatan_CHRISTIE Indonesia_Masters_2020_QuarterFinals\clear\set1_rally21_ball28.0.mp4,clear,OK,1.0,1.0,data/pose_features_multi\Anders_ANTONSEN_Jonatan_CHRISTIE Indonesia_Masters_2020_QuarterFinals\clear\set1_rally21_ball28.0.npy
Anders_ANTONSEN_Jonatan_CHRISTIE Indonesia_Masters_2020_QuarterFinals,data/clips_cropped_multi\Anders_ANTONSEN_Jonatan_CHRISTIE Indonesia_Masters_2020_QuarterFinals\clear\set1_rally25_ball24.0.mp4,clear,OK,1.0,0.821,data/pose_features_multi\Anders_ANTONSEN_Jonatan_CHRISTIE Indonesia_Masters_2020_QuarterFinals\clear\set1_rally25_ball24.0.npy
Anders_ANTONSEN_Jonatan_CHRISTIE Indonesia_Masters_2020_QuarterFinals,data/clips_cropped_multi\Anders_ANTONSEN_Jonatan_CHRISTIE Indonesia_Masters_2020_QuarterFinals\clear\set1_rally25_ball32.0.mp4,clear,OK,1.0,1.0,data/pose_features_multi\Anders_ANTONSEN_Jonatan_CHRISTIE Indonesia_Masters_2020_QuarterFinals\clear\set1_rally25_ball32.0.npy
Anders_ANTONSEN_Jonatan_CHRISTIE Indonesia_Masters_2020_QuarterFinals,data/clips_cropped_multi\Anders_ANTONSEN_Jonatan_CHRISTIE Indonesia_Masters_2020_QuarterFinals\clear\set1_rally25_ball33.0.mp4,clear,OK,0.875,0.875,data/pose_features_multi\Anders_ANTONSEN_Jonatan_CHRISTIE Indonesia_Masters_2020_QuarterFinals\clear\set1_rally25_ball33.0.npy
Anders_ANTONSEN_Jonatan_CHRISTIE Indonesia_Masters_2020_QuarterFinals,data/clips_cropped_multi\Anders_ANTONSEN_Jonatan_CHRISTIE Indonesia_Masters_2020_QuarterFinals\clear\set1_rally27_ball7.0.mp4,clear,OK,1.0,0.893,data/pose_features_multi\Anders_ANTONSEN_Jonatan_CHRISTIE Indonesia_Masters_2020_QuarterFinals\clear\set1_rally27_ball7.0.npy
Anders_ANTONSEN_Jonatan_CHRISTIE Indonesia_Masters_2020_QuarterFinals,data/clips_cropped_multi\Anders_ANTONSEN_Jonatan_CHRISTIE Indonesia_Masters_2020_QuarterFinals\clear\set1_rally32_ball4.0.mp4,clear,OK,1.0,1.0,data/pose_features_multi\Anders_ANTONSEN_Jonatan_CHRISTIE Indonesia_Masters_2020_QuarterFinals\clear\set1_rally32_ball4.0.npy
Anders_ANTONSEN_Jonatan_CHRISTIE Indonesia_Masters_2020_QuarterFinals,data/clips_cropped_multi\Anders_ANTONSEN_Jonatan_CHRISTIE Indonesia_Masters_2020_QuarterFinals\clear\set1_rally34_ball7.0.mp4,clear,OK,1.0,1.0,data/pose_features_multi\Anders_ANTONSEN_Jonatan_CHRISTIE Indonesia_Masters_2020_QuarterFinals\clear\set1_rally34_ball7.0.npy
Anders_ANTONSEN_Jonatan_CHRISTIE Indonesia_Masters_2020_QuarterFinals,data/clips_cropped_multi\Anders_ANTONSEN_Jonatan_CHRISTIE Indonesia_Masters_2020_QuarterFinals\clear\set1_rally35_ball8.0.mp4,clear,OK,1.0,1.0,data/pose_features_multi\Anders_ANTONSEN_Jonatan_CHRISTIE Indonesia_Masters_2020_QuarterFinals\clear\set1_rally35_ball8.0.npy
Anders_ANTONSEN_Jonatan_CHRISTIE Indonesia_Masters_2020_QuarterFinals,data/clips_cropped_multi\Anders_ANTONSEN_Jonatan_CHRISTIE Indonesia_Masters_2020_QuarterFinals\clear\set1_rally8_ball8.0.mp4,clear,OK,0.786,0.786,data/pose_features_multi\Anders_ANTONSEN_Jonatan_CHRISTIE Indonesia_Masters_2020_QuarterFinals\clear\set1_rally8_ball8.0.npy
Anders_ANTONSEN_Jonatan_CHRISTIE Indonesia_Masters_2020_QuarterFinals,data/clips_cropped_multi\Anders_ANTONSEN_Jonatan_CHRISTIE Indonesia_Masters_2020_QuarterFinals\clear\set2_rally12_ball15.0.mp4,clear,OK,1.0,0.75,data/pose_features_multi\Anders_ANTONSEN_Jonatan_CHRISTIE Indonesia_Masters_2020_QuarterFinals\clear\set2_rally12_ball15.0.npy
Anders_ANTONSEN_Jonatan_CHRISTIE Indonesia_Masters_2020_QuarterFinals,data/clips_cropped_multi\Anders_ANTONSEN_Jonatan_CHRISTIE Indonesia_Masters_2020_QuarterFinals\clear\set2_rally12_ball28.0.mp4,clear,OK,0.964,0.964,data/pose_features_multi\Anders_ANTONSEN_Jonatan_CHRISTIE Indonesia_Masters_2020_QuarterFinals\clear\set2_rally12_ball28.0.npy
Anders_ANTONSEN_Jonatan_CHRISTIE Indonesia_Masters_2020_QuarterFinals,data/clips_cropped_multi\Anders_ANTONSEN_Jonatan_CHRISTIE Indonesia_Masters_2020_QuarterFinals\clear\set2_rally13_ball10.0.mp4,clear,OK,0.768,0.768,data/pose_features_multi\Anders_ANTONSEN_Jonatan_CHRISTIE Indonesia_Masters_2020_QuarterFinals\clear\set2_rally13_ball10.0.npy
Anders_ANTONSEN_Jonatan_CHRISTIE Indonesia_Masters_2020_QuarterFinals,data/clips_cropped_multi\Anders_ANTONSEN_Jonatan_CHRISTIE Indonesia_Masters_2020_QuarterFinals\clear\set2_rally13_ball2.0.mp4,clear,OK,1.0,1.0,data/pose_features_multi\Anders_ANTONSEN_Jonatan_CHRISTIE Indonesia_Masters_2020_QuarterFinals\clear\set2_rally13_ball2.0.npy
Anders_ANTONSEN_Jonatan_CHRISTIE Indonesia_Masters_2020_QuarterFinals,data/clips_cropped_multi\Anders_ANTONSEN_Jonatan_CHRISTIE Indonesia_Masters_2020_QuarterFinals\clear\set2_rally14_ball13.0.mp4,clear,POSE_INSUFFICIENT,0.536,0.339,data/pose_features_multi\Anders_ANTONSEN_Jonatan_CHRISTIE Indonesia_Masters_2020_QuarterFinals\clear\set2_rally14_ball13.0.npy
Anders_ANTONSEN_Jonatan_CHRISTIE Indonesia_Masters_2020_QuarterFinals,data/clips_cropped_multi\Anders_ANTONSEN_Jonatan_CHRISTIE Indonesia_Masters_2020_QuarterFinals\clear\set2_rally14_ball14.0.mp4,clear,POSE_INSUFFICIENT,0.375,0.375,data/pose_features_multi\Anders_ANTONSEN_Jonatan_CHRISTIE Indonesia_Masters_2020_QuarterFinals\clear\set2_rally14_ball14.0.npy
Anders_ANTONSEN_Jonatan_CHRISTIE Indonesia_Masters_2020_QuarterFinals,data/clips_cropped_multi\Anders_ANTONSEN_Jonatan_CHRISTIE Indonesia_Masters_2020_QuarterFinals\clear\set2_rally29_ball2.0.mp4,clear,OK,0.839,0.393,data/pose_features_multi\Anders_ANTONSEN_Jonatan_CHRISTIE Indonesia_Masters_2020_QuarterFinals\clear\set2_rally29_ball2.0.npy
Anders_ANTONSEN_Jonatan_CHRISTIE Indonesia_Masters_2020_QuarterFinals,data/clips_cropped_multi\Anders_ANTONSEN_Jonatan_CHRISTIE Indonesia_Masters_2020_QuarterFinals\clear\set2_rally2_ball6.0.mp4,clear,OK,1.0,0.732,data/pose_features_multi\Anders_ANTONSEN_Jonatan_CHRISTIE Indonesia_Masters_2020_QuarterFinals\clear\set2_rally2_ball6.0.npy
Anders_ANTONSEN_Jonatan_CHRISTIE Indonesia_Masters_2020_QuarterFinals,data/clips_cropped_multi\Anders_ANTONSEN_Jonatan_CHRISTIE Indonesia_Masters_2020_QuarterFinals\clear\set2_rally30_ball3.0.mp4,clear,OK,1.0,1.0,data/pose_features_multi\Anders_ANTONSEN_Jonatan_CHRISTIE Indonesia_Masters_2020_QuarterFinals\clear\set2_rally30_ball3.0.npy
Anders_ANTONSEN_Jonatan_CHRISTIE Indonesia_Masters_2020_QuarterFinals,data/clips_cropped_multi\Anders_ANTONSEN_Jonatan_CHRISTIE Indonesia_Masters_2020_QuarterFinals\clear\set3_rally11_ball16.0.mp4,clear,OK,0.946,0.696,data/pose_features_multi\Anders_ANTONSEN_Jonatan_CHRISTIE Indonesia_Masters_2020_QuarterFinals\clear\set3_rally11_ball16.0.npy
Anders_ANTONSEN_Jonatan_CHRISTIE Indonesia_Masters_2020_QuarterFinals,data/clips_cropped_multi\Anders_ANTONSEN_Jonatan_CHRISTIE Indonesia_Masters_2020_QuarterFinals\clear\set3_rally11_ball23.0.mp4,clear,OK,0.893,0.893,data/pose_features_multi\Anders_ANTONSEN_Jonatan_CHRISTIE Indonesia_Masters_2020_QuarterFinals\clear\set3_rally11_ball23.0.npy
Anders_ANTONSEN_Jonatan_CHRISTIE Indonesia_Masters_2020_QuarterFinals,data/clips_cropped_multi\Anders_ANTONSEN_Jonatan_CHRISTIE Indonesia_Masters_2020_QuarterFinals\clear\set3_rally11_ball24.0.mp4,clear,OK,1.0,0.821,data/pose_features_multi\Anders_ANTONSEN_Jonatan_CHRISTIE Indonesia_Masters_2020_QuarterFinals\clear\set3_rally11_ball24.0.npy
Anders_ANTONSEN_Jonatan_CHRISTIE Indonesia_Masters_2020_QuarterFinals,data/clips_cropped_multi\Anders_ANTONSEN_Jonatan_CHRISTIE Indonesia_Masters_2020_QuarterFinals\clear\set3_rally11_ball28.0.mp4,clear,OK,1.0,0.982,data/pose_features_multi\Anders_ANTONSEN_Jonatan_CHRISTIE Indonesia_Masters_2020_QuarterFinals\clear\set3_rally11_ball28.0.npy
Anders_ANTONSEN_Jonatan_CHRISTIE Indonesia_Masters_2020_QuarterFinals,data/clips_cropped_multi\Anders_ANTONSEN_Jonatan_CHRISTIE Indonesia_Masters_2020_QuarterFinals\clear\set3_rally11_ball32.0.mp4,clear,OK,1.0,0.732,data/pose_features_multi\Anders_ANTONSEN_Jonatan_CHRISTIE Indonesia_Masters_2020_QuarterFinals\clear\set3_rally11_ball32.0.npy
Anders_ANTONSEN_Jonatan_CHRISTIE Indonesia_Masters_2020_QuarterFinals,data/clips_cropped_multi\Anders_ANTONSEN_Jonatan_CHRISTIE Indonesia_Masters_2020_QuarterFinals\clear\set3_rally13_ball4.0.mp4,clear,OK,1.0,1.0,data/pose_features_multi\Anders_ANTONSEN_Jonatan_CHRISTIE Indonesia_Masters_2020_QuarterFinals\clear\set3_rally13_ball4.0.npy
Anders_ANTONSEN_Jonatan_CHRISTIE Indonesia_Masters_2020_QuarterFinals,data/clips_cropped_multi\Anders_ANTONSEN_Jonatan_CHRISTIE Indonesia_Masters_2020_QuarterFinals\clear\set3_rally13_ball5.0.mp4,clear,OK,1.0,1.0,data/pose_features_multi\Anders_ANTONSEN_Jonatan_CHRISTIE Indonesia_Masters_2020_QuarterFinals\clear\set3_rally13_ball5.0.npy
Anders_ANTONSEN_Jonatan_CHRISTIE Indonesia_Masters_2020_QuarterFinals,data/clips_cropped_multi\Anders_ANTONSEN_Jonatan_CHRISTIE Indonesia_Masters_2020_QuarterFinals\clear\set3_rally14_ball13.0.mp4,clear,OK,1.0,1.0,data/pose_features_multi\Anders_ANTONSEN_Jonatan_CHRISTIE Indonesia_Masters_2020_QuarterFinals\clear\set3_rally14_ball13.0.npy
Anders_ANTONSEN_Jonatan_CHRISTIE Indonesia_Masters_2020_QuarterFinals,data/clips_cropped_multi\Anders_ANTONSEN_Jonatan_CHRISTIE Indonesia_Masters_2020_QuarterFinals\clear\set3_rally14_ball14.0.mp4,clear,OK,1.0,0.893,data/pose_features_multi\Anders_ANTONSEN_Jonatan_CHRISTIE Indonesia_Masters_2020_QuarterFinals\clear\set3_rally14_ball14.0.npy
Anders_ANTONSEN_Jonatan_CHRISTIE Indonesia_Masters_2020_QuarterFinals,data/clips_cropped_multi\Anders_ANTONSEN_Jonatan_CHRISTIE Indonesia_Masters_2020_QuarterFinals\clear\set3_rally14_ball3.0.mp4,clear,OK,1.0,1.0,data/pose_features_multi\Anders_ANTONSEN_Jonatan_CHRISTIE Indonesia_Masters_2020_QuarterFinals\clear\set3_rally14_ball3.0.npy
Anders_ANTONSEN_Jonatan_CHRISTIE Indonesia_Masters_2020_QuarterFinals,data/clips_cropped_multi\Anders_ANTONSEN_Jonatan_CHRISTIE Indonesia_Masters_2020_QuarterFinals\clear\set3_rally15_ball13.0.mp4,clear,OK,1.0,1.0,data/pose_features_multi\Anders_ANTONSEN_Jonatan_CHRISTIE Indonesia_Masters_2020_QuarterFinals\clear\set3_rally15_ball13.0.npy
Anders_ANTONSEN_Jonatan_CHRISTIE Indonesia_Masters_2020_QuarterFinals,data/clips_cropped_multi\Anders_ANTONSEN_Jonatan_CHRISTIE Indonesia_Masters_2020_QuarterFinals\clear\set3_rally15_ball14.0.mp4,clear,OK,1.0,1.0,data/pose_features_multi\Anders_ANTONSEN_Jonatan_CHRISTIE Indonesia_Masters_2020_QuarterFinals\clear\set3_rally15_ball14.0.npy
Anders_ANTONSEN_Jonatan_CHRISTIE Indonesia_Masters_2020_QuarterFinals,data/clips_cropped_multi\Anders_ANTONSEN_Jonatan_CHRISTIE Indonesia_Masters_2020_QuarterFinals\clear\set3_rally16_ball13.0.mp4,clear,OK,0.964,0.964,data/pose_features_multi\Anders_ANTONSEN_Jonatan_CHRISTIE Indonesia_Masters_2020_QuarterFinals\clear\set3_rally16_ball13.0.npy
Anders_ANTONSEN_Jonatan_CHRISTIE Indonesia_Masters_2020_QuarterFinals,data/clips_cropped_multi\Anders_ANTONSEN_Jonatan_CHRISTIE Indonesia_Masters_2020_QuarterFinals\clear\set3_rally16_ball19.0.mp4,clear,OK,1.0,1.0,data/pose_features_multi\Anders_ANTONSEN_Jonatan_CHRISTIE Indonesia_Masters_2020_QuarterFinals\clear\set3_rally16_ball19.0.npy
Anders_ANTONSEN_Jonatan_CHRISTIE Indonesia_Masters_2020_QuarterFinals,data/clips_cropped_multi\Anders_ANTONSEN_Jonatan_CHRISTIE Indonesia_Masters_2020_QuarterFinals\clear\set3_rally17_ball18.0.mp4,clear,OK,1.0,0.625,data/pose_features_multi\Anders_ANTONSEN_Jonatan_CHRISTIE Indonesia_Masters_2020_QuarterFinals\clear\set3_rally17_ball18.0.npy
Anders_ANTONSEN_Jonatan_CHRISTIE Indonesia_Masters_2020_QuarterFinals,data/clips_cropped_multi\Anders_ANTONSEN_Jonatan_CHRISTIE Indonesia_Masters_2020_QuarterFinals\clear\set3_rally17_ball27.0.mp4,clear,OK,1.0,1.0,data/pose_features_multi\Anders_ANTONSEN_Jonatan_CHRISTIE Indonesia_Masters_2020_QuarterFinals\clear\set3_rally17_ball27.0.npy
Anders_ANTONSEN_Jonatan_CHRISTIE Indonesia_Masters_2020_QuarterFinals,data/clips_cropped_multi\Anders_ANTONSEN_Jonatan_CHRISTIE Indonesia_Masters_2020_QuarterFinals\clear\set3_rally17_ball31.0.mp4,clear,OK,1.0,0.964,data/pose_features_multi\Anders_ANTONSEN_Jonatan_CHRISTIE Indonesia_Masters_2020_QuarterFinals\clear\set3_rally17_ball31.0.npy
Anders_ANTONSEN_Jonatan_CHRISTIE Indonesia_Masters_2020_QuarterFinals,data/clips_cropped_multi\Anders_ANTONSEN_Jonatan_CHRISTIE Indonesia_Masters_2020_QuarterFinals\clear\set3_rally1_ball8.0.mp4,clear,OK,0.714,0.661,data/pose_features_multi\Anders_ANTONSEN_Jonatan_CHRISTIE Indonesia_Masters_2020_QuarterFinals\clear\set3_rally1_ball8.0.npy
Anders_ANTONSEN_Jonatan_CHRISTIE Indonesia_Masters_2020_QuarterFinals,data/clips_cropped_multi\Anders_ANTONSEN_Jonatan_CHRISTIE Indonesia_Masters_2020_QuarterFinals\clear\set3_rally21_ball8.0.mp4,clear,OK,1.0,0.75,data/pose_features_multi\Anders_ANTONSEN_Jonatan_CHRISTIE Indonesia_Masters_2020_QuarterFinals\clear\set3_rally21_ball8.0.npy
Anders_ANTONSEN_Jonatan_CHRISTIE Indonesia_Masters_2020_QuarterFinals,data/clips_cropped_multi\Anders_ANTONSEN_Jonatan_CHRISTIE Indonesia_Masters_2020_QuarterFinals\clear\set3_rally24_ball12.0.mp4,clear,OK,0.804,0.804,data/pose_features_multi\Anders_ANTONSEN_Jonatan_CHRISTIE Indonesia_Masters_2020_QuarterFinals\clear\set3_rally24_ball12.0.npy
Anders_ANTONSEN_Jonatan_CHRISTIE Indonesia_Masters_2020_QuarterFinals,data/clips_cropped_multi\Anders_ANTONSEN_Jonatan_CHRISTIE Indonesia_Masters_2020_QuarterFinals\clear\set3_rally24_ball15.0.mp4,clear,OK,1.0,0.393,data/pose_features_multi\Anders_ANTONSEN_Jonatan_CHRISTIE Indonesia_Masters_2020_QuarterFinals\clear\set3_rally24_ball15.0.npy
Anders_ANTONSEN_Jonatan_CHRISTIE Indonesia_Masters_2020_QuarterFinals,data/clips_cropped_multi\Anders_ANTONSEN_Jonatan_CHRISTIE Indonesia_Masters_2020_QuarterFinals\clear\set3_rally24_ball8.0.mp4,clear,OK,0.839,0.839,data/pose_features_multi\Anders_ANTONSEN_Jonatan_CHRISTIE Indonesia_Masters_2020_QuarterFinals\clear\set3_rally24_ball8.0.npy
Anders_ANTONSEN_Jonatan_CHRISTIE Indonesia_Masters_2020_QuarterFinals,data/clips_cropped_multi\Anders_ANTONSEN_Jonatan_CHRISTIE Indonesia_Masters_2020_QuarterFinals\clear\set3_rally25_ball14.0.mp4,clear,OK,1.0,0.911,data/pose_features_multi\Anders_ANTONSEN_Jonatan_CHRISTIE Indonesia_Masters_2020_QuarterFinals\clear\set3_rally25_ball14.0.npy
Anders_ANTONSEN_Jonatan_CHRISTIE Indonesia_Masters_2020_QuarterFinals,data/clips_cropped_multi\Anders_ANTONSEN_Jonatan_CHRISTIE Indonesia_Masters_2020_QuarterFinals\clear\set3_rally33_ball10.0.mp4,clear,OK,0.964,0.964,data/pose_features_multi\Anders_ANTONSEN_Jonatan_CHRISTIE Indonesia_Masters_2020_QuarterFinals\clear\set3_rally33_ball10.0.npy
Anders_ANTONSEN_Jonatan_CHRISTIE Indonesia_Masters_2020_QuarterFinals,data/clips_cropped_multi\Anders_ANTONSEN_Jonatan_CHRISTIE Indonesia_Masters_2020_QuarterFinals\clear\set3_rally4_ball26.0.mp4,clear,OK,1.0,0.768,data/pose_features_multi\Anders_ANTONSEN_Jonatan_CHRISTIE Indonesia_Masters_2020_QuarterFinals\clear\set3_rally4_ball26.0.npy
Anders_ANTONSEN_Jonatan_CHRISTIE Indonesia_Masters_2020_QuarterFinals,data/clips_cropped_multi\Anders_ANTONSEN_Jonatan_CHRISTIE Indonesia_Masters_2020_QuarterFinals\clear\set3_rally9_ball12.0.mp4,clear,OK,0.75,0.75,data/pose_features_multi\Anders_ANTONSEN_Jonatan_CHRISTIE Indonesia_Masters_2020_QuarterFinals\clear\set3_rally9_ball12.0.npy
Anders_ANTONSEN_Jonatan_CHRISTIE Indonesia_Masters_2020_QuarterFinals,data/clips_cropped_multi\Anders_ANTONSEN_Jonatan_CHRISTIE Indonesia_Masters_2020_QuarterFinals\net_shot\set1_rally10_ball4.0.mp4,net_shot,OK,1.0,1.0,data/pose_features_multi\Anders_ANTONSEN_Jonatan_CHRISTIE Indonesia_Masters_2020_QuarterFinals\net_shot\set1_rally10_ball4.0.npy
Anders_ANTONSEN_Jonatan_CHRISTIE Indonesia_Masters_2020_QuarterFinals,data/clips_cropped_multi\Anders_ANTONSEN_Jonatan_CHRISTIE Indonesia_Masters_2020_QuarterFinals\net_shot\set1_rally10_ball5.0.mp4,net_shot,OK,1.0,1.0,data/pose_features_multi\Anders_ANTONSEN_Jonatan_CHRISTIE Indonesia_Masters_2020_QuarterFinals\net_shot\set1_rally10_ball5.0.npy
Anders_ANTONSEN_Jonatan_CHRISTIE Indonesia_Masters_2020_QuarterFinals,data/clips_cropped_multi\Anders_ANTONSEN_Jonatan_CHRISTIE Indonesia_Masters_2020_QuarterFinals\net_shot\set1_rally12_ball12.0.mp4,net_shot,OK,1.0,1.0,data/pose_features_multi\Anders_ANTONSEN_Jonatan_CHRISTIE Indonesia_Masters_2020_QuarterFinals\net_shot\set1_rally12_ball12.0.npy
Anders_ANTONSEN_Jonatan_CHRISTIE Indonesia_Masters_2020_QuarterFinals,data/clips_cropped_multi\Anders_ANTONSEN_Jonatan_CHRISTIE Indonesia_Masters_2020_QuarterFinals\net_shot\set1_rally12_ball13.0.mp4,net_shot,OK,1.0,0.679,data/pose_features_multi\Anders_ANTONSEN_Jonatan_CHRISTIE Indonesia_Masters_2020_QuarterFinals\net_shot\set1_rally12_ball13.0.npy
Anders_ANTONSEN_Jonatan_CHRISTIE Indonesia_Masters_2020_QuarterFinals,data/clips_cropped_multi\Anders_ANTONSEN_Jonatan_CHRISTIE Indonesia_Masters_2020_QuarterFinals\net_shot\set1_rally12_ball16.0.mp4,net_shot,OK,1.0,1.0,data/pose_features_multi\Anders_ANTONSEN_Jonatan_CHRISTIE Indonesia_Masters_2020_QuarterFinals\net_shot\set1_rally12_ball16.0.npy
Anders_ANTONSEN_Jonatan_CHRISTIE Indonesia_Masters_2020_QuarterFinals,data/clips_cropped_multi\Anders_ANTONSEN_Jonatan_CHRISTIE Indonesia_Masters_2020_QuarterFinals\net_shot\set1_rally12_ball17.0.mp4,net_shot,OK,1.0,0.696,data/pose_features_multi\Anders_ANTONSEN_Jonatan_CHRISTIE Indonesia_Masters_2020_QuarterFinals\net_shot\set1_rally12_ball17.0.npy
Anders_ANTONSEN_Jonatan_CHRISTIE Indonesia_Masters_2020_QuarterFinals,data/clips_cropped_multi\Anders_ANTONSEN_Jonatan_CHRISTIE Indonesia_Masters_2020_QuarterFinals\net_shot\set1_rally12_ball3.0.mp4,net_shot,OK,1.0,0.911,data/pose_features_multi\Anders_ANTONSEN_Jonatan_CHRISTIE Indonesia_Masters_2020_QuarterFinals\net_shot\set1_rally12_ball3.0.npy
Anders_ANTONSEN_Jonatan_CHRISTIE Indonesia_Masters_2020_QuarterFinals,data/clips_cropped_multi\Anders_ANTONSEN_Jonatan_CHRISTIE Indonesia_Masters_2020_QuarterFinals\net_shot\set1_rally12_ball4.0.mp4,net_shot,OK,1.0,1.0,data/pose_features_multi\Anders_ANTONSEN_Jonatan_CHRISTIE Indonesia_Masters_2020_QuarterFinals\net_shot\set1_rally12_ball4.0.npy
Anders_ANTONSEN_Jonatan_CHRISTIE Indonesia_Masters_2020_QuarterFinals,data/clips_cropped_multi\Anders_ANTONSEN_Jonatan_CHRISTIE Indonesia_Masters_2020_QuarterFinals\net_shot\set1_rally12_ball5.0.mp4,net_shot,OK,1.0,1.0,data/pose_features_multi\Anders_ANTONSEN_Jonatan_CHRISTIE Indonesia_Masters_2020_QuarterFinals\net_shot\set1_rally12_ball5.0.npy
Anders_ANTONSEN_Jonatan_CHRISTIE Indonesia_Masters_2020_QuarterFinals,data/clips_cropped_multi\Anders_ANTONSEN_Jonatan_CHRISTIE Indonesia_Masters_2020_QuarterFinals\net_shot\set1_rally12_ball9.0.mp4,net_shot,OK,1.0,0.696,data/pose_features_multi\Anders_ANTONSEN_Jonatan_CHRISTIE Indonesia_Masters_2020_QuarterFinals\net_shot\set1_rally12_ball9.0.npy
Anders_ANTONSEN_Jonatan_CHRISTIE Indonesia_Masters_2020_QuarterFinals,data/clips_cropped_multi\Anders_ANTONSEN_Jonatan_CHRISTIE Indonesia_Masters_2020_QuarterFinals\net_shot\set1_rally14_ball12.0.mp4,net_shot,OK,1.0,1.0,data/pose_features_multi\Anders_ANTONSEN_Jonatan_CHRISTIE Indonesia_Masters_2020_QuarterFinals\net_shot\set1_rally14_ball12.0.npy
Anders_ANTONSEN_Jonatan_CHRISTIE Indonesia_Masters_2020_QuarterFinals,data/clips_cropped_multi\Anders_ANTONSEN_Jonatan_CHRISTIE Indonesia_Masters_2020_QuarterFinals\net_shot\set1_rally14_ball17.0.mp4,net_shot,OK,1.0,1.0,data/pose_features_multi\Anders_ANTONSEN_Jonatan_CHRISTIE Indonesia_Masters_2020_QuarterFinals\net_shot\set1_rally14_ball17.0.npy
Anders_ANTONSEN_Jonatan_CHRISTIE Indonesia_Masters_2020_QuarterFinals,data/clips_cropped_multi\Anders_ANTONSEN_Jonatan_CHRISTIE Indonesia_Masters_2020_QuarterFinals\net_shot\set1_rally14_ball21.0.mp4,net_shot,OK,1.0,1.0,data/pose_features_multi\Anders_ANTONSEN_Jonatan_CHRISTIE Indonesia_Masters_2020_QuarterFinals\net_shot\set1_rally14_ball21.0.npy
Anders_ANTONSEN_Jonatan_CHRISTIE Indonesia_Masters_2020_QuarterFinals,data/clips_cropped_multi\Anders_ANTONSEN_Jonatan_CHRISTIE Indonesia_Masters_2020_QuarterFinals\net_shot\set1_rally14_ball4.0.mp4,net_shot,OK,1.0,1.0,data/pose_features_multi\Anders_ANTONSEN_Jonatan_CHRISTIE Indonesia_Masters_2020_QuarterFinals\net_shot\set1_rally14_ball4.0.npy
Anders_ANTONSEN_Jonatan_CHRISTIE Indonesia_Masters_2020_QuarterFinals,data/clips_cropped_multi\Anders_ANTONSEN_Jonatan_CHRISTIE Indonesia_Masters_2020_QuarterFinals\net_shot\set1_rally14_ball5.0.mp4,net_shot,OK,1.0,0.857,data/pose_features_multi\Anders_ANTONSEN_Jonatan_CHRISTIE Indonesia_Masters_2020_QuarterFinals\net_shot\set1_rally14_ball5.0.npy
Anders_ANTONSEN_Jonatan_CHRISTIE Indonesia_Masters_2020_QuarterFinals,data/clips_cropped_multi\Anders_ANTONSEN_Jonatan_CHRISTIE Indonesia_Masters_2020_QuarterFinals\net_shot\set1_rally15_ball5.0.mp4,net_shot,POSE_INSUFFICIENT,0.625,0.625,data/pose_features_multi\Anders_ANTONSEN_Jonatan_CHRISTIE Indonesia_Masters_2020_QuarterFinals\net_shot\set1_rally15_ball5.0.npy
Anders_ANTONSEN_Jonatan_CHRISTIE Indonesia_Masters_2020_QuarterFinals,data/clips_cropped_multi\Anders_ANTONSEN_Jonatan_CHRISTIE Indonesia_Masters_2020_QuarterFinals\net_shot\set1_rally17_ball13.0.mp4,net_shot,OK,1.0,1.0,data/pose_features_multi\Anders_ANTONSEN_Jonatan_CHRISTIE Indonesia_Masters_2020_QuarterFinals\net_shot\set1_rally17_ball13.0.npy
Anders_ANTONSEN_Jonatan_CHRISTIE Indonesia_Masters_2020_QuarterFinals,data/clips_cropped_multi\Anders_ANTONSEN_Jonatan_CHRISTIE Indonesia_Masters_2020_QuarterFinals\net_shot\set1_rally17_ball19.0.mp4,net_shot,OK,1.0,0.679,data/pose_features_multi\Anders_ANTONSEN_Jonatan_CHRISTIE Indonesia_Masters_2020_QuarterFinals\net_shot\set1_rally17_ball19.0.npy
Anders_ANTONSEN_Jonatan_CHRISTIE Indonesia_Masters_2020_QuarterFinals,data/clips_cropped_multi\Anders_ANTONSEN_Jonatan_CHRISTIE Indonesia_Masters_2020_QuarterFinals\net_shot\set1_rally17_ball2.0.mp4,net_shot,OK,1.0,1.0,data/pose_features_multi\Anders_ANTONSEN_Jonatan_CHRISTIE Indonesia_Masters_2020_QuarterFinals\net_shot\set1_rally17_ball2.0.npy
Anders_ANTONSEN_Jonatan_CHRISTIE Indonesia_Masters_2020_QuarterFinals,data/clips_cropped_multi\Anders_ANTONSEN_Jonatan_CHRISTIE Indonesia_Masters_2020_QuarterFinals\net_shot\set1_rally17_ball8.0.mp4,net_shot,OK,0.786,0.786,data/pose_features_multi\Anders_ANTONSEN_Jonatan_CHRISTIE Indonesia_Masters_2020_QuarterFinals\net_shot\set1_rally17_ball8.0.npy
Anders_ANTONSEN_Jonatan_CHRISTIE Indonesia_Masters_2020_QuarterFinals,data/clips_cropped_multi\Anders_ANTONSEN_Jonatan_CHRISTIE Indonesia_Masters_2020_QuarterFinals\net_shot\set1_rally18_ball11.0.mp4,net_shot,OK,1.0,0.768,data/pose_features_multi\Anders_ANTONSEN_Jonatan_CHRISTIE Indonesia_Masters_2020_QuarterFinals\net_shot\set1_rally18_ball11.0.npy
Anders_ANTONSEN_Jonatan_CHRISTIE Indonesia_Masters_2020_QuarterFinals,data/clips_cropped_multi\Anders_ANTONSEN_Jonatan_CHRISTIE Indonesia_Masters_2020_QuarterFinals\net_shot\set1_rally18_ball12.0.mp4,net_shot,OK,1.0,1.0,data/pose_features_multi\Anders_ANTONSEN_Jonatan_CHRISTIE Indonesia_Masters_2020_QuarterFinals\net_shot\set1_rally18_ball12.0.npy
Anders_ANTONSEN_Jonatan_CHRISTIE Indonesia_Masters_2020_QuarterFinals,data/clips_cropped_multi\Anders_ANTONSEN_Jonatan_CHRISTIE Indonesia_Masters_2020_QuarterFinals\net_shot\set1_rally18_ball3.0.mp4,net_shot,OK,1.0,0.875,data/pose_features_multi\Anders_ANTONSEN_Jonatan_CHRISTIE Indonesia_Masters_2020_QuarterFinals\net_shot\set1_rally18_ball3.0.npy
Anders_ANTONSEN_Jonatan_CHRISTIE Indonesia_Masters_2020_QuarterFinals,data/clips_cropped_multi\Anders_ANTONSEN_Jonatan_CHRISTIE Indonesia_Masters_2020_QuarterFinals\net_shot\set1_rally18_ball7.0.mp4,net_shot,OK,1.0,1.0,data/pose_features_multi\Anders_ANTONSEN_Jonatan_CHRISTIE Indonesia_Masters_2020_QuarterFinals\net_shot\set1_rally18_ball7.0.npy
Anders_ANTONSEN_Jonatan_CHRISTIE Indonesia_Masters_2020_QuarterFinals,data/clips_cropped_multi\Anders_ANTONSEN_Jonatan_CHRISTIE Indonesia_Masters_2020_QuarterFinals\net_shot\set1_rally1_ball17.0.mp4,net_shot,OK,1.0,1.0,data/pose_features_multi\Anders_ANTONSEN_Jonatan_CHRISTIE Indonesia_Masters_2020_QuarterFinals\net_shot\set1_rally1_ball17.0.npy
Anders_ANTONSEN_Jonatan_CHRISTIE Indonesia_Masters_2020_QuarterFinals,data/clips_cropped_multi\Anders_ANTONSEN_Jonatan_CHRISTIE Indonesia_Masters_2020_QuarterFinals\net_shot\set1_rally1_ball6.0.mp4,net_shot,OK,1.0,1.0,data/pose_features_multi\Anders_ANTONSEN_Jonatan_CHRISTIE Indonesia_Masters_2020_QuarterFinals\net_shot\set1_rally1_ball6.0.npy
Anders_ANTONSEN_Jonatan_CHRISTIE Indonesia_Masters_2020_QuarterFinals,data/clips_cropped_multi\Anders_ANTONSEN_Jonatan_CHRISTIE Indonesia_Masters_2020_QuarterFinals\net_shot\set1_rally21_ball13.0.mp4,net_shot,OK,0.964,0.964,data/pose_features_multi\Anders_ANTONSEN_Jonatan_CHRISTIE Indonesia_Masters_2020_QuarterFinals\net_shot\set1_rally21_ball13.0.npy
Anders_ANTONSEN_Jonatan_CHRISTIE Indonesia_Masters_2020_QuarterFinals,data/clips_cropped_multi\Anders_ANTONSEN_Jonatan_CHRISTIE Indonesia_Masters_2020_QuarterFinals\net_shot\set1_rally21_ball18.0.mp4,net_shot,OK,1.0,1.0,data/pose_features_multi\Anders_ANTONSEN_Jonatan_CHRISTIE Indonesia_Masters_2020_QuarterFinals\net_shot\set1_rally21_ball18.0.npy
Anders_ANTONSEN_Jonatan_CHRISTIE Indonesia_Masters_2020_QuarterFinals,data/clips_cropped_multi\Anders_ANTONSEN_Jonatan_CHRISTIE Indonesia_Masters_2020_QuarterFinals\net_shot\set1_rally21_ball34.0.mp4,net_shot,OK,1.0,1.0,data/pose_features_multi\Anders_ANTONSEN_Jonatan_CHRISTIE Indonesia_Masters_2020_QuarterFinals\net_shot\set1_rally21_ball34.0.npy
Anders_ANTONSEN_Jonatan_CHRISTIE Indonesia_Masters_2020_QuarterFinals,data/clips_cropped_multi\Anders_ANTONSEN_Jonatan_CHRISTIE Indonesia_Masters_2020_QuarterFinals\net_shot\set1_rally21_ball4.0.mp4,net_shot,OK,1.0,1.0,data/pose_features_multi\Anders_ANTONSEN_Jonatan_CHRISTIE Indonesia_Masters_2020_QuarterFinals\net_shot\set1_rally21_ball4.0.npy
Anders_ANTONSEN_Jonatan_CHRISTIE Indonesia_Masters_2020_QuarterFinals,data/clips_cropped_multi\Anders_ANTONSEN_Jonatan_CHRISTIE Indonesia_Masters_2020_QuarterFinals\net_shot\set1_rally21_ball7.0.mp4,net_shot,OK,1.0,1.0,data/pose_features_multi\Anders_ANTONSEN_Jonatan_CHRISTIE Indonesia_Masters_2020_QuarterFinals\net_shot\set1_rally21_ball7.0.npy
Anders_ANTONSEN_Jonatan_CHRISTIE Indonesia_Masters_2020_QuarterFinals,data/clips_cropped_multi\Anders_ANTONSEN_Jonatan_CHRISTIE Indonesia_Masters_2020_QuarterFinals\net_shot\set1_rally21_ball8.0.mp4,net_shot,OK,1.0,0.804,data/pose_features_multi\Anders_ANTONSEN_Jonatan_CHRISTIE Indonesia_Masters_2020_QuarterFinals\net_shot\set1_rally21_ball8.0.npy
Anders_ANTONSEN_Jonatan_CHRISTIE Indonesia_Masters_2020_QuarterFinals,data/clips_cropped_multi\Anders_ANTONSEN_Jonatan_CHRISTIE Indonesia_Masters_2020_QuarterFinals\net_shot\set1_rally22_ball2.0.mp4,net_shot,OK,1.0,1.0,data/pose_features_multi\Anders_ANTONSEN_Jonatan_CHRISTIE Indonesia_Masters_2020_QuarterFinals\net_shot\set1_rally22_ball2.0.npy
Anders_ANTONSEN_Jonatan_CHRISTIE Indonesia_Masters_2020_QuarterFinals,data/clips_cropped_multi\Anders_ANTONSEN_Jonatan_CHRISTIE Indonesia_Masters_2020_QuarterFinals\net_shot\set1_rally23_ball7.0.mp4,net_shot,OK,1.0,1.0,data/pose_features_multi\Anders_ANTONSEN_Jonatan_CHRISTIE Indonesia_Masters_2020_QuarterFinals\net_shot\set1_rally23_ball7.0.npy
Anders_ANTONSEN_Jonatan_CHRISTIE Indonesia_Masters_2020_QuarterFinals,data/clips_cropped_multi\Anders_ANTONSEN_Jonatan_CHRISTIE Indonesia_Masters_2020_QuarterFinals\net_shot\set1_rally24_ball2.0.mp4,net_shot,OK,1.0,1.0,data/pose_features_multi\Anders_ANTONSEN_Jonatan_CHRISTIE Indonesia_Masters_2020_QuarterFinals\net_shot\set1_rally24_ball2.0.npy
Anders_ANTONSEN_Jonatan_CHRISTIE Indonesia_Masters_2020_QuarterFinals,data/clips_cropped_multi\Anders_ANTONSEN_Jonatan_CHRISTIE Indonesia_Masters_2020_QuarterFinals\net_shot\set1_rally25_ball12.0.mp4,net_shot,OK,1.0,0.804,data/pose_features_multi\Anders_ANTONSEN_Jonatan_CHRISTIE Indonesia_Masters_2020_QuarterFinals\net_shot\set1_rally25_ball12.0.npy
Anders_ANTONSEN_Jonatan_CHRISTIE Indonesia_Masters_2020_QuarterFinals,data/clips_cropped_multi\Anders_ANTONSEN_Jonatan_CHRISTIE Indonesia_Masters_2020_QuarterFinals\net_shot\set1_rally25_ball13.0.mp4,net_shot,OK,1.0,1.0,data/pose_features_multi\Anders_ANTONSEN_Jonatan_CHRISTIE Indonesia_Masters_2020_QuarterFinals\net_shot\set1_rally25_ball13.0.npy
Anders_ANTONSEN_Jonatan_CHRISTIE Indonesia_Masters_2020_QuarterFinals,data/clips_cropped_multi\Anders_ANTONSEN_Jonatan_CHRISTIE Indonesia_Masters_2020_QuarterFinals\net_shot\set1_rally25_ball18.0.mp4,net_shot,OK,1.0,1.0,data/pose_features_multi\Anders_ANTONSEN_Jonatan_CHRISTIE Indonesia_Masters_2020_QuarterFinals\net_shot\set1_rally25_ball18.0.npy
Anders_ANTONSEN_Jonatan_CHRISTIE Indonesia_Masters_2020_QuarterFinals,data/clips_cropped_multi\Anders_ANTONSEN_Jonatan_CHRISTIE Indonesia_Masters_2020_QuarterFinals\net_shot\set1_rally25_ball19.0.mp4,net_shot,OK,1.0,1.0,data/pose_features_multi\Anders_ANTONSEN_Jonatan_CHRISTIE Indonesia_Masters_2020_QuarterFinals\net_shot\set1_rally25_ball19.0.npy
Anders_ANTONSEN_Jonatan_CHRISTIE Indonesia_Masters_2020_QuarterFinals,data/clips_cropped_multi\Anders_ANTONSEN_Jonatan_CHRISTIE Indonesia_Masters_2020_QuarterFinals\net_shot\set1_rally25_ball2.0.mp4,net_shot,OK,1.0,1.0,data/pose_features_multi\Anders_ANTONSEN_Jonatan_CHRISTIE Indonesia_Masters_2020_QuarterFinals\net_shot\set1_rally25_ball2.0.npy
Anders_ANTONSEN_Jonatan_CHRISTIE Indonesia_Masters_2020_QuarterFinals,data/clips_cropped_multi\Anders_ANTONSEN_Jonatan_CHRISTIE Indonesia_Masters_2020_QuarterFinals\net_shot\set1_rally25_ball20.0.mp4,net_shot,OK,1.0,1.0,data/pose_features_multi\Anders_ANTONSEN_Jonatan_CHRISTIE Indonesia_Masters_2020_QuarterFinals\net_shot\set1_rally25_ball20.0.npy
Anders_ANTONSEN_Jonatan_CHRISTIE Indonesia_Masters_2020_QuarterFinals,data/clips_cropped_multi\Anders_ANTONSEN_Jonatan_CHRISTIE Indonesia_Masters_2020_QuarterFinals\net_shot\set1_rally25_ball21.0.mp4,net_shot,OK,1.0,1.0,data/pose_features_multi\Anders_ANTONSEN_Jonatan_CHRISTIE Indonesia_Masters_2020_QuarterFinals\net_shot\set1_rally25_ball21.0.npy
Anders_ANTONSEN_Jonatan_CHRISTIE Indonesia_Masters_2020_QuarterFinals,data/clips_cropped_multi\Anders_ANTONSEN_Jonatan_CHRISTIE Indonesia_Masters_2020_QuarterFinals\net_shot\set1_rally25_ball22.0.mp4,net_shot,OK,1.0,1.0,data/pose_features_multi\Anders_ANTONSEN_Jonatan_CHRISTIE Indonesia_Masters_2020_QuarterFinals\net_shot\set1_rally25_ball22.0.npy
Anders_ANTONSEN_Jonatan_CHRISTIE Indonesia_Masters_2020_QuarterFinals,data/clips_cropped_multi\Anders_ANTONSEN_Jonatan_CHRISTIE Indonesia_Masters_2020_QuarterFinals\net_shot\set1_rally25_ball30.0.mp4,net_shot,OK,1.0,1.0,data/pose_features_multi\Anders_ANTONSEN_Jonatan_CHRISTIE Indonesia_Masters_2020_QuarterFinals\net_shot\set1_rally25_ball30.0.npy
Anders_ANTONSEN_Jonatan_CHRISTIE Indonesia_Masters_2020_QuarterFinals,data/clips_cropped_multi\Anders_ANTONSEN_Jonatan_CHRISTIE Indonesia_Masters_2020_QuarterFinals\net_shot\set1_rally26_ball2.0.mp4,net_shot,OK,1.0,1.0,data/pose_features_multi\Anders_ANTONSEN_Jonatan_CHRISTIE Indonesia_Masters_2020_QuarterFinals\net_shot\set1_rally26_ball2.0.npy
Anders_ANTONSEN_Jonatan_CHRISTIE Indonesia_Masters_2020_QuarterFinals,data/clips_cropped_multi\Anders_ANTONSEN_Jonatan_CHRISTIE Indonesia_Masters_2020_QuarterFinals\net_shot\set1_rally27_ball4.0.mp4,net_shot,OK,1.0,1.0,data/pose_features_multi\Anders_ANTONSEN_Jonatan_CHRISTIE Indonesia_Masters_2020_QuarterFinals\net_shot\set1_rally27_ball4.0.npy
Anders_ANTONSEN_Jonatan_CHRISTIE Indonesia_Masters_2020_QuarterFinals,data/clips_cropped_multi\Anders_ANTONSEN_Jonatan_CHRISTIE Indonesia_Masters_2020_QuarterFinals\net_shot\set1_rally29_ball15.0.mp4,net_shot,OK,1.0,1.0,data/pose_features_multi\Anders_ANTONSEN_Jonatan_CHRISTIE Indonesia_Masters_2020_QuarterFinals\net_shot\set1_rally29_ball15.0.npy
Anders_ANTONSEN_Jonatan_CHRISTIE Indonesia_Masters_2020_QuarterFinals,data/clips_cropped_multi\Anders_ANTONSEN_Jonatan_CHRISTIE Indonesia_Masters_2020_QuarterFinals\net_shot\set1_rally29_ball3.0.mp4,net_shot,OK,1.0,0.661,data/pose_features_multi\Anders_ANTONSEN_Jonatan_CHRISTIE Indonesia_Masters_2020_QuarterFinals\net_shot\set1_rally29_ball3.0.npy
Anders_ANTONSEN_Jonatan_CHRISTIE Indonesia_Masters_2020_QuarterFinals,data/clips_cropped_multi\Anders_ANTONSEN_Jonatan_CHRISTIE Indonesia_Masters_2020_QuarterFinals\net_shot\set1_rally29_ball4.0.mp4,net_shot,OK,1.0,1.0,data/pose_features_multi\Anders_ANTONSEN_Jonatan_CHRISTIE Indonesia_Masters_2020_QuarterFinals\net_shot\set1_rally29_ball4.0.npy
Anders_ANTONSEN_Jonatan_CHRISTIE Indonesia_Masters_2020_QuarterFinals,data/clips_cropped_multi\Anders_ANTONSEN_Jonatan_CHRISTIE Indonesia_Masters_2020_QuarterFinals\net_shot\set1_rally29_ball8.0.mp4,net_shot,OK,1.0,1.0,data/pose_features_multi\Anders_ANTONSEN_Jonatan_CHRISTIE Indonesia_Masters_2020_QuarterFinals\net_shot\set1_rally29_ball8.0.npy
Anders_ANTONSEN_Jonatan_CHRISTIE Indonesia_Masters_2020_QuarterFinals,data/clips_cropped_multi\Anders_ANTONSEN_Jonatan_CHRISTIE Indonesia_Masters_2020_QuarterFinals\net_shot\set1_rally2_ball10.0.mp4,net_shot,OK,1.0,1.0,data/pose_features_multi\Anders_ANTONSEN_Jonatan_CHRISTIE Indonesia_Masters_2020_QuarterFinals\net_shot\set1_rally2_ball10.0.npy
Anders_ANTONSEN_Jonatan_CHRISTIE Indonesia_Masters_2020_QuarterFinals,data/clips_cropped_multi\Anders_ANTONSEN_Jonatan_CHRISTIE Indonesia_Masters_2020_QuarterFinals\net_shot\set1_rally2_ball2.0.mp4,net_shot,OK,1.0,1.0,data/pose_features_multi\Anders_ANTONSEN_Jonatan_CHRISTIE Indonesia_Masters_2020_QuarterFinals\net_shot\set1_rally2_ball2.0.npy
Anders_ANTONSEN_Jonatan_CHRISTIE Indonesia_Masters_2020_QuarterFinals,data/clips_cropped_multi\Anders_ANTONSEN_Jonatan_CHRISTIE Indonesia_Masters_2020_QuarterFinals\net_shot\set1_rally2_ball8.0.mp4,net_shot,OK,1.0,0.732,data/pose_features_multi\Anders_ANTONSEN_Jonatan_CHRISTIE Indonesia_Masters_2020_QuarterFinals\net_shot\set1_rally2_ball8.0.npy
Anders_ANTONSEN_Jonatan_CHRISTIE Indonesia_Masters_2020_QuarterFinals,data/clips_cropped_multi\Anders_ANTONSEN_Jonatan_CHRISTIE Indonesia_Masters_2020_QuarterFinals\net_shot\set1_rally30_ball6.0.mp4,net_shot,OK,1.0,1.0,data/pose_features_multi\Anders_ANTONSEN_Jonatan_CHRISTIE Indonesia_Masters_2020_QuarterFinals\net_shot\set1_rally30_ball6.0.npy
Anders_ANTONSEN_Jonatan_CHRISTIE Indonesia_Masters_2020_QuarterFinals,data/clips_cropped_multi\Anders_ANTONSEN_Jonatan_CHRISTIE Indonesia_Masters_2020_QuarterFinals\net_shot\set1_rally31_ball10.0.mp4,net_shot,OK,1.0,1.0,data/pose_features_multi\Anders_ANTONSEN_Jonatan_CHRISTIE Indonesia_Masters_2020_QuarterFinals\net_shot\set1_rally31_ball10.0.npy
Anders_ANTONSEN_Jonatan_CHRISTIE Indonesia_Masters_2020_QuarterFinals,data/clips_cropped_multi\Anders_ANTONSEN_Jonatan_CHRISTIE Indonesia_Masters_2020_QuarterFinals\net_shot\set1_rally32_ball2.0.mp4,net_shot,OK,1.0,1.0,data/pose_features_multi\Anders_ANTONSEN_Jonatan_CHRISTIE Indonesia_Masters_2020_QuarterFinals\net_shot\set1_rally32_ball2.0.npy
Anders_ANTONSEN_Jonatan_CHRISTIE Indonesia_Masters_2020_QuarterFinals,data/clips_cropped_multi\Anders_ANTONSEN_Jonatan_CHRISTIE Indonesia_Masters_2020_QuarterFinals\net_shot\set1_rally32_ball6.0.mp4,net_shot,OK,1.0,1.0,data/pose_features_multi\Anders_ANTONSEN_Jonatan_CHRISTIE Indonesia_Masters_2020_QuarterFinals\net_shot\set1_rally32_ball6.0.npy
Anders_ANTONSEN_Jonatan_CHRISTIE Indonesia_Masters_2020_QuarterFinals,data/clips_cropped_multi\Anders_ANTONSEN_Jonatan_CHRISTIE Indonesia_Masters_2020_QuarterFinals\net_shot\set1_rally34_ball14.0.mp4,net_shot,OK,1.0,1.0,data/pose_features_multi\Anders_ANTONSEN_Jonatan_CHRISTIE Indonesia_Masters_2020_QuarterFinals\net_shot\set1_rally34_ball14.0.npy
Anders_ANTONSEN_Jonatan_CHRISTIE Indonesia_Masters_2020_QuarterFinals,data/clips_cropped_multi\Anders_ANTONSEN_Jonatan_CHRISTIE Indonesia_Masters_2020_QuarterFinals\net_shot\set1_rally34_ball15.0.mp4,net_shot,OK,1.0,1.0,data/pose_features_multi\Anders_ANTONSEN_Jonatan_CHRISTIE Indonesia_Masters_2020_QuarterFinals\net_shot\set1_rally34_ball15.0.npy
Anders_ANTONSEN_Jonatan_CHRISTIE Indonesia_Masters_2020_QuarterFinals,data/clips_cropped_multi\Anders_ANTONSEN_Jonatan_CHRISTIE Indonesia_Masters_2020_QuarterFinals\net_shot\set1_rally34_ball5.0.mp4,net_shot,OK,1.0,0.786,data/pose_features_multi\Anders_ANTONSEN_Jonatan_CHRISTIE Indonesia_Masters_2020_QuarterFinals\net_shot\set1_rally34_ball5.0.npy
Anders_ANTONSEN_Jonatan_CHRISTIE Indonesia_Masters_2020_QuarterFinals,data/clips_cropped_multi\Anders_ANTONSEN_Jonatan_CHRISTIE Indonesia_Masters_2020_QuarterFinals\net_shot\set1_rally35_ball2.0.mp4,net_shot,OK,1.0,1.0,data/pose_features_multi\Anders_ANTONSEN_Jonatan_CHRISTIE Indonesia_Masters_2020_QuarterFinals\net_shot\set1_rally35_ball2.0.npy
Anders_ANTONSEN_Jonatan_CHRISTIE Indonesia_Masters_2020_QuarterFinals,data/clips_cropped_multi\Anders_ANTONSEN_Jonatan_CHRISTIE Indonesia_Masters_2020_QuarterFinals\net_shot\set1_rally35_ball5.0.mp4,net_shot,OK,1.0,1.0,data/pose_features_multi\Anders_ANTONSEN_Jonatan_CHRISTIE Indonesia_Masters_2020_QuarterFinals\net_shot\set1_rally35_ball5.0.npy
Anders_ANTONSEN_Jonatan_CHRISTIE Indonesia_Masters_2020_QuarterFinals,data/clips_cropped_multi\Anders_ANTONSEN_Jonatan_CHRISTIE Indonesia_Masters_2020_QuarterFinals\net_shot\set1_rally35_ball6.0.mp4,net_shot,OK,0.893,0.893,data/pose_features_multi\Anders_ANTONSEN_Jonatan_CHRISTIE Indonesia_Masters_2020_QuarterFinals\net_shot\set1_rally35_ball6.0.npy
Anders_ANTONSEN_Jonatan_CHRISTIE Indonesia_Masters_2020_QuarterFinals,data/clips_cropped_multi\Anders_ANTONSEN_Jonatan_CHRISTIE Indonesia_Masters_2020_QuarterFinals\net_shot\set1_rally3_ball4.0.mp4,net_shot,OK,0.964,0.893,data/pose_features_multi\Anders_ANTONSEN_Jonatan_CHRISTIE Indonesia_Masters_2020_QuarterFinals\net_shot\set1_rally3_ball4.0.npy
Anders_ANTONSEN_Jonatan_CHRISTIE Indonesia_Masters_2020_QuarterFinals,data/clips_cropped_multi\Anders_ANTONSEN_Jonatan_CHRISTIE Indonesia_Masters_2020_QuarterFinals\net_shot\set1_rally4_ball2.0.mp4,net_shot,OK,1.0,1.0,data/pose_features_multi\Anders_ANTONSEN_Jonatan_CHRISTIE Indonesia_Masters_2020_QuarterFinals\net_shot\set1_rally4_ball2.0.npy
Anders_ANTONSEN_Jonatan_CHRISTIE Indonesia_Masters_2020_QuarterFinals,data/clips_cropped_multi\Anders_ANTONSEN_Jonatan_CHRISTIE Indonesia_Masters_2020_QuarterFinals\net_shot\set1_rally4_ball5.0.mp4,net_shot,POSE_INSUFFICIENT,0.5,0.5,data/pose_features_multi\Anders_ANTONSEN_Jonatan_CHRISTIE Indonesia_Masters_2020_QuarterFinals\net_shot\set1_rally4_ball5.0.npy
Anders_ANTONSEN_Jonatan_CHRISTIE Indonesia_Masters_2020_QuarterFinals,data/clips_cropped_multi\Anders_ANTONSEN_Jonatan_CHRISTIE Indonesia_Masters_2020_QuarterFinals\net_shot\set1_rally4_ball6.0.mp4,net_shot,OK,1.0,0.714,data/pose_features_multi\Anders_ANTONSEN_Jonatan_CHRISTIE Indonesia_Masters_2020_QuarterFinals\net_shot\set1_rally4_ball6.0.npy
Anders_ANTONSEN_Jonatan_CHRISTIE Indonesia_Masters_2020_QuarterFinals,data/clips_cropped_multi\Anders_ANTONSEN_Jonatan_CHRISTIE Indonesia_Masters_2020_QuarterFinals\net_shot\set1_rally5_ball8.0.mp4,net_shot,OK,1.0,1.0,data/pose_features_multi\Anders_ANTONSEN_Jonatan_CHRISTIE Indonesia_Masters_2020_QuarterFinals\net_shot\set1_rally5_ball8.0.npy
Anders_ANTONSEN_Jonatan_CHRISTIE Indonesia_Masters_2020_QuarterFinals,data/clips_cropped_multi\Anders_ANTONSEN_Jonatan_CHRISTIE Indonesia_Masters_2020_QuarterFinals\net_shot\set1_rally6_ball4.0.mp4,net_shot,OK,1.0,1.0,data/pose_features_multi\Anders_ANTONSEN_Jonatan_CHRISTIE Indonesia_Masters_2020_QuarterFinals\net_shot\set1_rally6_ball4.0.npy
Anders_ANTONSEN_Jonatan_CHRISTIE Indonesia_Masters_2020_QuarterFinals,data/clips_cropped_multi\Anders_ANTONSEN_Jonatan_CHRISTIE Indonesia_Masters_2020_QuarterFinals\net_shot\set1_rally8_ball2.0.mp4,net_shot,OK,1.0,1.0,data/pose_features_multi\Anders_ANTONSEN_Jonatan_CHRISTIE Indonesia_Masters_2020_QuarterFinals\net_shot\set1_rally8_ball2.0.npy
Anders_ANTONSEN_Jonatan_CHRISTIE Indonesia_Masters_2020_QuarterFinals,data/clips_cropped_multi\Anders_ANTONSEN_Jonatan_CHRISTIE Indonesia_Masters_2020_QuarterFinals\net_shot\set1_rally8_ball6.0.mp4,net_shot,OK,1.0,1.0,data/pose_features_multi\Anders_ANTONSEN_Jonatan_CHRISTIE Indonesia_Masters_2020_QuarterFinals\net_shot\set1_rally8_ball6.0.npy
Anders_ANTONSEN_Jonatan_CHRISTIE Indonesia_Masters_2020_QuarterFinals,data/clips_cropped_multi\Anders_ANTONSEN_Jonatan_CHRISTIE Indonesia_Masters_2020_QuarterFinals\net_shot\set2_rally10_ball2.0.mp4,net_shot,OK,1.0,1.0,data/pose_features_multi\Anders_ANTONSEN_Jonatan_CHRISTIE Indonesia_Masters_2020_QuarterFinals\net_shot\set2_rally10_ball2.0.npy
Anders_ANTONSEN_Jonatan_CHRISTIE Indonesia_Masters_2020_QuarterFinals,data/clips_cropped_multi\Anders_ANTONSEN_Jonatan_CHRISTIE Indonesia_Masters_2020_QuarterFinals\net_shot\set2_rally10_ball7.0.mp4,net_shot,OK,1.0,0.821,data/pose_features_multi\Anders_ANTONSEN_Jonatan_CHRISTIE Indonesia_Masters_2020_QuarterFinals\net_shot\set2_rally10_ball7.0.npy
Anders_ANTONSEN_Jonatan_CHRISTIE Indonesia_Masters_2020_QuarterFinals,data/clips_cropped_multi\Anders_ANTONSEN_Jonatan_CHRISTIE Indonesia_Masters_2020_QuarterFinals\net_shot\set2_rally10_ball8.0.mp4,net_shot,OK,1.0,1.0,data/pose_features_multi\Anders_ANTONSEN_Jonatan_CHRISTIE Indonesia_Masters_2020_QuarterFinals\net_shot\set2_rally10_ball8.0.npy
Anders_ANTONSEN_Jonatan_CHRISTIE Indonesia_Masters_2020_QuarterFinals,data/clips_cropped_multi\Anders_ANTONSEN_Jonatan_CHRISTIE Indonesia_Masters_2020_QuarterFinals\net_shot\set2_rally11_ball2.0.mp4,net_shot,OK,1.0,1.0,data/pose_features_multi\Anders_ANTONSEN_Jonatan_CHRISTIE Indonesia_Masters_2020_QuarterFinals\net_shot\set2_rally11_ball2.0.npy
Anders_ANTONSEN_Jonatan_CHRISTIE Indonesia_Masters_2020_QuarterFinals,data/clips_cropped_multi\Anders_ANTONSEN_Jonatan_CHRISTIE Indonesia_Masters_2020_QuarterFinals\net_shot\set2_rally11_ball5.0.mp4,net_shot,OK,1.0,1.0,data/pose_features_multi\Anders_ANTONSEN_Jonatan_CHRISTIE Indonesia_Masters_2020_QuarterFinals\net_shot\set2_rally11_ball5.0.npy
Anders_ANTONSEN_Jonatan_CHRISTIE Indonesia_Masters_2020_QuarterFinals,data/clips_cropped_multi\Anders_ANTONSEN_Jonatan_CHRISTIE Indonesia_Masters_2020_QuarterFinals\net_shot\set2_rally12_ball13.0.mp4,net_shot,OK,1.0,0.929,data/pose_features_multi\Anders_ANTONSEN_Jonatan_CHRISTIE Indonesia_Masters_2020_QuarterFinals\net_shot\set2_rally12_ball13.0.npy
Anders_ANTONSEN_Jonatan_CHRISTIE Indonesia_Masters_2020_QuarterFinals,data/clips_cropped_multi\Anders_ANTONSEN_Jonatan_CHRISTIE Indonesia_Masters_2020_QuarterFinals\net_shot\set2_rally12_ball2.0.mp4,net_shot,OK,1.0,1.0,data/pose_features_multi\Anders_ANTONSEN_Jonatan_CHRISTIE Indonesia_Masters_2020_QuarterFinals\net_shot\set2_rally12_ball2.0.npy
Anders_ANTONSEN_Jonatan_CHRISTIE Indonesia_Masters_2020_QuarterFinals,data/clips_cropped_multi\Anders_ANTONSEN_Jonatan_CHRISTIE Indonesia_Masters_2020_QuarterFinals\net_shot\set2_rally12_ball20.0.mp4,net_shot,OK,1.0,1.0,data/pose_features_multi\Anders_ANTONSEN_Jonatan_CHRISTIE Indonesia_Masters_2020_QuarterFinals\net_shot\set2_rally12_ball20.0.npy
Anders_ANTONSEN_Jonatan_CHRISTIE Indonesia_Masters_2020_QuarterFinals,data/clips_cropped_multi\Anders_ANTONSEN_Jonatan_CHRISTIE Indonesia_Masters_2020_QuarterFinals\net_shot\set2_rally12_ball3.0.mp4,net_shot,OK,1.0,0.714,data/pose_features_multi\Anders_ANTONSEN_Jonatan_CHRISTIE Indonesia_Masters_2020_QuarterFinals\net_shot\set2_rally12_ball3.0.npy
Anders_ANTONSEN_Jonatan_CHRISTIE Indonesia_Masters_2020_QuarterFinals,data/clips_cropped_multi\Anders_ANTONSEN_Jonatan_CHRISTIE Indonesia_Masters_2020_QuarterFinals\net_shot\set2_rally12_ball4.0.mp4,net_shot,OK,1.0,1.0,data/pose_features_multi\Anders_ANTONSEN_Jonatan_CHRISTIE Indonesia_Masters_2020_QuarterFinals\net_shot\set2_rally12_ball4.0.npy
Anders_ANTONSEN_Jonatan_CHRISTIE Indonesia_Masters_2020_QuarterFinals,data/clips_cropped_multi\Anders_ANTONSEN_Jonatan_CHRISTIE Indonesia_Masters_2020_QuarterFinals\net_shot\set2_rally12_ball8.0.mp4,net_shot,OK,1.0,1.0,data/pose_features_multi\Anders_ANTONSEN_Jonatan_CHRISTIE Indonesia_Masters_2020_QuarterFinals\net_shot\set2_rally12_ball8.0.npy
Anders_ANTONSEN_Jonatan_CHRISTIE Indonesia_Masters_2020_QuarterFinals,data/clips_cropped_multi\Anders_ANTONSEN_Jonatan_CHRISTIE Indonesia_Masters_2020_QuarterFinals\net_shot\set2_rally12_ball9.0.mp4,net_shot,OK,1.0,1.0,data/pose_features_multi\Anders_ANTONSEN_Jonatan_CHRISTIE Indonesia_Masters_2020_QuarterFinals\net_shot\set2_rally12_ball9.0.npy
Anders_ANTONSEN_Jonatan_CHRISTIE Indonesia_Masters_2020_QuarterFinals,data/clips_cropped_multi\Anders_ANTONSEN_Jonatan_CHRISTIE Indonesia_Masters_2020_QuarterFinals\net_shot\set2_rally13_ball12.0.mp4,net_shot,OK,1.0,1.0,data/pose_features_multi\Anders_ANTONSEN_Jonatan_CHRISTIE Indonesia_Masters_2020_QuarterFinals\net_shot\set2_rally13_ball12.0.npy
Anders_ANTONSEN_Jonatan_CHRISTIE Indonesia_Masters_2020_QuarterFinals,data/clips_cropped_multi\Anders_ANTONSEN_Jonatan_CHRISTIE Indonesia_Masters_2020_QuarterFinals\net_shot\set2_rally13_ball5.0.mp4,net_shot,OK,1.0,0.857,data/pose_features_multi\Anders_ANTONSEN_Jonatan_CHRISTIE Indonesia_Masters_2020_QuarterFinals\net_shot\set2_rally13_ball5.0.npy
Anders_ANTONSEN_Jonatan_CHRISTIE Indonesia_Masters_2020_QuarterFinals,data/clips_cropped_multi\Anders_ANTONSEN_Jonatan_CHRISTIE Indonesia_Masters_2020_QuarterFinals\net_shot\set2_rally13_ball6.0.mp4,net_shot,OK,1.0,1.0,data/pose_features_multi\Anders_ANTONSEN_Jonatan_CHRISTIE Indonesia_Masters_2020_QuarterFinals\net_shot\set2_rally13_ball6.0.npy
Anders_ANTONSEN_Jonatan_CHRISTIE Indonesia_Masters_2020_QuarterFinals,data/clips_cropped_multi\Anders_ANTONSEN_Jonatan_CHRISTIE Indonesia_Masters_2020_QuarterFinals\net_shot\set2_rally14_ball8.0.mp4,net_shot,OK,0.893,0.893,data/pose_features_multi\Anders_ANTONSEN_Jonatan_CHRISTIE Indonesia_Masters_2020_QuarterFinals\net_shot\set2_rally14_ball8.0.npy
Anders_ANTONSEN_Jonatan_CHRISTIE Indonesia_Masters_2020_QuarterFinals,data/clips_cropped_multi\Anders_ANTONSEN_Jonatan_CHRISTIE Indonesia_Masters_2020_QuarterFinals\net_shot\set2_rally17_ball2.0.mp4,net_shot,OK,0.804,0.804,data/pose_features_multi\Anders_ANTONSEN_Jonatan_CHRISTIE Indonesia_Masters_2020_QuarterFinals\net_shot\set2_rally17_ball2.0.npy
Anders_ANTONSEN_Jonatan_CHRISTIE Indonesia_Masters_2020_QuarterFinals,data/clips_cropped_multi\Anders_ANTONSEN_Jonatan_CHRISTIE Indonesia_Masters_2020_QuarterFinals\net_shot\set2_rally17_ball3.0.mp4,net_shot,OK,1.0,1.0,data/pose_features_multi\Anders_ANTONSEN_Jonatan_CHRISTIE Indonesia_Masters_2020_QuarterFinals\net_shot\set2_rally17_ball3.0.npy
Anders_ANTONSEN_Jonatan_CHRISTIE Indonesia_Masters_2020_QuarterFinals,data/clips_cropped_multi\Anders_ANTONSEN_Jonatan_CHRISTIE Indonesia_Masters_2020_QuarterFinals\net_shot\set2_rally17_ball9.0.mp4,net_shot,OK,1.0,1.0,data/pose_features_multi\Anders_ANTONSEN_Jonatan_CHRISTIE Indonesia_Masters_2020_QuarterFinals\net_shot\set2_rally17_ball9.0.npy
Anders_ANTONSEN_Jonatan_CHRISTIE Indonesia_Masters_2020_QuarterFinals,data/clips_cropped_multi\Anders_ANTONSEN_Jonatan_CHRISTIE Indonesia_Masters_2020_QuarterFinals\net_shot\set2_rally18_ball2.0.mp4,net_shot,OK,0.893,0.893,data/pose_features_multi\Anders_ANTONSEN_Jonatan_CHRISTIE Indonesia_Masters_2020_QuarterFinals\net_shot\set2_rally18_ball2.0.npy
Anders_ANTONSEN_Jonatan_CHRISTIE Indonesia_Masters_2020_QuarterFinals,data/clips_cropped_multi\Anders_ANTONSEN_Jonatan_CHRISTIE Indonesia_Masters_2020_QuarterFinals\net_shot\set2_rally18_ball3.0.mp4,net_shot,OK,1.0,0.696,data/pose_features_multi\Anders_ANTONSEN_Jonatan_CHRISTIE Indonesia_Masters_2020_QuarterFinals\net_shot\set2_rally18_ball3.0.npy
Anders_ANTONSEN_Jonatan_CHRISTIE Indonesia_Masters_2020_QuarterFinals,data/clips_cropped_multi\Anders_ANTONSEN_Jonatan_CHRISTIE Indonesia_Masters_2020_QuarterFinals\net_shot\set2_rally18_ball4.0.mp4,net_shot,OK,1.0,1.0,data/pose_features_multi\Anders_ANTONSEN_Jonatan_CHRISTIE Indonesia_Masters_2020_QuarterFinals\net_shot\set2_rally18_ball4.0.npy
Anders_ANTONSEN_Jonatan_CHRISTIE Indonesia_Masters_2020_QuarterFinals,data/clips_cropped_multi\Anders_ANTONSEN_Jonatan_CHRISTIE Indonesia_Masters_2020_QuarterFinals\net_shot\set2_rally1_ball3.0.mp4,net_shot,OK,1.0,1.0,data/pose_features_multi\Anders_ANTONSEN_Jonatan_CHRISTIE Indonesia_Masters_2020_QuarterFinals\net_shot\set2_rally1_ball3.0.npy
Anders_ANTONSEN_Jonatan_CHRISTIE Indonesia_Masters_2020_QuarterFinals,data/clips_cropped_multi\Anders_ANTONSEN_Jonatan_CHRISTIE Indonesia_Masters_2020_QuarterFinals\net_shot\set2_rally20_ball2.0.mp4,net_shot,OK,1.0,1.0,data/pose_features_multi\Anders_ANTONSEN_Jonatan_CHRISTIE Indonesia_Masters_2020_QuarterFinals\net_shot\set2_rally20_ball2.0.npy
Anders_ANTONSEN_Jonatan_CHRISTIE Indonesia_Masters_2020_QuarterFinals,data/clips_cropped_multi\Anders_ANTONSEN_Jonatan_CHRISTIE Indonesia_Masters_2020_QuarterFinals\net_shot\set2_rally21_ball2.0.mp4,net_shot,OK,1.0,0.982,data/pose_features_multi\Anders_ANTONSEN_Jonatan_CHRISTIE Indonesia_Masters_2020_QuarterFinals\net_shot\set2_rally21_ball2.0.npy
Anders_ANTONSEN_Jonatan_CHRISTIE Indonesia_Masters_2020_QuarterFinals,data/clips_cropped_multi\Anders_ANTONSEN_Jonatan_CHRISTIE Indonesia_Masters_2020_QuarterFinals\net_shot\set2_rally21_ball3.0.mp4,net_shot,OK,1.0,1.0,data/pose_features_multi\Anders_ANTONSEN_Jonatan_CHRISTIE Indonesia_Masters_2020_QuarterFinals\net_shot\set2_rally21_ball3.0.npy
Anders_ANTONSEN_Jonatan_CHRISTIE Indonesia_Masters_2020_QuarterFinals,data/clips_cropped_multi\Anders_ANTONSEN_Jonatan_CHRISTIE Indonesia_Masters_2020_QuarterFinals\net_shot\set2_rally26_ball2.0.mp4,net_shot,POSE_INSUFFICIENT,0.679,0.589,data/pose_features_multi\Anders_ANTONSEN_Jonatan_CHRISTIE Indonesia_Masters_2020_QuarterFinals\net_shot\set2_rally26_ball2.0.npy
Anders_ANTONSEN_Jonatan_CHRISTIE Indonesia_Masters_2020_QuarterFinals,data/clips_cropped_multi\Anders_ANTONSEN_Jonatan_CHRISTIE Indonesia_Masters_2020_QuarterFinals\net_shot\set2_rally27_ball4.0.mp4,net_shot,OK,1.0,0.714,data/pose_features_multi\Anders_ANTONSEN_Jonatan_CHRISTIE Indonesia_Masters_2020_QuarterFinals\net_shot\set2_rally27_ball4.0.npy
Anders_ANTONSEN_Jonatan_CHRISTIE Indonesia_Masters_2020_QuarterFinals,data/clips_cropped_multi\Anders_ANTONSEN_Jonatan_CHRISTIE Indonesia_Masters_2020_QuarterFinals\net_shot\set2_rally27_ball5.0.mp4,net_shot,OK,1.0,1.0,data/pose_features_multi\Anders_ANTONSEN_Jonatan_CHRISTIE Indonesia_Masters_2020_QuarterFinals\net_shot\set2_rally27_ball5.0.npy
Anders_ANTONSEN_Jonatan_CHRISTIE Indonesia_Masters_2020_QuarterFinals,data/clips_cropped_multi\Anders_ANTONSEN_Jonatan_CHRISTIE Indonesia_Masters_2020_QuarterFinals\net_shot\set2_rally27_ball6.0.mp4,net_shot,OK,1.0,1.0,data/pose_features_multi\Anders_ANTONSEN_Jonatan_CHRISTIE Indonesia_Masters_2020_QuarterFinals\net_shot\set2_rally27_ball6.0.npy
Anders_ANTONSEN_Jonatan_CHRISTIE Indonesia_Masters_2020_QuarterFinals,data/clips_cropped_multi\Anders_ANTONSEN_Jonatan_CHRISTIE Indonesia_Masters_2020_QuarterFinals\net_shot\set2_rally2_ball2.0.mp4,net_shot,OK,1.0,1.0,data/pose_features_multi\Anders_ANTONSEN_Jonatan_CHRISTIE Indonesia_Masters_2020_QuarterFinals\net_shot\set2_rally2_ball2.0.npy
Anders_ANTONSEN_Jonatan_CHRISTIE Indonesia_Masters_2020_QuarterFinals,data/clips_cropped_multi\Anders_ANTONSEN_Jonatan_CHRISTIE Indonesia_Masters_2020_QuarterFinals\net_shot\set2_rally2_ball3.0.mp4,net_shot,OK,1.0,1.0,data/pose_features_multi\Anders_ANTONSEN_Jonatan_CHRISTIE Indonesia_Masters_2020_QuarterFinals\net_shot\set2_rally2_ball3.0.npy
Anders_ANTONSEN_Jonatan_CHRISTIE Indonesia_Masters_2020_QuarterFinals,data/clips_cropped_multi\Anders_ANTONSEN_Jonatan_CHRISTIE Indonesia_Masters_2020_QuarterFinals\net_shot\set2_rally2_ball4.0.mp4,net_shot,OK,1.0,1.0,data/pose_features_multi\Anders_ANTONSEN_Jonatan_CHRISTIE Indonesia_Masters_2020_QuarterFinals\net_shot\set2_rally2_ball4.0.npy
Anders_ANTONSEN_Jonatan_CHRISTIE Indonesia_Masters_2020_QuarterFinals,data/clips_cropped_multi\Anders_ANTONSEN_Jonatan_CHRISTIE Indonesia_Masters_2020_QuarterFinals\net_shot\set2_rally2_ball8.0.mp4,net_shot,OK,1.0,0.893,data/pose_features_multi\Anders_ANTONSEN_Jonatan_CHRISTIE Indonesia_Masters_2020_QuarterFinals\net_shot\set2_rally2_ball8.0.npy
Anders_ANTONSEN_Jonatan_CHRISTIE Indonesia_Masters_2020_QuarterFinals,data/clips_cropped_multi\Anders_ANTONSEN_Jonatan_CHRISTIE Indonesia_Masters_2020_QuarterFinals\net_shot\set2_rally2_ball9.0.mp4,net_shot,OK,1.0,1.0,data/pose_features_multi\Anders_ANTONSEN_Jonatan_CHRISTIE Indonesia_Masters_2020_QuarterFinals\net_shot\set2_rally2_ball9.0.npy
Anders_ANTONSEN_Jonatan_CHRISTIE Indonesia_Masters_2020_QuarterFinals,data/clips_cropped_multi\Anders_ANTONSEN_Jonatan_CHRISTIE Indonesia_Masters_2020_QuarterFinals\net_shot\set2_rally3_ball2.0.mp4,net_shot,OK,1.0,1.0,data/pose_features_multi\Anders_ANTONSEN_Jonatan_CHRISTIE Indonesia_Masters_2020_QuarterFinals\net_shot\set2_rally3_ball2.0.npy
Anders_ANTONSEN_Jonatan_CHRISTIE Indonesia_Masters_2020_QuarterFinals,data/clips_cropped_multi\Anders_ANTONSEN_Jonatan_CHRISTIE Indonesia_Masters_2020_QuarterFinals\net_shot\set2_rally4_ball14.0.mp4,net_shot,OK,1.0,1.0,data/pose_features_multi\Anders_ANTONSEN_Jonatan_CHRISTIE Indonesia_Masters_2020_QuarterFinals\net_shot\set2_rally4_ball14.0.npy
Anders_ANTONSEN_Jonatan_CHRISTIE Indonesia_Masters_2020_QuarterFinals,data/clips_cropped_multi\Anders_ANTONSEN_Jonatan_CHRISTIE Indonesia_Masters_2020_QuarterFinals\net_shot\set2_rally4_ball2.0.mp4,net_shot,OK,1.0,1.0,data/pose_features_multi\Anders_ANTONSEN_Jonatan_CHRISTIE Indonesia_Masters_2020_QuarterFinals\net_shot\set2_rally4_ball2.0.npy
Anders_ANTONSEN_Jonatan_CHRISTIE Indonesia_Masters_2020_QuarterFinals,data/clips_cropped_multi\Anders_ANTONSEN_Jonatan_CHRISTIE Indonesia_Masters_2020_QuarterFinals\net_shot\set2_rally4_ball5.0.mp4,net_shot,OK,1.0,1.0,data/pose_features_multi\Anders_ANTONSEN_Jonatan_CHRISTIE Indonesia_Masters_2020_QuarterFinals\net_shot\set2_rally4_ball5.0.npy
Anders_ANTONSEN_Jonatan_CHRISTIE Indonesia_Masters_2020_QuarterFinals,data/clips_cropped_multi\Anders_ANTONSEN_Jonatan_CHRISTIE Indonesia_Masters_2020_QuarterFinals\net_shot\set2_rally4_ball6.0.mp4,net_shot,OK,0.714,0.714,data/pose_features_multi\Anders_ANTONSEN_Jonatan_CHRISTIE Indonesia_Masters_2020_QuarterFinals\net_shot\set2_rally4_ball6.0.npy
Anders_ANTONSEN_Jonatan_CHRISTIE Indonesia_Masters_2020_QuarterFinals,data/clips_cropped_multi\Anders_ANTONSEN_Jonatan_CHRISTIE Indonesia_Masters_2020_QuarterFinals\net_shot\set2_rally5_ball3.0.mp4,net_shot,OK,1.0,1.0,data/pose_features_multi\Anders_ANTONSEN_Jonatan_CHRISTIE Indonesia_Masters_2020_QuarterFinals\net_shot\set2_rally5_ball3.0.npy
Anders_ANTONSEN_Jonatan_CHRISTIE Indonesia_Masters_2020_QuarterFinals,data/clips_cropped_multi\Anders_ANTONSEN_Jonatan_CHRISTIE Indonesia_Masters_2020_QuarterFinals\net_shot\set2_rally6_ball5.0.mp4,net_shot,OK,1.0,0.643,data/pose_features_multi\Anders_ANTONSEN_Jonatan_CHRISTIE Indonesia_Masters_2020_QuarterFinals\net_shot\set2_rally6_ball5.0.npy
Anders_ANTONSEN_Jonatan_CHRISTIE Indonesia_Masters_2020_QuarterFinals,data/clips_cropped_multi\Anders_ANTONSEN_Jonatan_CHRISTIE Indonesia_Masters_2020_QuarterFinals\net_shot\set2_rally6_ball6.0.mp4,net_shot,OK,1.0,1.0,data/pose_features_multi\Anders_ANTONSEN_Jonatan_CHRISTIE Indonesia_Masters_2020_QuarterFinals\net_shot\set2_rally6_ball6.0.npy
Anders_ANTONSEN_Jonatan_CHRISTIE Indonesia_Masters_2020_QuarterFinals,data/clips_cropped_multi\Anders_ANTONSEN_Jonatan_CHRISTIE Indonesia_Masters_2020_QuarterFinals\net_shot\set2_rally6_ball7.0.mp4,net_shot,OK,1.0,1.0,data/pose_features_multi\Anders_ANTONSEN_Jonatan_CHRISTIE Indonesia_Masters_2020_QuarterFinals\net_shot\set2_rally6_ball7.0.npy
Anders_ANTONSEN_Jonatan_CHRISTIE Indonesia_Masters_2020_QuarterFinals,data/clips_cropped_multi\Anders_ANTONSEN_Jonatan_CHRISTIE Indonesia_Masters_2020_QuarterFinals\net_shot\set2_rally6_ball8.0.mp4,net_shot,OK,1.0,0.696,data/pose_features_multi\Anders_ANTONSEN_Jonatan_CHRISTIE Indonesia_Masters_2020_QuarterFinals\net_shot\set2_rally6_ball8.0.npy
Anders_ANTONSEN_Jonatan_CHRISTIE Indonesia_Masters_2020_QuarterFinals,data/clips_cropped_multi\Anders_ANTONSEN_Jonatan_CHRISTIE Indonesia_Masters_2020_QuarterFinals\net_shot\set2_rally7_ball4.0.mp4,net_shot,OK,1.0,1.0,data/pose_features_multi\Anders_ANTONSEN_Jonatan_CHRISTIE Indonesia_Masters_2020_QuarterFinals\net_shot\set2_rally7_ball4.0.npy
Anders_ANTONSEN_Jonatan_CHRISTIE Indonesia_Masters_2020_QuarterFinals,data/clips_cropped_multi\Anders_ANTONSEN_Jonatan_CHRISTIE Indonesia_Masters_2020_QuarterFinals\net_shot\set2_rally7_ball5.0.mp4,net_shot,OK,1.0,1.0,data/pose_features_multi\Anders_ANTONSEN_Jonatan_CHRISTIE Indonesia_Masters_2020_QuarterFinals\net_shot\set2_rally7_ball5.0.npy
Anders_ANTONSEN_Jonatan_CHRISTIE Indonesia_Masters_2020_QuarterFinals,data/clips_cropped_multi\Anders_ANTONSEN_Jonatan_CHRISTIE Indonesia_Masters_2020_QuarterFinals\net_shot\set2_rally7_ball9.0.mp4,net_shot,OK,1.0,0.679,data/pose_features_multi\Anders_ANTONSEN_Jonatan_CHRISTIE Indonesia_Masters_2020_QuarterFinals\net_shot\set2_rally7_ball9.0.npy
Anders_ANTONSEN_Jonatan_CHRISTIE Indonesia_Masters_2020_QuarterFinals,data/clips_cropped_multi\Anders_ANTONSEN_Jonatan_CHRISTIE Indonesia_Masters_2020_QuarterFinals\net_shot\set2_rally8_ball11.0.mp4,net_shot,OK,1.0,1.0,data/pose_features_multi\Anders_ANTONSEN_Jonatan_CHRISTIE Indonesia_Masters_2020_QuarterFinals\net_shot\set2_rally8_ball11.0.npy
Anders_ANTONSEN_Jonatan_CHRISTIE Indonesia_Masters_2020_QuarterFinals,data/clips_cropped_multi\Anders_ANTONSEN_Jonatan_CHRISTIE Indonesia_Masters_2020_QuarterFinals\net_shot\set2_rally8_ball15.0.mp4,net_shot,OK,1.0,1.0,data/pose_features_multi\Anders_ANTONSEN_Jonatan_CHRISTIE Indonesia_Masters_2020_QuarterFinals\net_shot\set2_rally8_ball15.0.npy
Anders_ANTONSEN_Jonatan_CHRISTIE Indonesia_Masters_2020_QuarterFinals,data/clips_cropped_multi\Anders_ANTONSEN_Jonatan_CHRISTIE Indonesia_Masters_2020_QuarterFinals\net_shot\set2_rally8_ball2.0.mp4,net_shot,OK,1.0,1.0,data/pose_features_multi\Anders_ANTONSEN_Jonatan_CHRISTIE Indonesia_Masters_2020_QuarterFinals\net_shot\set2_rally8_ball2.0.npy
Anders_ANTONSEN_Jonatan_CHRISTIE Indonesia_Masters_2020_QuarterFinals,data/clips_cropped_multi\Anders_ANTONSEN_Jonatan_CHRISTIE Indonesia_Masters_2020_QuarterFinals\net_shot\set2_rally8_ball5.0.mp4,net_shot,OK,1.0,1.0,data/pose_features_multi\Anders_ANTONSEN_Jonatan_CHRISTIE Indonesia_Masters_2020_QuarterFinals\net_shot\set2_rally8_ball5.0.npy
Anders_ANTONSEN_Jonatan_CHRISTIE Indonesia_Masters_2020_QuarterFinals,data/clips_cropped_multi\Anders_ANTONSEN_Jonatan_CHRISTIE Indonesia_Masters_2020_QuarterFinals\net_shot\set2_rally8_ball6.0.mp4,net_shot,OK,1.0,0.75,data/pose_features_multi\Anders_ANTONSEN_Jonatan_CHRISTIE Indonesia_Masters_2020_QuarterFinals\net_shot\set2_rally8_ball6.0.npy
Anders_ANTONSEN_Jonatan_CHRISTIE Indonesia_Masters_2020_QuarterFinals,data/clips_cropped_multi\Anders_ANTONSEN_Jonatan_CHRISTIE Indonesia_Masters_2020_QuarterFinals\net_shot\set2_rally8_ball7.0.mp4,net_shot,OK,1.0,1.0,data/pose_features_multi\Anders_ANTONSEN_Jonatan_CHRISTIE Indonesia_Masters_2020_QuarterFinals\net_shot\set2_rally8_ball7.0.npy
Anders_ANTONSEN_Jonatan_CHRISTIE Indonesia_Masters_2020_QuarterFinals,data/clips_cropped_multi\Anders_ANTONSEN_Jonatan_CHRISTIE Indonesia_Masters_2020_QuarterFinals\net_shot\set2_rally9_ball5.0.mp4,net_shot,OK,1.0,0.75,data/pose_features_multi\Anders_ANTONSEN_Jonatan_CHRISTIE Indonesia_Masters_2020_QuarterFinals\net_shot\set2_rally9_ball5.0.npy
Anders_ANTONSEN_Jonatan_CHRISTIE Indonesia_Masters_2020_QuarterFinals,data/clips_cropped_multi\Anders_ANTONSEN_Jonatan_CHRISTIE Indonesia_Masters_2020_QuarterFinals\net_shot\set3_rally10_ball2.0.mp4,net_shot,OK,1.0,1.0,data/pose_features_multi\Anders_ANTONSEN_Jonatan_CHRISTIE Indonesia_Masters_2020_QuarterFinals\net_shot\set3_rally10_ball2.0.npy
Anders_ANTONSEN_Jonatan_CHRISTIE Indonesia_Masters_2020_QuarterFinals,data/clips_cropped_multi\Anders_ANTONSEN_Jonatan_CHRISTIE Indonesia_Masters_2020_QuarterFinals\net_shot\set3_rally11_ball2.0.mp4,net_shot,OK,1.0,0.929,data/pose_features_multi\Anders_ANTONSEN_Jonatan_CHRISTIE Indonesia_Masters_2020_QuarterFinals\net_shot\set3_rally11_ball2.0.npy
Anders_ANTONSEN_Jonatan_CHRISTIE Indonesia_Masters_2020_QuarterFinals,data/clips_cropped_multi\Anders_ANTONSEN_Jonatan_CHRISTIE Indonesia_Masters_2020_QuarterFinals\net_shot\set3_rally11_ball26.0.mp4,net_shot,OK,1.0,0.75,data/pose_features_multi\Anders_ANTONSEN_Jonatan_CHRISTIE Indonesia_Masters_2020_QuarterFinals\net_shot\set3_rally11_ball26.0.npy
Anders_ANTONSEN_Jonatan_CHRISTIE Indonesia_Masters_2020_QuarterFinals,data/clips_cropped_multi\Anders_ANTONSEN_Jonatan_CHRISTIE Indonesia_Masters_2020_QuarterFinals\net_shot\set3_rally11_ball5.0.mp4,net_shot,OK,0.732,0.732,data/pose_features_multi\Anders_ANTONSEN_Jonatan_CHRISTIE Indonesia_Masters_2020_QuarterFinals\net_shot\set3_rally11_ball5.0.npy
Anders_ANTONSEN_Jonatan_CHRISTIE Indonesia_Masters_2020_QuarterFinals,data/clips_cropped_multi\Anders_ANTONSEN_Jonatan_CHRISTIE Indonesia_Masters_2020_QuarterFinals\net_shot\set3_rally12_ball4.0.mp4,net_shot,OK,1.0,1.0,data/pose_features_multi\Anders_ANTONSEN_Jonatan_CHRISTIE Indonesia_Masters_2020_QuarterFinals\net_shot\set3_rally12_ball4.0.npy
Anders_ANTONSEN_Jonatan_CHRISTIE Indonesia_Masters_2020_QuarterFinals,data/clips_cropped_multi\Anders_ANTONSEN_Jonatan_CHRISTIE Indonesia_Masters_2020_QuarterFinals\net_shot\set3_rally13_ball2.0.mp4,net_shot,OK,1.0,1.0,data/pose_features_multi\Anders_ANTONSEN_Jonatan_CHRISTIE Indonesia_Masters_2020_QuarterFinals\net_shot\set3_rally13_ball2.0.npy
Anders_ANTONSEN_Jonatan_CHRISTIE Indonesia_Masters_2020_QuarterFinals,data/clips_cropped_multi\Anders_ANTONSEN_Jonatan_CHRISTIE Indonesia_Masters_2020_QuarterFinals\net_shot\set3_rally13_ball7.0.mp4,net_shot,OK,1.0,1.0,data/pose_features_multi\Anders_ANTONSEN_Jonatan_CHRISTIE Indonesia_Masters_2020_QuarterFinals\net_shot\set3_rally13_ball7.0.npy
Anders_ANTONSEN_Jonatan_CHRISTIE Indonesia_Masters_2020_QuarterFinals,data/clips_cropped_multi\Anders_ANTONSEN_Jonatan_CHRISTIE Indonesia_Masters_2020_QuarterFinals\net_shot\set3_rally14_ball6.0.mp4,net_shot,OK,1.0,0.589,data/pose_features_multi\Anders_ANTONSEN_Jonatan_CHRISTIE Indonesia_Masters_2020_QuarterFinals\net_shot\set3_rally14_ball6.0.npy
Anders_ANTONSEN_Jonatan_CHRISTIE Indonesia_Masters_2020_QuarterFinals,data/clips_cropped_multi\Anders_ANTONSEN_Jonatan_CHRISTIE Indonesia_Masters_2020_QuarterFinals\net_shot\set3_rally15_ball11.0.mp4,net_shot,OK,1.0,0.625,data/pose_features_multi\Anders_ANTONSEN_Jonatan_CHRISTIE Indonesia_Masters_2020_QuarterFinals\net_shot\set3_rally15_ball11.0.npy
Anders_ANTONSEN_Jonatan_CHRISTIE Indonesia_Masters_2020_QuarterFinals,data/clips_cropped_multi\Anders_ANTONSEN_Jonatan_CHRISTIE Indonesia_Masters_2020_QuarterFinals\net_shot\set3_rally15_ball16.0.mp4,net_shot,OK,1.0,1.0,data/pose_features_multi\Anders_ANTONSEN_Jonatan_CHRISTIE Indonesia_Masters_2020_QuarterFinals\net_shot\set3_rally15_ball16.0.npy
Anders_ANTONSEN_Jonatan_CHRISTIE Indonesia_Masters_2020_QuarterFinals,data/clips_cropped_multi\Anders_ANTONSEN_Jonatan_CHRISTIE Indonesia_Masters_2020_QuarterFinals\net_shot\set3_rally15_ball2.0.mp4,net_shot,OK,1.0,1.0,data/pose_features_multi\Anders_ANTONSEN_Jonatan_CHRISTIE Indonesia_Masters_2020_QuarterFinals\net_shot\set3_rally15_ball2.0.npy
Anders_ANTONSEN_Jonatan_CHRISTIE Indonesia_Masters_2020_QuarterFinals,data/clips_cropped_multi\Anders_ANTONSEN_Jonatan_CHRISTIE Indonesia_Masters_2020_QuarterFinals\net_shot\set3_rally15_ball6.0.mp4,net_shot,OK,1.0,1.0,data/pose_features_multi\Anders_ANTONSEN_Jonatan_CHRISTIE Indonesia_Masters_2020_QuarterFinals\net_shot\set3_rally15_ball6.0.npy
Anders_ANTONSEN_Jonatan_CHRISTIE Indonesia_Masters_2020_QuarterFinals,data/clips_cropped_multi\Anders_ANTONSEN_Jonatan_CHRISTIE Indonesia_Masters_2020_QuarterFinals\net_shot\set3_rally16_ball2.0.mp4,net_shot,OK,1.0,1.0,data/pose_features_multi\Anders_ANTONSEN_Jonatan_CHRISTIE Indonesia_Masters_2020_QuarterFinals\net_shot\set3_rally16_ball2.0.npy
Anders_ANTONSEN_Jonatan_CHRISTIE Indonesia_Masters_2020_QuarterFinals,data/clips_cropped_multi\Anders_ANTONSEN_Jonatan_CHRISTIE Indonesia_Masters_2020_QuarterFinals\net_shot\set3_rally16_ball5.0.mp4,net_shot,OK,1.0,1.0,data/pose_features_multi\Anders_ANTONSEN_Jonatan_CHRISTIE Indonesia_Masters_2020_QuarterFinals\net_shot\set3_rally16_ball5.0.npy
Anders_ANTONSEN_Jonatan_CHRISTIE Indonesia_Masters_2020_QuarterFinals,data/clips_cropped_multi\Anders_ANTONSEN_Jonatan_CHRISTIE Indonesia_Masters_2020_QuarterFinals\net_shot\set3_rally16_ball6.0.mp4,net_shot,OK,1.0,0.732,data/pose_features_multi\Anders_ANTONSEN_Jonatan_CHRISTIE Indonesia_Masters_2020_QuarterFinals\net_shot\set3_rally16_ball6.0.npy
Anders_ANTONSEN_Jonatan_CHRISTIE Indonesia_Masters_2020_QuarterFinals,data/clips_cropped_multi\Anders_ANTONSEN_Jonatan_CHRISTIE Indonesia_Masters_2020_QuarterFinals\net_shot\set3_rally16_ball7.0.mp4,net_shot,OK,1.0,1.0,data/pose_features_multi\Anders_ANTONSEN_Jonatan_CHRISTIE Indonesia_Masters_2020_QuarterFinals\net_shot\set3_rally16_ball7.0.npy
Anders_ANTONSEN_Jonatan_CHRISTIE Indonesia_Masters_2020_QuarterFinals,data/clips_cropped_multi\Anders_ANTONSEN_Jonatan_CHRISTIE Indonesia_Masters_2020_QuarterFinals\net_shot\set3_rally17_ball25.0.mp4,net_shot,OK,1.0,1.0,data/pose_features_multi\Anders_ANTONSEN_Jonatan_CHRISTIE Indonesia_Masters_2020_QuarterFinals\net_shot\set3_rally17_ball25.0.npy
Anders_ANTONSEN_Jonatan_CHRISTIE Indonesia_Masters_2020_QuarterFinals,data/clips_cropped_multi\Anders_ANTONSEN_Jonatan_CHRISTIE Indonesia_Masters_2020_QuarterFinals\net_shot\set3_rally17_ball9.0.mp4,net_shot,OK,1.0,0.964,data/pose_features_multi\Anders_ANTONSEN_Jonatan_CHRISTIE Indonesia_Masters_2020_QuarterFinals\net_shot\set3_rally17_ball9.0.npy
Anders_ANTONSEN_Jonatan_CHRISTIE Indonesia_Masters_2020_QuarterFinals,data/clips_cropped_multi\Anders_ANTONSEN_Jonatan_CHRISTIE Indonesia_Masters_2020_QuarterFinals\net_shot\set3_rally19_ball10.0.mp4,net_shot,OK,1.0,1.0,data/pose_features_multi\Anders_ANTONSEN_Jonatan_CHRISTIE Indonesia_Masters_2020_QuarterFinals\net_shot\set3_rally19_ball10.0.npy
Anders_ANTONSEN_Jonatan_CHRISTIE Indonesia_Masters_2020_QuarterFinals,data/clips_cropped_multi\Anders_ANTONSEN_Jonatan_CHRISTIE Indonesia_Masters_2020_QuarterFinals\net_shot\set3_rally19_ball2.0.mp4,net_shot,OK,1.0,1.0,data/pose_features_multi\Anders_ANTONSEN_Jonatan_CHRISTIE Indonesia_Masters_2020_QuarterFinals\net_shot\set3_rally19_ball2.0.npy
Anders_ANTONSEN_Jonatan_CHRISTIE Indonesia_Masters_2020_QuarterFinals,data/clips_cropped_multi\Anders_ANTONSEN_Jonatan_CHRISTIE Indonesia_Masters_2020_QuarterFinals\net_shot\set3_rally19_ball6.0.mp4,net_shot,OK,1.0,0.821,data/pose_features_multi\Anders_ANTONSEN_Jonatan_CHRISTIE Indonesia_Masters_2020_QuarterFinals\net_shot\set3_rally19_ball6.0.npy
Anders_ANTONSEN_Jonatan_CHRISTIE Indonesia_Masters_2020_QuarterFinals,data/clips_cropped_multi\Anders_ANTONSEN_Jonatan_CHRISTIE Indonesia_Masters_2020_QuarterFinals\net_shot\set3_rally19_ball9.0.mp4,net_shot,OK,1.0,1.0,data/pose_features_multi\Anders_ANTONSEN_Jonatan_CHRISTIE Indonesia_Masters_2020_QuarterFinals\net_shot\set3_rally19_ball9.0.npy
Anders_ANTONSEN_Jonatan_CHRISTIE Indonesia_Masters_2020_QuarterFinals,data/clips_cropped_multi\Anders_ANTONSEN_Jonatan_CHRISTIE Indonesia_Masters_2020_QuarterFinals\net_shot\set3_rally1_ball11.0.mp4,net_shot,OK,1.0,1.0,data/pose_features_multi\Anders_ANTONSEN_Jonatan_CHRISTIE Indonesia_Masters_2020_QuarterFinals\net_shot\set3_rally1_ball11.0.npy
Anders_ANTONSEN_Jonatan_CHRISTIE Indonesia_Masters_2020_QuarterFinals,data/clips_cropped_multi\Anders_ANTONSEN_Jonatan_CHRISTIE Indonesia_Masters_2020_QuarterFinals\net_shot\set3_rally1_ball21.0.mp4,net_shot,OK,0.893,0.893,data/pose_features_multi\Anders_ANTONSEN_Jonatan_CHRISTIE Indonesia_Masters_2020_QuarterFinals\net_shot\set3_rally1_ball21.0.npy
Anders_ANTONSEN_Jonatan_CHRISTIE Indonesia_Masters_2020_QuarterFinals,data/clips_cropped_multi\Anders_ANTONSEN_Jonatan_CHRISTIE Indonesia_Masters_2020_QuarterFinals\net_shot\set3_rally1_ball4.0.mp4,net_shot,OK,1.0,1.0,data/pose_features_multi\Anders_ANTONSEN_Jonatan_CHRISTIE Indonesia_Masters_2020_QuarterFinals\net_shot\set3_rally1_ball4.0.npy
Anders_ANTONSEN_Jonatan_CHRISTIE Indonesia_Masters_2020_QuarterFinals,data/clips_cropped_multi\Anders_ANTONSEN_Jonatan_CHRISTIE Indonesia_Masters_2020_QuarterFinals\net_shot\set3_rally1_ball5.0.mp4,net_shot,OK,1.0,0.929,data/pose_features_multi\Anders_ANTONSEN_Jonatan_CHRISTIE Indonesia_Masters_2020_QuarterFinals\net_shot\set3_rally1_ball5.0.npy
Anders_ANTONSEN_Jonatan_CHRISTIE Indonesia_Masters_2020_QuarterFinals,data/clips_cropped_multi\Anders_ANTONSEN_Jonatan_CHRISTIE Indonesia_Masters_2020_QuarterFinals\net_shot\set3_rally1_ball6.0.mp4,net_shot,OK,1.0,1.0,data/pose_features_multi\Anders_ANTONSEN_Jonatan_CHRISTIE Indonesia_Masters_2020_QuarterFinals\net_shot\set3_rally1_ball6.0.npy
Anders_ANTONSEN_Jonatan_CHRISTIE Indonesia_Masters_2020_QuarterFinals,data/clips_cropped_multi\Anders_ANTONSEN_Jonatan_CHRISTIE Indonesia_Masters_2020_QuarterFinals\net_shot\set3_rally21_ball6.0.mp4,net_shot,OK,1.0,1.0,data/pose_features_multi\Anders_ANTONSEN_Jonatan_CHRISTIE Indonesia_Masters_2020_QuarterFinals\net_shot\set3_rally21_ball6.0.npy
Anders_ANTONSEN_Jonatan_CHRISTIE Indonesia_Masters_2020_QuarterFinals,data/clips_cropped_multi\Anders_ANTONSEN_Jonatan_CHRISTIE Indonesia_Masters_2020_QuarterFinals\net_shot\set3_rally22_ball2.0.mp4,net_shot,POSE_INSUFFICIENT,0.625,0.571,data/pose_features_multi\Anders_ANTONSEN_Jonatan_CHRISTIE Indonesia_Masters_2020_QuarterFinals\net_shot\set3_rally22_ball2.0.npy
Anders_ANTONSEN_Jonatan_CHRISTIE Indonesia_Masters_2020_QuarterFinals,data/clips_cropped_multi\Anders_ANTONSEN_Jonatan_CHRISTIE Indonesia_Masters_2020_QuarterFinals\net_shot\set3_rally22_ball3.0.mp4,net_shot,OK,1.0,0.554,data/pose_features_multi\Anders_ANTONSEN_Jonatan_CHRISTIE Indonesia_Masters_2020_QuarterFinals\net_shot\set3_rally22_ball3.0.npy
Anders_ANTONSEN_Jonatan_CHRISTIE Indonesia_Masters_2020_QuarterFinals,data/clips_cropped_multi\Anders_ANTONSEN_Jonatan_CHRISTIE Indonesia_Masters_2020_QuarterFinals\net_shot\set3_rally22_ball7.0.mp4,net_shot,OK,1.0,0.75,data/pose_features_multi\Anders_ANTONSEN_Jonatan_CHRISTIE Indonesia_Masters_2020_QuarterFinals\net_shot\set3_rally22_ball7.0.npy
Anders_ANTONSEN_Jonatan_CHRISTIE Indonesia_Masters_2020_QuarterFinals,data/clips_cropped_multi\Anders_ANTONSEN_Jonatan_CHRISTIE Indonesia_Masters_2020_QuarterFinals\net_shot\set3_rally22_ball8.0.mp4,net_shot,OK,1.0,1.0,data/pose_features_multi\Anders_ANTONSEN_Jonatan_CHRISTIE Indonesia_Masters_2020_QuarterFinals\net_shot\set3_rally22_ball8.0.npy
Anders_ANTONSEN_Jonatan_CHRISTIE Indonesia_Masters_2020_QuarterFinals,data/clips_cropped_multi\Anders_ANTONSEN_Jonatan_CHRISTIE Indonesia_Masters_2020_QuarterFinals\net_shot\set3_rally24_ball10.0.mp4,net_shot,OK,1.0,1.0,data/pose_features_multi\Anders_ANTONSEN_Jonatan_CHRISTIE Indonesia_Masters_2020_QuarterFinals\net_shot\set3_rally24_ball10.0.npy
Anders_ANTONSEN_Jonatan_CHRISTIE Indonesia_Masters_2020_QuarterFinals,data/clips_cropped_multi\Anders_ANTONSEN_Jonatan_CHRISTIE Indonesia_Masters_2020_QuarterFinals\net_shot\set3_rally24_ball2.0.mp4,net_shot,OK,0.929,0.929,data/pose_features_multi\Anders_ANTONSEN_Jonatan_CHRISTIE Indonesia_Masters_2020_QuarterFinals\net_shot\set3_rally24_ball2.0.npy
Anders_ANTONSEN_Jonatan_CHRISTIE Indonesia_Masters_2020_QuarterFinals,data/clips_cropped_multi\Anders_ANTONSEN_Jonatan_CHRISTIE Indonesia_Masters_2020_QuarterFinals\net_shot\set3_rally24_ball6.0.mp4,net_shot,OK,1.0,1.0,data/pose_features_multi\Anders_ANTONSEN_Jonatan_CHRISTIE Indonesia_Masters_2020_QuarterFinals\net_shot\set3_rally24_ball6.0.npy
Anders_ANTONSEN_Jonatan_CHRISTIE Indonesia_Masters_2020_QuarterFinals,data/clips_cropped_multi\Anders_ANTONSEN_Jonatan_CHRISTIE Indonesia_Masters_2020_QuarterFinals\net_shot\set3_rally25_ball2.0.mp4,net_shot,OK,1.0,1.0,data/pose_features_multi\Anders_ANTONSEN_Jonatan_CHRISTIE Indonesia_Masters_2020_QuarterFinals\net_shot\set3_rally25_ball2.0.npy
Anders_ANTONSEN_Jonatan_CHRISTIE Indonesia_Masters_2020_QuarterFinals,data/clips_cropped_multi\Anders_ANTONSEN_Jonatan_CHRISTIE Indonesia_Masters_2020_QuarterFinals\net_shot\set3_rally25_ball3.0.mp4,net_shot,OK,1.0,1.0,data/pose_features_multi\Anders_ANTONSEN_Jonatan_CHRISTIE Indonesia_Masters_2020_QuarterFinals\net_shot\set3_rally25_ball3.0.npy
Anders_ANTONSEN_Jonatan_CHRISTIE Indonesia_Masters_2020_QuarterFinals,data/clips_cropped_multi\Anders_ANTONSEN_Jonatan_CHRISTIE Indonesia_Masters_2020_QuarterFinals\net_shot\set3_rally26_ball2.0.mp4,net_shot,OK,1.0,0.232,data/pose_features_multi\Anders_ANTONSEN_Jonatan_CHRISTIE Indonesia_Masters_2020_QuarterFinals\net_shot\set3_rally26_ball2.0.npy
Anders_ANTONSEN_Jonatan_CHRISTIE Indonesia_Masters_2020_QuarterFinals,data/clips_cropped_multi\Anders_ANTONSEN_Jonatan_CHRISTIE Indonesia_Masters_2020_QuarterFinals\net_shot\set3_rally26_ball6.0.mp4,net_shot,OK,1.0,0.893,data/pose_features_multi\Anders_ANTONSEN_Jonatan_CHRISTIE Indonesia_Masters_2020_QuarterFinals\net_shot\set3_rally26_ball6.0.npy
Anders_ANTONSEN_Jonatan_CHRISTIE Indonesia_Masters_2020_QuarterFinals,data/clips_cropped_multi\Anders_ANTONSEN_Jonatan_CHRISTIE Indonesia_Masters_2020_QuarterFinals\net_shot\set3_rally26_ball7.0.mp4,net_shot,OK,1.0,1.0,data/pose_features_multi\Anders_ANTONSEN_Jonatan_CHRISTIE Indonesia_Masters_2020_QuarterFinals\net_shot\set3_rally26_ball7.0.npy
Anders_ANTONSEN_Jonatan_CHRISTIE Indonesia_Masters_2020_QuarterFinals,data/clips_cropped_multi\Anders_ANTONSEN_Jonatan_CHRISTIE Indonesia_Masters_2020_QuarterFinals\net_shot\set3_rally27_ball2.0.mp4,net_shot,OK,0.821,0.821,data/pose_features_multi\Anders_ANTONSEN_Jonatan_CHRISTIE Indonesia_Masters_2020_QuarterFinals\net_shot\set3_rally27_ball2.0.npy
Anders_ANTONSEN_Jonatan_CHRISTIE Indonesia_Masters_2020_QuarterFinals,data/clips_cropped_multi\Anders_ANTONSEN_Jonatan_CHRISTIE Indonesia_Masters_2020_QuarterFinals\net_shot\set3_rally28_ball2.0.mp4,net_shot,OK,1.0,0.821,data/pose_features_multi\Anders_ANTONSEN_Jonatan_CHRISTIE Indonesia_Masters_2020_QuarterFinals\net_shot\set3_rally28_ball2.0.npy
Anders_ANTONSEN_Jonatan_CHRISTIE Indonesia_Masters_2020_QuarterFinals,data/clips_cropped_multi\Anders_ANTONSEN_Jonatan_CHRISTIE Indonesia_Masters_2020_QuarterFinals\net_shot\set3_rally29_ball4.0.mp4,net_shot,OK,1.0,0.607,data/pose_features_multi\Anders_ANTONSEN_Jonatan_CHRISTIE Indonesia_Masters_2020_QuarterFinals\net_shot\set3_rally29_ball4.0.npy
Anders_ANTONSEN_Jonatan_CHRISTIE Indonesia_Masters_2020_QuarterFinals,data/clips_cropped_multi\Anders_ANTONSEN_Jonatan_CHRISTIE Indonesia_Masters_2020_QuarterFinals\net_shot\set3_rally2_ball2.0.mp4,net_shot,OK,1.0,1.0,data/pose_features_multi\Anders_ANTONSEN_Jonatan_CHRISTIE Indonesia_Masters_2020_QuarterFinals\net_shot\set3_rally2_ball2.0.npy
Anders_ANTONSEN_Jonatan_CHRISTIE Indonesia_Masters_2020_QuarterFinals,data/clips_cropped_multi\Anders_ANTONSEN_Jonatan_CHRISTIE Indonesia_Masters_2020_QuarterFinals\net_shot\set3_rally31_ball2.0.mp4,net_shot,OK,0.714,0.304,data/pose_features_multi\Anders_ANTONSEN_Jonatan_CHRISTIE Indonesia_Masters_2020_QuarterFinals\net_shot\set3_rally31_ball2.0.npy
Anders_ANTONSEN_Jonatan_CHRISTIE Indonesia_Masters_2020_QuarterFinals,data/clips_cropped_multi\Anders_ANTONSEN_Jonatan_CHRISTIE Indonesia_Masters_2020_QuarterFinals\net_shot\set3_rally32_ball3.0.mp4,net_shot,OK,1.0,0.893,data/pose_features_multi\Anders_ANTONSEN_Jonatan_CHRISTIE Indonesia_Masters_2020_QuarterFinals\net_shot\set3_rally32_ball3.0.npy
Anders_ANTONSEN_Jonatan_CHRISTIE Indonesia_Masters_2020_QuarterFinals,data/clips_cropped_multi\Anders_ANTONSEN_Jonatan_CHRISTIE Indonesia_Masters_2020_QuarterFinals\net_shot\set3_rally32_ball4.0.mp4,net_shot,OK,1.0,1.0,data/pose_features_multi\Anders_ANTONSEN_Jonatan_CHRISTIE Indonesia_Masters_2020_QuarterFinals\net_shot\set3_rally32_ball4.0.npy
Anders_ANTONSEN_Jonatan_CHRISTIE Indonesia_Masters_2020_QuarterFinals,data/clips_cropped_multi\Anders_ANTONSEN_Jonatan_CHRISTIE Indonesia_Masters_2020_QuarterFinals\net_shot\set3_rally33_ball6.0.mp4,net_shot,OK,0.768,0.768,data/pose_features_multi\Anders_ANTONSEN_Jonatan_CHRISTIE Indonesia_Masters_2020_QuarterFinals\net_shot\set3_rally33_ball6.0.npy
Anders_ANTONSEN_Jonatan_CHRISTIE Indonesia_Masters_2020_QuarterFinals,data/clips_cropped_multi\Anders_ANTONSEN_Jonatan_CHRISTIE Indonesia_Masters_2020_QuarterFinals\net_shot\set3_rally3_ball2.0.mp4,net_shot,OK,1.0,0.911,data/pose_features_multi\Anders_ANTONSEN_Jonatan_CHRISTIE Indonesia_Masters_2020_QuarterFinals\net_shot\set3_rally3_ball2.0.npy
Anders_ANTONSEN_Jonatan_CHRISTIE Indonesia_Masters_2020_QuarterFinals,data/clips_cropped_multi\Anders_ANTONSEN_Jonatan_CHRISTIE Indonesia_Masters_2020_QuarterFinals\net_shot\set3_rally4_ball10.0.mp4,net_shot,OK,0.75,0.75,data/pose_features_multi\Anders_ANTONSEN_Jonatan_CHRISTIE Indonesia_Masters_2020_QuarterFinals\net_shot\set3_rally4_ball10.0.npy
Anders_ANTONSEN_Jonatan_CHRISTIE Indonesia_Masters_2020_QuarterFinals,data/clips_cropped_multi\Anders_ANTONSEN_Jonatan_CHRISTIE Indonesia_Masters_2020_QuarterFinals\net_shot\set3_rally4_ball2.0.mp4,net_shot,OK,1.0,1.0,data/pose_features_multi\Anders_ANTONSEN_Jonatan_CHRISTIE Indonesia_Masters_2020_QuarterFinals\net_shot\set3_rally4_ball2.0.npy
Anders_ANTONSEN_Jonatan_CHRISTIE Indonesia_Masters_2020_QuarterFinals,data/clips_cropped_multi\Anders_ANTONSEN_Jonatan_CHRISTIE Indonesia_Masters_2020_QuarterFinals\net_shot\set3_rally4_ball6.0.mp4,net_shot,OK,1.0,1.0,data/pose_features_multi\Anders_ANTONSEN_Jonatan_CHRISTIE Indonesia_Masters_2020_QuarterFinals\net_shot\set3_rally4_ball6.0.npy
Anders_ANTONSEN_Jonatan_CHRISTIE Indonesia_Masters_2020_QuarterFinals,data/clips_cropped_multi\Anders_ANTONSEN_Jonatan_CHRISTIE Indonesia_Masters_2020_QuarterFinals\net_shot\set3_rally7_ball2.0.mp4,net_shot,POSE_INSUFFICIENT,0.0,0.107,data/pose_features_multi\Anders_ANTONSEN_Jonatan_CHRISTIE Indonesia_Masters_2020_QuarterFinals\net_shot\set3_rally7_ball2.0.npy
Anders_ANTONSEN_Jonatan_CHRISTIE Indonesia_Masters_2020_QuarterFinals,data/clips_cropped_multi\Anders_ANTONSEN_Jonatan_CHRISTIE Indonesia_Masters_2020_QuarterFinals\net_shot\set3_rally7_ball3.0.mp4,net_shot,OK,1.0,0.732,data/pose_features_multi\Anders_ANTONSEN_Jonatan_CHRISTIE Indonesia_Masters_2020_QuarterFinals\net_shot\set3_rally7_ball3.0.npy
Anders_ANTONSEN_Jonatan_CHRISTIE Indonesia_Masters_2020_QuarterFinals,data/clips_cropped_multi\Anders_ANTONSEN_Jonatan_CHRISTIE Indonesia_Masters_2020_QuarterFinals\net_shot\set3_rally7_ball4.0.mp4,net_shot,OK,0.964,0.964,data/pose_features_multi\Anders_ANTONSEN_Jonatan_CHRISTIE Indonesia_Masters_2020_QuarterFinals\net_shot\set3_rally7_ball4.0.npy
Anders_ANTONSEN_Jonatan_CHRISTIE Indonesia_Masters_2020_QuarterFinals,data/clips_cropped_multi\Anders_ANTONSEN_Jonatan_CHRISTIE Indonesia_Masters_2020_QuarterFinals\net_shot\set3_rally7_ball7.0.mp4,net_shot,OK,1.0,1.0,data/pose_features_multi\Anders_ANTONSEN_Jonatan_CHRISTIE Indonesia_Masters_2020_QuarterFinals\net_shot\set3_rally7_ball7.0.npy
Anders_ANTONSEN_Jonatan_CHRISTIE Indonesia_Masters_2020_QuarterFinals,data/clips_cropped_multi\Anders_ANTONSEN_Jonatan_CHRISTIE Indonesia_Masters_2020_QuarterFinals\net_shot\set3_rally8_ball7.0.mp4,net_shot,OK,0.821,0.821,data/pose_features_multi\Anders_ANTONSEN_Jonatan_CHRISTIE Indonesia_Masters_2020_QuarterFinals\net_shot\set3_rally8_ball7.0.npy
Anders_ANTONSEN_Jonatan_CHRISTIE Indonesia_Masters_2020_QuarterFinals,data/clips_cropped_multi\Anders_ANTONSEN_Jonatan_CHRISTIE Indonesia_Masters_2020_QuarterFinals\net_shot\set3_rally8_ball8.0.mp4,net_shot,OK,1.0,1.0,data/pose_features_multi\Anders_ANTONSEN_Jonatan_CHRISTIE Indonesia_Masters_2020_QuarterFinals\net_shot\set3_rally8_ball8.0.npy
Anders_ANTONSEN_Jonatan_CHRISTIE Indonesia_Masters_2020_QuarterFinals,data/clips_cropped_multi\Anders_ANTONSEN_Jonatan_CHRISTIE Indonesia_Masters_2020_QuarterFinals\net_shot\set3_rally9_ball2.0.mp4,net_shot,OK,1.0,1.0,data/pose_features_multi\Anders_ANTONSEN_Jonatan_CHRISTIE Indonesia_Masters_2020_QuarterFinals\net_shot\set3_rally9_ball2.0.npy
Anders_ANTONSEN_Jonatan_CHRISTIE Indonesia_Masters_2020_QuarterFinals,data/clips_cropped_multi\Anders_ANTONSEN_Jonatan_CHRISTIE Indonesia_Masters_2020_QuarterFinals\short_service\set1_rally10_ball1.0.mp4,short_service,OK,1.0,1.0,data/pose_features_multi\Anders_ANTONSEN_Jonatan_CHRISTIE Indonesia_Masters_2020_QuarterFinals\short_service\set1_rally10_ball1.0.npy
Anders_ANTONSEN_Jonatan_CHRISTIE Indonesia_Masters_2020_QuarterFinals,data/clips_cropped_multi\Anders_ANTONSEN_Jonatan_CHRISTIE Indonesia_Masters_2020_QuarterFinals\short_service\set1_rally11_ball1.0.mp4,short_service,OK,1.0,0.0,data/pose_features_multi\Anders_ANTONSEN_Jonatan_CHRISTIE Indonesia_Masters_2020_QuarterFinals\short_service\set1_rally11_ball1.0.npy
Anders_ANTONSEN_Jonatan_CHRISTIE Indonesia_Masters_2020_QuarterFinals,data/clips_cropped_multi\Anders_ANTONSEN_Jonatan_CHRISTIE Indonesia_Masters_2020_QuarterFinals\short_service\set1_rally13_ball1.0.mp4,short_service,OK,1.0,0.071,data/pose_features_multi\Anders_ANTONSEN_Jonatan_CHRISTIE Indonesia_Masters_2020_QuarterFinals\short_service\set1_rally13_ball1.0.npy
Anders_ANTONSEN_Jonatan_CHRISTIE Indonesia_Masters_2020_QuarterFinals,data/clips_cropped_multi\Anders_ANTONSEN_Jonatan_CHRISTIE Indonesia_Masters_2020_QuarterFinals\short_service\set1_rally15_ball1.0.mp4,short_service,OK,1.0,1.0,data/pose_features_multi\Anders_ANTONSEN_Jonatan_CHRISTIE Indonesia_Masters_2020_QuarterFinals\short_service\set1_rally15_ball1.0.npy
Anders_ANTONSEN_Jonatan_CHRISTIE Indonesia_Masters_2020_QuarterFinals,data/clips_cropped_multi\Anders_ANTONSEN_Jonatan_CHRISTIE Indonesia_Masters_2020_QuarterFinals\short_service\set1_rally16_ball1.0.mp4,short_service,OK,1.0,1.0,data/pose_features_multi\Anders_ANTONSEN_Jonatan_CHRISTIE Indonesia_Masters_2020_QuarterFinals\short_service\set1_rally16_ball1.0.npy
Anders_ANTONSEN_Jonatan_CHRISTIE Indonesia_Masters_2020_QuarterFinals,data/clips_cropped_multi\Anders_ANTONSEN_Jonatan_CHRISTIE Indonesia_Masters_2020_QuarterFinals\short_service\set1_rally17_ball1.0.mp4,short_service,OK,1.0,0.0,data/pose_features_multi\Anders_ANTONSEN_Jonatan_CHRISTIE Indonesia_Masters_2020_QuarterFinals\short_service\set1_rally17_ball1.0.npy
Anders_ANTONSEN_Jonatan_CHRISTIE Indonesia_Masters_2020_QuarterFinals,data/clips_cropped_multi\Anders_ANTONSEN_Jonatan_CHRISTIE Indonesia_Masters_2020_QuarterFinals\short_service\set1_rally19_ball1.0.mp4,short_service,OK,1.0,0.0,data/pose_features_multi\Anders_ANTONSEN_Jonatan_CHRISTIE Indonesia_Masters_2020_QuarterFinals\short_service\set1_rally19_ball1.0.npy
Anders_ANTONSEN_Jonatan_CHRISTIE Indonesia_Masters_2020_QuarterFinals,data/clips_cropped_multi\Anders_ANTONSEN_Jonatan_CHRISTIE Indonesia_Masters_2020_QuarterFinals\short_service\set1_rally1_ball1.0.mp4,short_service,OK,1.0,0.0,data/pose_features_multi\Anders_ANTONSEN_Jonatan_CHRISTIE Indonesia_Masters_2020_QuarterFinals\short_service\set1_rally1_ball1.0.npy
Anders_ANTONSEN_Jonatan_CHRISTIE Indonesia_Masters_2020_QuarterFinals,data/clips_cropped_multi\Anders_ANTONSEN_Jonatan_CHRISTIE Indonesia_Masters_2020_QuarterFinals\short_service\set1_rally21_ball1.0.mp4,short_service,OK,1.0,1.0,data/pose_features_multi\Anders_ANTONSEN_Jonatan_CHRISTIE Indonesia_Masters_2020_QuarterFinals\short_service\set1_rally21_ball1.0.npy
Anders_ANTONSEN_Jonatan_CHRISTIE Indonesia_Masters_2020_QuarterFinals,data/clips_cropped_multi\Anders_ANTONSEN_Jonatan_CHRISTIE Indonesia_Masters_2020_QuarterFinals\short_service\set1_rally22_ball1.0.mp4,short_service,OK,1.0,1.0,data/pose_features_multi\Anders_ANTONSEN_Jonatan_CHRISTIE Indonesia_Masters_2020_QuarterFinals\short_service\set1_rally22_ball1.0.npy
Anders_ANTONSEN_Jonatan_CHRISTIE Indonesia_Masters_2020_QuarterFinals,data/clips_cropped_multi\Anders_ANTONSEN_Jonatan_CHRISTIE Indonesia_Masters_2020_QuarterFinals\short_service\set1_rally23_ball1.0.mp4,short_service,OK,1.0,0.357,data/pose_features_multi\Anders_ANTONSEN_Jonatan_CHRISTIE Indonesia_Masters_2020_QuarterFinals\short_service\set1_rally23_ball1.0.npy
Anders_ANTONSEN_Jonatan_CHRISTIE Indonesia_Masters_2020_QuarterFinals,data/clips_cropped_multi\Anders_ANTONSEN_Jonatan_CHRISTIE Indonesia_Masters_2020_QuarterFinals\short_service\set1_rally24_ball1.0.mp4,short_service,OK,1.0,0.107,data/pose_features_multi\Anders_ANTONSEN_Jonatan_CHRISTIE Indonesia_Masters_2020_QuarterFinals\short_service\set1_rally24_ball1.0.npy
Anders_ANTONSEN_Jonatan_CHRISTIE Indonesia_Masters_2020_QuarterFinals,data/clips_cropped_multi\Anders_ANTONSEN_Jonatan_CHRISTIE Indonesia_Masters_2020_QuarterFinals\short_service\set1_rally25_ball1.0.mp4,short_service,OK,1.0,1.0,data/pose_features_multi\Anders_ANTONSEN_Jonatan_CHRISTIE Indonesia_Masters_2020_QuarterFinals\short_service\set1_rally25_ball1.0.npy
Anders_ANTONSEN_Jonatan_CHRISTIE Indonesia_Masters_2020_QuarterFinals,data/clips_cropped_multi\Anders_ANTONSEN_Jonatan_CHRISTIE Indonesia_Masters_2020_QuarterFinals\short_service\set1_rally26_ball1.0.mp4,short_service,OK,1.0,0.107,data/pose_features_multi\Anders_ANTONSEN_Jonatan_CHRISTIE Indonesia_Masters_2020_QuarterFinals\short_service\set1_rally26_ball1.0.npy
Anders_ANTONSEN_Jonatan_CHRISTIE Indonesia_Masters_2020_QuarterFinals,data/clips_cropped_multi\Anders_ANTONSEN_Jonatan_CHRISTIE Indonesia_Masters_2020_QuarterFinals\short_service\set1_rally27_ball1.0.mp4,short_service,OK,1.0,0.214,data/pose_features_multi\Anders_ANTONSEN_Jonatan_CHRISTIE Indonesia_Masters_2020_QuarterFinals\short_service\set1_rally27_ball1.0.npy
Anders_ANTONSEN_Jonatan_CHRISTIE Indonesia_Masters_2020_QuarterFinals,data/clips_cropped_multi\Anders_ANTONSEN_Jonatan_CHRISTIE Indonesia_Masters_2020_QuarterFinals\short_service\set1_rally28_ball1.0.mp4,short_service,OK,1.0,1.0,data/pose_features_multi\Anders_ANTONSEN_Jonatan_CHRISTIE Indonesia_Masters_2020_QuarterFinals\short_service\set1_rally28_ball1.0.npy
Anders_ANTONSEN_Jonatan_CHRISTIE Indonesia_Masters_2020_QuarterFinals,data/clips_cropped_multi\Anders_ANTONSEN_Jonatan_CHRISTIE Indonesia_Masters_2020_QuarterFinals\short_service\set1_rally29_ball1.0.mp4,short_service,OK,1.0,0.0,data/pose_features_multi\Anders_ANTONSEN_Jonatan_CHRISTIE Indonesia_Masters_2020_QuarterFinals\short_service\set1_rally29_ball1.0.npy
Anders_ANTONSEN_Jonatan_CHRISTIE Indonesia_Masters_2020_QuarterFinals,data/clips_cropped_multi\Anders_ANTONSEN_Jonatan_CHRISTIE Indonesia_Masters_2020_QuarterFinals\short_service\set1_rally2_ball1.0.mp4,short_service,OK,1.0,1.0,data/pose_features_multi\Anders_ANTONSEN_Jonatan_CHRISTIE Indonesia_Masters_2020_QuarterFinals\short_service\set1_rally2_ball1.0.npy
Anders_ANTONSEN_Jonatan_CHRISTIE Indonesia_Masters_2020_QuarterFinals,data/clips_cropped_multi\Anders_ANTONSEN_Jonatan_CHRISTIE Indonesia_Masters_2020_QuarterFinals\short_service\set1_rally30_ball1.0.mp4,short_service,OK,1.0,1.0,data/pose_features_multi\Anders_ANTONSEN_Jonatan_CHRISTIE Indonesia_Masters_2020_QuarterFinals\short_service\set1_rally30_ball1.0.npy
Anders_ANTONSEN_Jonatan_CHRISTIE Indonesia_Masters_2020_QuarterFinals,data/clips_cropped_multi\Anders_ANTONSEN_Jonatan_CHRISTIE Indonesia_Masters_2020_QuarterFinals\short_service\set1_rally31_ball1.0.mp4,short_service,OK,1.0,0.0,data/pose_features_multi\Anders_ANTONSEN_Jonatan_CHRISTIE Indonesia_Masters_2020_QuarterFinals\short_service\set1_rally31_ball1.0.npy
Anders_ANTONSEN_Jonatan_CHRISTIE Indonesia_Masters_2020_QuarterFinals,data/clips_cropped_multi\Anders_ANTONSEN_Jonatan_CHRISTIE Indonesia_Masters_2020_QuarterFinals\short_service\set1_rally32_ball1.0.mp4,short_service,OK,1.0,0.25,data/pose_features_multi\Anders_ANTONSEN_Jonatan_CHRISTIE Indonesia_Masters_2020_QuarterFinals\short_service\set1_rally32_ball1.0.npy
Anders_ANTONSEN_Jonatan_CHRISTIE Indonesia_Masters_2020_QuarterFinals,data/clips_cropped_multi\Anders_ANTONSEN_Jonatan_CHRISTIE Indonesia_Masters_2020_QuarterFinals\short_service\set1_rally33_ball1.0.mp4,short_service,POSE_INSUFFICIENT,0.25,0.25,data/pose_features_multi\Anders_ANTONSEN_Jonatan_CHRISTIE Indonesia_Masters_2020_QuarterFinals\short_service\set1_rally33_ball1.0.npy
Anders_ANTONSEN_Jonatan_CHRISTIE Indonesia_Masters_2020_QuarterFinals,data/clips_cropped_multi\Anders_ANTONSEN_Jonatan_CHRISTIE Indonesia_Masters_2020_QuarterFinals\short_service\set1_rally34_ball1.0.mp4,short_service,OK,1.0,0.25,data/pose_features_multi\Anders_ANTONSEN_Jonatan_CHRISTIE Indonesia_Masters_2020_QuarterFinals\short_service\set1_rally34_ball1.0.npy
Anders_ANTONSEN_Jonatan_CHRISTIE Indonesia_Masters_2020_QuarterFinals,data/clips_cropped_multi\Anders_ANTONSEN_Jonatan_CHRISTIE Indonesia_Masters_2020_QuarterFinals\short_service\set1_rally35_ball1.0.mp4,short_service,OK,1.0,0.0,data/pose_features_multi\Anders_ANTONSEN_Jonatan_CHRISTIE Indonesia_Masters_2020_QuarterFinals\short_service\set1_rally35_ball1.0.npy
Anders_ANTONSEN_Jonatan_CHRISTIE Indonesia_Masters_2020_QuarterFinals,data/clips_cropped_multi\Anders_ANTONSEN_Jonatan_CHRISTIE Indonesia_Masters_2020_QuarterFinals\short_service\set1_rally3_ball1.0.mp4,short_service,OK,1.0,1.0,data/pose_features_multi\Anders_ANTONSEN_Jonatan_CHRISTIE Indonesia_Masters_2020_QuarterFinals\short_service\set1_rally3_ball1.0.npy
Anders_ANTONSEN_Jonatan_CHRISTIE Indonesia_Masters_2020_QuarterFinals,data/clips_cropped_multi\Anders_ANTONSEN_Jonatan_CHRISTIE Indonesia_Masters_2020_QuarterFinals\short_service\set1_rally4_ball1.0.mp4,short_service,OK,1.0,1.0,data/pose_features_multi\Anders_ANTONSEN_Jonatan_CHRISTIE Indonesia_Masters_2020_QuarterFinals\short_service\set1_rally4_ball1.0.npy
Anders_ANTONSEN_Jonatan_CHRISTIE Indonesia_Masters_2020_QuarterFinals,data/clips_cropped_multi\Anders_ANTONSEN_Jonatan_CHRISTIE Indonesia_Masters_2020_QuarterFinals\short_service\set1_rally5_ball1.0.mp4,short_service,OK,1.0,1.0,data/pose_features_multi\Anders_ANTONSEN_Jonatan_CHRISTIE Indonesia_Masters_2020_QuarterFinals\short_service\set1_rally5_ball1.0.npy
Anders_ANTONSEN_Jonatan_CHRISTIE Indonesia_Masters_2020_QuarterFinals,data/clips_cropped_multi\Anders_ANTONSEN_Jonatan_CHRISTIE Indonesia_Masters_2020_QuarterFinals\short_service\set1_rally6_ball1.0.mp4,short_service,OK,1.0,0.0,data/pose_features_multi\Anders_ANTONSEN_Jonatan_CHRISTIE Indonesia_Masters_2020_QuarterFinals\short_service\set1_rally6_ball1.0.npy
Anders_ANTONSEN_Jonatan_CHRISTIE Indonesia_Masters_2020_QuarterFinals,data/clips_cropped_multi\Anders_ANTONSEN_Jonatan_CHRISTIE Indonesia_Masters_2020_QuarterFinals\short_service\set1_rally7_ball1.0.mp4,short_service,OK,1.0,0.071,data/pose_features_multi\Anders_ANTONSEN_Jonatan_CHRISTIE Indonesia_Masters_2020_QuarterFinals\short_service\set1_rally7_ball1.0.npy
Anders_ANTONSEN_Jonatan_CHRISTIE Indonesia_Masters_2020_QuarterFinals,data/clips_cropped_multi\Anders_ANTONSEN_Jonatan_CHRISTIE Indonesia_Masters_2020_QuarterFinals\short_service\set1_rally8_ball1.0.mp4,short_service,OK,1.0,0.0,data/pose_features_multi\Anders_ANTONSEN_Jonatan_CHRISTIE Indonesia_Masters_2020_QuarterFinals\short_service\set1_rally8_ball1.0.npy
Anders_ANTONSEN_Jonatan_CHRISTIE Indonesia_Masters_2020_QuarterFinals,data/clips_cropped_multi\Anders_ANTONSEN_Jonatan_CHRISTIE Indonesia_Masters_2020_QuarterFinals\short_service\set1_rally9_ball1.0.mp4,short_service,OK,1.0,0.0,data/pose_features_multi\Anders_ANTONSEN_Jonatan_CHRISTIE Indonesia_Masters_2020_QuarterFinals\short_service\set1_rally9_ball1.0.npy
Anders_ANTONSEN_Jonatan_CHRISTIE Indonesia_Masters_2020_QuarterFinals,data/clips_cropped_multi\Anders_ANTONSEN_Jonatan_CHRISTIE Indonesia_Masters_2020_QuarterFinals\short_service\set2_rally10_ball1.0.mp4,short_service,OK,1.0,0.607,data/pose_features_multi\Anders_ANTONSEN_Jonatan_CHRISTIE Indonesia_Masters_2020_QuarterFinals\short_service\set2_rally10_ball1.0.npy
Anders_ANTONSEN_Jonatan_CHRISTIE Indonesia_Masters_2020_QuarterFinals,data/clips_cropped_multi\Anders_ANTONSEN_Jonatan_CHRISTIE Indonesia_Masters_2020_QuarterFinals\short_service\set2_rally11_ball1.0.mp4,short_service,OK,1.0,0.607,data/pose_features_multi\Anders_ANTONSEN_Jonatan_CHRISTIE Indonesia_Masters_2020_QuarterFinals\short_service\set2_rally11_ball1.0.npy
Anders_ANTONSEN_Jonatan_CHRISTIE Indonesia_Masters_2020_QuarterFinals,data/clips_cropped_multi\Anders_ANTONSEN_Jonatan_CHRISTIE Indonesia_Masters_2020_QuarterFinals\short_service\set2_rally12_ball1.0.mp4,short_service,OK,1.0,0.357,data/pose_features_multi\Anders_ANTONSEN_Jonatan_CHRISTIE Indonesia_Masters_2020_QuarterFinals\short_service\set2_rally12_ball1.0.npy
Anders_ANTONSEN_Jonatan_CHRISTIE Indonesia_Masters_2020_QuarterFinals,data/clips_cropped_multi\Anders_ANTONSEN_Jonatan_CHRISTIE Indonesia_Masters_2020_QuarterFinals\short_service\set2_rally15_ball1.0.mp4,short_service,OK,1.0,0.321,data/pose_features_multi\Anders_ANTONSEN_Jonatan_CHRISTIE Indonesia_Masters_2020_QuarterFinals\short_service\set2_rally15_ball1.0.npy
Anders_ANTONSEN_Jonatan_CHRISTIE Indonesia_Masters_2020_QuarterFinals,data/clips_cropped_multi\Anders_ANTONSEN_Jonatan_CHRISTIE Indonesia_Masters_2020_QuarterFinals\short_service\set2_rally17_ball1.0.mp4,short_service,POSE_INSUFFICIENT,0.607,0.214,data/pose_features_multi\Anders_ANTONSEN_Jonatan_CHRISTIE Indonesia_Masters_2020_QuarterFinals\short_service\set2_rally17_ball1.0.npy
Anders_ANTONSEN_Jonatan_CHRISTIE Indonesia_Masters_2020_QuarterFinals,data/clips_cropped_multi\Anders_ANTONSEN_Jonatan_CHRISTIE Indonesia_Masters_2020_QuarterFinals\short_service\set2_rally18_ball1.0.mp4,short_service,OK,1.0,0.643,data/pose_features_multi\Anders_ANTONSEN_Jonatan_CHRISTIE Indonesia_Masters_2020_QuarterFinals\short_service\set2_rally18_ball1.0.npy
Anders_ANTONSEN_Jonatan_CHRISTIE Indonesia_Masters_2020_QuarterFinals,data/clips_cropped_multi\Anders_ANTONSEN_Jonatan_CHRISTIE Indonesia_Masters_2020_QuarterFinals\short_service\set2_rally19_ball1.0.mp4,short_service,OK,1.0,1.0,data/pose_features_multi\Anders_ANTONSEN_Jonatan_CHRISTIE Indonesia_Masters_2020_QuarterFinals\short_service\set2_rally19_ball1.0.npy
Anders_ANTONSEN_Jonatan_CHRISTIE Indonesia_Masters_2020_QuarterFinals,data/clips_cropped_multi\Anders_ANTONSEN_Jonatan_CHRISTIE Indonesia_Masters_2020_QuarterFinals\short_service\set2_rally1_ball1.0.mp4,short_service,OK,1.0,1.0,data/pose_features_multi\Anders_ANTONSEN_Jonatan_CHRISTIE Indonesia_Masters_2020_QuarterFinals\short_service\set2_rally1_ball1.0.npy
Anders_ANTONSEN_Jonatan_CHRISTIE Indonesia_Masters_2020_QuarterFinals,data/clips_cropped_multi\Anders_ANTONSEN_Jonatan_CHRISTIE Indonesia_Masters_2020_QuarterFinals\short_service\set2_rally20_ball1.0.mp4,short_service,OK,1.0,0.571,data/pose_features_multi\Anders_ANTONSEN_Jonatan_CHRISTIE Indonesia_Masters_2020_QuarterFinals\short_service\set2_rally20_ball1.0.npy
Anders_ANTONSEN_Jonatan_CHRISTIE Indonesia_Masters_2020_QuarterFinals,data/clips_cropped_multi\Anders_ANTONSEN_Jonatan_CHRISTIE Indonesia_Masters_2020_QuarterFinals\short_service\set2_rally21_ball1.0.mp4,short_service,OK,1.0,1.0,data/pose_features_multi\Anders_ANTONSEN_Jonatan_CHRISTIE Indonesia_Masters_2020_QuarterFinals\short_service\set2_rally21_ball1.0.npy
Anders_ANTONSEN_Jonatan_CHRISTIE Indonesia_Masters_2020_QuarterFinals,data/clips_cropped_multi\Anders_ANTONSEN_Jonatan_CHRISTIE Indonesia_Masters_2020_QuarterFinals\short_service\set2_rally22_ball1.0.mp4,short_service,OK,1.0,1.0,data/pose_features_multi\Anders_ANTONSEN_Jonatan_CHRISTIE Indonesia_Masters_2020_QuarterFinals\short_service\set2_rally22_ball1.0.npy
Anders_ANTONSEN_Jonatan_CHRISTIE Indonesia_Masters_2020_QuarterFinals,data/clips_cropped_multi\Anders_ANTONSEN_Jonatan_CHRISTIE Indonesia_Masters_2020_QuarterFinals\short_service\set2_rally23_ball1.0.mp4,short_service,OK,1.0,0.679,data/pose_features_multi\Anders_ANTONSEN_Jonatan_CHRISTIE Indonesia_Masters_2020_QuarterFinals\short_service\set2_rally23_ball1.0.npy
Anders_ANTONSEN_Jonatan_CHRISTIE Indonesia_Masters_2020_QuarterFinals,data/clips_cropped_multi\Anders_ANTONSEN_Jonatan_CHRISTIE Indonesia_Masters_2020_QuarterFinals\short_service\set2_rally24_ball1.0.mp4,short_service,OK,1.0,1.0,data/pose_features_multi\Anders_ANTONSEN_Jonatan_CHRISTIE Indonesia_Masters_2020_QuarterFinals\short_service\set2_rally24_ball1.0.npy
Anders_ANTONSEN_Jonatan_CHRISTIE Indonesia_Masters_2020_QuarterFinals,data/clips_cropped_multi\Anders_ANTONSEN_Jonatan_CHRISTIE Indonesia_Masters_2020_QuarterFinals\short_service\set2_rally25_ball1.0.mp4,short_service,OK,1.0,0.5,data/pose_features_multi\Anders_ANTONSEN_Jonatan_CHRISTIE Indonesia_Masters_2020_QuarterFinals\short_service\set2_rally25_ball1.0.npy
Anders_ANTONSEN_Jonatan_CHRISTIE Indonesia_Masters_2020_QuarterFinals,data/clips_cropped_multi\Anders_ANTONSEN_Jonatan_CHRISTIE Indonesia_Masters_2020_QuarterFinals\short_service\set2_rally26_ball1.0.mp4,short_service,POSE_INSUFFICIENT,0.179,0.786,data/pose_features_multi\Anders_ANTONSEN_Jonatan_CHRISTIE Indonesia_Masters_2020_QuarterFinals\short_service\set2_rally26_ball1.0.npy
Anders_ANTONSEN_Jonatan_CHRISTIE Indonesia_Masters_2020_QuarterFinals,data/clips_cropped_multi\Anders_ANTONSEN_Jonatan_CHRISTIE Indonesia_Masters_2020_QuarterFinals\short_service\set2_rally28_ball1.0.mp4,short_service,OK,1.0,1.0,data/pose_features_multi\Anders_ANTONSEN_Jonatan_CHRISTIE Indonesia_Masters_2020_QuarterFinals\short_service\set2_rally28_ball1.0.npy
Anders_ANTONSEN_Jonatan_CHRISTIE Indonesia_Masters_2020_QuarterFinals,data/clips_cropped_multi\Anders_ANTONSEN_Jonatan_CHRISTIE Indonesia_Masters_2020_QuarterFinals\short_service\set2_rally2_ball1.0.mp4,short_service,OK,1.0,1.0,data/pose_features_multi\Anders_ANTONSEN_Jonatan_CHRISTIE Indonesia_Masters_2020_QuarterFinals\short_service\set2_rally2_ball1.0.npy
Anders_ANTONSEN_Jonatan_CHRISTIE Indonesia_Masters_2020_QuarterFinals,data/clips_cropped_multi\Anders_ANTONSEN_Jonatan_CHRISTIE Indonesia_Masters_2020_QuarterFinals\short_service\set2_rally30_ball1.0.mp4,short_service,POSE_INSUFFICIENT,0.0,0.0,data/pose_features_multi\Anders_ANTONSEN_Jonatan_CHRISTIE Indonesia_Masters_2020_QuarterFinals\short_service\set2_rally30_ball1.0.npy
Anders_ANTONSEN_Jonatan_CHRISTIE Indonesia_Masters_2020_QuarterFinals,data/clips_cropped_multi\Anders_ANTONSEN_Jonatan_CHRISTIE Indonesia_Masters_2020_QuarterFinals\short_service\set2_rally3_ball1.0.mp4,short_service,OK,1.0,0.643,data/pose_features_multi\Anders_ANTONSEN_Jonatan_CHRISTIE Indonesia_Masters_2020_QuarterFinals\short_service\set2_rally3_ball1.0.npy
Anders_ANTONSEN_Jonatan_CHRISTIE Indonesia_Masters_2020_QuarterFinals,data/clips_cropped_multi\Anders_ANTONSEN_Jonatan_CHRISTIE Indonesia_Masters_2020_QuarterFinals\short_service\set2_rally4_ball1.0.mp4,short_service,OK,1.0,0.357,data/pose_features_multi\Anders_ANTONSEN_Jonatan_CHRISTIE Indonesia_Masters_2020_QuarterFinals\short_service\set2_rally4_ball1.0.npy
Anders_ANTONSEN_Jonatan_CHRISTIE Indonesia_Masters_2020_QuarterFinals,data/clips_cropped_multi\Anders_ANTONSEN_Jonatan_CHRISTIE Indonesia_Masters_2020_QuarterFinals\short_service\set2_rally5_ball1.0.mp4,short_service,OK,1.0,1.0,data/pose_features_multi\Anders_ANTONSEN_Jonatan_CHRISTIE Indonesia_Masters_2020_QuarterFinals\short_service\set2_rally5_ball1.0.npy
Anders_ANTONSEN_Jonatan_CHRISTIE Indonesia_Masters_2020_QuarterFinals,data/clips_cropped_multi\Anders_ANTONSEN_Jonatan_CHRISTIE Indonesia_Masters_2020_QuarterFinals\short_service\set2_rally6_ball1.0.mp4,short_service,OK,1.0,1.0,data/pose_features_multi\Anders_ANTONSEN_Jonatan_CHRISTIE Indonesia_Masters_2020_QuarterFinals\short_service\set2_rally6_ball1.0.npy
Anders_ANTONSEN_Jonatan_CHRISTIE Indonesia_Masters_2020_QuarterFinals,data/clips_cropped_multi\Anders_ANTONSEN_Jonatan_CHRISTIE Indonesia_Masters_2020_QuarterFinals\short_service\set2_rally7_ball1.0.mp4,short_service,OK,1.0,0.143,data/pose_features_multi\Anders_ANTONSEN_Jonatan_CHRISTIE Indonesia_Masters_2020_QuarterFinals\short_service\set2_rally7_ball1.0.npy
Anders_ANTONSEN_Jonatan_CHRISTIE Indonesia_Masters_2020_QuarterFinals,data/clips_cropped_multi\Anders_ANTONSEN_Jonatan_CHRISTIE Indonesia_Masters_2020_QuarterFinals\short_service\set2_rally8_ball1.0.mp4,short_service,OK,1.0,1.0,data/pose_features_multi\Anders_ANTONSEN_Jonatan_CHRISTIE Indonesia_Masters_2020_QuarterFinals\short_service\set2_rally8_ball1.0.npy
Anders_ANTONSEN_Jonatan_CHRISTIE Indonesia_Masters_2020_QuarterFinals,data/clips_cropped_multi\Anders_ANTONSEN_Jonatan_CHRISTIE Indonesia_Masters_2020_QuarterFinals\short_service\set2_rally9_ball1.0.mp4,short_service,OK,1.0,0.857,data/pose_features_multi\Anders_ANTONSEN_Jonatan_CHRISTIE Indonesia_Masters_2020_QuarterFinals\short_service\set2_rally9_ball1.0.npy
Anders_ANTONSEN_Jonatan_CHRISTIE Indonesia_Masters_2020_QuarterFinals,data/clips_cropped_multi\Anders_ANTONSEN_Jonatan_CHRISTIE Indonesia_Masters_2020_QuarterFinals\short_service\set3_rally10_ball1.0.mp4,short_service,OK,1.0,0.0,data/pose_features_multi\Anders_ANTONSEN_Jonatan_CHRISTIE Indonesia_Masters_2020_QuarterFinals\short_service\set3_rally10_ball1.0.npy
Anders_ANTONSEN_Jonatan_CHRISTIE Indonesia_Masters_2020_QuarterFinals,data/clips_cropped_multi\Anders_ANTONSEN_Jonatan_CHRISTIE Indonesia_Masters_2020_QuarterFinals\short_service\set3_rally11_ball1.0.mp4,short_service,OK,1.0,1.0,data/pose_features_multi\Anders_ANTONSEN_Jonatan_CHRISTIE Indonesia_Masters_2020_QuarterFinals\short_service\set3_rally11_ball1.0.npy
Anders_ANTONSEN_Jonatan_CHRISTIE Indonesia_Masters_2020_QuarterFinals,data/clips_cropped_multi\Anders_ANTONSEN_Jonatan_CHRISTIE Indonesia_Masters_2020_QuarterFinals\short_service\set3_rally12_ball1.0.mp4,short_service,OK,1.0,0.107,data/pose_features_multi\Anders_ANTONSEN_Jonatan_CHRISTIE Indonesia_Masters_2020_QuarterFinals\short_service\set3_rally12_ball1.0.npy
Anders_ANTONSEN_Jonatan_CHRISTIE Indonesia_Masters_2020_QuarterFinals,data/clips_cropped_multi\Anders_ANTONSEN_Jonatan_CHRISTIE Indonesia_Masters_2020_QuarterFinals\short_service\set3_rally13_ball1.0.mp4,short_service,OK,1.0,0.107,data/pose_features_multi\Anders_ANTONSEN_Jonatan_CHRISTIE Indonesia_Masters_2020_QuarterFinals\short_service\set3_rally13_ball1.0.npy
Anders_ANTONSEN_Jonatan_CHRISTIE Indonesia_Masters_2020_QuarterFinals,data/clips_cropped_multi\Anders_ANTONSEN_Jonatan_CHRISTIE Indonesia_Masters_2020_QuarterFinals\short_service\set3_rally14_ball1.0.mp4,short_service,OK,1.0,1.0,data/pose_features_multi\Anders_ANTONSEN_Jonatan_CHRISTIE Indonesia_Masters_2020_QuarterFinals\short_service\set3_rally14_ball1.0.npy
Anders_ANTONSEN_Jonatan_CHRISTIE Indonesia_Masters_2020_QuarterFinals,data/clips_cropped_multi\Anders_ANTONSEN_Jonatan_CHRISTIE Indonesia_Masters_2020_QuarterFinals\short_service\set3_rally15_ball1.0.mp4,short_service,OK,1.0,0.071,data/pose_features_multi\Anders_ANTONSEN_Jonatan_CHRISTIE Indonesia_Masters_2020_QuarterFinals\short_service\set3_rally15_ball1.0.npy
Anders_ANTONSEN_Jonatan_CHRISTIE Indonesia_Masters_2020_QuarterFinals,data/clips_cropped_multi\Anders_ANTONSEN_Jonatan_CHRISTIE Indonesia_Masters_2020_QuarterFinals\short_service\set3_rally16_ball1.0.mp4,short_service,OK,1.0,1.0,data/pose_features_multi\Anders_ANTONSEN_Jonatan_CHRISTIE Indonesia_Masters_2020_QuarterFinals\short_service\set3_rally16_ball1.0.npy
Anders_ANTONSEN_Jonatan_CHRISTIE Indonesia_Masters_2020_QuarterFinals,data/clips_cropped_multi\Anders_ANTONSEN_Jonatan_CHRISTIE Indonesia_Masters_2020_QuarterFinals\short_service\set3_rally17_ball1.0.mp4,short_service,OK,1.0,1.0,data/pose_features_multi\Anders_ANTONSEN_Jonatan_CHRISTIE Indonesia_Masters_2020_QuarterFinals\short_service\set3_rally17_ball1.0.npy
Anders_ANTONSEN_Jonatan_CHRISTIE Indonesia_Masters_2020_QuarterFinals,data/clips_cropped_multi\Anders_ANTONSEN_Jonatan_CHRISTIE Indonesia_Masters_2020_QuarterFinals\short_service\set3_rally18_ball1.0.mp4,short_service,OK,1.0,0.179,data/pose_features_multi\Anders_ANTONSEN_Jonatan_CHRISTIE Indonesia_Masters_2020_QuarterFinals\short_service\set3_rally18_ball1.0.npy
Anders_ANTONSEN_Jonatan_CHRISTIE Indonesia_Masters_2020_QuarterFinals,data/clips_cropped_multi\Anders_ANTONSEN_Jonatan_CHRISTIE Indonesia_Masters_2020_QuarterFinals\short_service\set3_rally19_ball1.0.mp4,short_service,OK,1.0,1.0,data/pose_features_multi\Anders_ANTONSEN_Jonatan_CHRISTIE Indonesia_Masters_2020_QuarterFinals\short_service\set3_rally19_ball1.0.npy
Anders_ANTONSEN_Jonatan_CHRISTIE Indonesia_Masters_2020_QuarterFinals,data/clips_cropped_multi\Anders_ANTONSEN_Jonatan_CHRISTIE Indonesia_Masters_2020_QuarterFinals\short_service\set3_rally1_ball1.0.mp4,short_service,OK,1.0,1.0,data/pose_features_multi\Anders_ANTONSEN_Jonatan_CHRISTIE Indonesia_Masters_2020_QuarterFinals\short_service\set3_rally1_ball1.0.npy
Anders_ANTONSEN_Jonatan_CHRISTIE Indonesia_Masters_2020_QuarterFinals,data/clips_cropped_multi\Anders_ANTONSEN_Jonatan_CHRISTIE Indonesia_Masters_2020_QuarterFinals\short_service\set3_rally20_ball1.0.mp4,short_service,OK,1.0,1.0,data/pose_features_multi\Anders_ANTONSEN_Jonatan_CHRISTIE Indonesia_Masters_2020_QuarterFinals\short_service\set3_rally20_ball1.0.npy
Anders_ANTONSEN_Jonatan_CHRISTIE Indonesia_Masters_2020_QuarterFinals,data/clips_cropped_multi\Anders_ANTONSEN_Jonatan_CHRISTIE Indonesia_Masters_2020_QuarterFinals\short_service\set3_rally21_ball1.0.mp4,short_service,OK,1.0,1.0,data/pose_features_multi\Anders_ANTONSEN_Jonatan_CHRISTIE Indonesia_Masters_2020_QuarterFinals\short_service\set3_rally21_ball1.0.npy
Anders_ANTONSEN_Jonatan_CHRISTIE Indonesia_Masters_2020_QuarterFinals,data/clips_cropped_multi\Anders_ANTONSEN_Jonatan_CHRISTIE Indonesia_Masters_2020_QuarterFinals\short_service\set3_rally22_ball1.0.mp4,short_service,OK,1.0,0.536,data/pose_features_multi\Anders_ANTONSEN_Jonatan_CHRISTIE Indonesia_Masters_2020_QuarterFinals\short_service\set3_rally22_ball1.0.npy
Anders_ANTONSEN_Jonatan_CHRISTIE Indonesia_Masters_2020_QuarterFinals,data/clips_cropped_multi\Anders_ANTONSEN_Jonatan_CHRISTIE Indonesia_Masters_2020_QuarterFinals\short_service\set3_rally23_ball1.0.mp4,short_service,OK,1.0,1.0,data/pose_features_multi\Anders_ANTONSEN_Jonatan_CHRISTIE Indonesia_Masters_2020_QuarterFinals\short_service\set3_rally23_ball1.0.npy
Anders_ANTONSEN_Jonatan_CHRISTIE Indonesia_Masters_2020_QuarterFinals,data/clips_cropped_multi\Anders_ANTONSEN_Jonatan_CHRISTIE Indonesia_Masters_2020_QuarterFinals\short_service\set3_rally24_ball1.0.mp4,short_service,OK,1.0,0.571,data/pose_features_multi\Anders_ANTONSEN_Jonatan_CHRISTIE Indonesia_Masters_2020_QuarterFinals\short_service\set3_rally24_ball1.0.npy
Anders_ANTONSEN_Jonatan_CHRISTIE Indonesia_Masters_2020_QuarterFinals,data/clips_cropped_multi\Anders_ANTONSEN_Jonatan_CHRISTIE Indonesia_Masters_2020_QuarterFinals\short_service\set3_rally25_ball1.0.mp4,short_service,OK,1.0,1.0,data/pose_features_multi\Anders_ANTONSEN_Jonatan_CHRISTIE Indonesia_Masters_2020_QuarterFinals\short_service\set3_rally25_ball1.0.npy
Anders_ANTONSEN_Jonatan_CHRISTIE Indonesia_Masters_2020_QuarterFinals,data/clips_cropped_multi\Anders_ANTONSEN_Jonatan_CHRISTIE Indonesia_Masters_2020_QuarterFinals\short_service\set3_rally26_ball1.0.mp4,short_service,OK,1.0,1.0,data/pose_features_multi\Anders_ANTONSEN_Jonatan_CHRISTIE Indonesia_Masters_2020_QuarterFinals\short_service\set3_rally26_ball1.0.npy
Anders_ANTONSEN_Jonatan_CHRISTIE Indonesia_Masters_2020_QuarterFinals,data/clips_cropped_multi\Anders_ANTONSEN_Jonatan_CHRISTIE Indonesia_Masters_2020_QuarterFinals\short_service\set3_rally27_ball1.0.mp4,short_service,OK,1.0,0.893,data/pose_features_multi\Anders_ANTONSEN_Jonatan_CHRISTIE Indonesia_Masters_2020_QuarterFinals\short_service\set3_rally27_ball1.0.npy
Anders_ANTONSEN_Jonatan_CHRISTIE Indonesia_Masters_2020_QuarterFinals,data/clips_cropped_multi\Anders_ANTONSEN_Jonatan_CHRISTIE Indonesia_Masters_2020_QuarterFinals\short_service\set3_rally28_ball1.0.mp4,short_service,POSE_INSUFFICIENT,0.607,0.607,data/pose_features_multi\Anders_ANTONSEN_Jonatan_CHRISTIE Indonesia_Masters_2020_QuarterFinals\short_service\set3_rally28_ball1.0.npy
Anders_ANTONSEN_Jonatan_CHRISTIE Indonesia_Masters_2020_QuarterFinals,data/clips_cropped_multi\Anders_ANTONSEN_Jonatan_CHRISTIE Indonesia_Masters_2020_QuarterFinals\short_service\set3_rally2_ball1.0.mp4,short_service,OK,1.0,0.0,data/pose_features_multi\Anders_ANTONSEN_Jonatan_CHRISTIE Indonesia_Masters_2020_QuarterFinals\short_service\set3_rally2_ball1.0.npy
Anders_ANTONSEN_Jonatan_CHRISTIE Indonesia_Masters_2020_QuarterFinals,data/clips_cropped_multi\Anders_ANTONSEN_Jonatan_CHRISTIE Indonesia_Masters_2020_QuarterFinals\short_service\set3_rally30_ball1.0.mp4,short_service,OK,1.0,0.786,data/pose_features_multi\Anders_ANTONSEN_Jonatan_CHRISTIE Indonesia_Masters_2020_QuarterFinals\short_service\set3_rally30_ball1.0.npy
Anders_ANTONSEN_Jonatan_CHRISTIE Indonesia_Masters_2020_QuarterFinals,data/clips_cropped_multi\Anders_ANTONSEN_Jonatan_CHRISTIE Indonesia_Masters_2020_QuarterFinals\short_service\set3_rally31_ball1.0.mp4,short_service,POSE_INSUFFICIENT,0.143,0.179,data/pose_features_multi\Anders_ANTONSEN_Jonatan_CHRISTIE Indonesia_Masters_2020_QuarterFinals\short_service\set3_rally31_ball1.0.npy
Anders_ANTONSEN_Jonatan_CHRISTIE Indonesia_Masters_2020_QuarterFinals,data/clips_cropped_multi\Anders_ANTONSEN_Jonatan_CHRISTIE Indonesia_Masters_2020_QuarterFinals\short_service\set3_rally33_ball1.0.mp4,short_service,OK,1.0,0.357,data/pose_features_multi\Anders_ANTONSEN_Jonatan_CHRISTIE Indonesia_Masters_2020_QuarterFinals\short_service\set3_rally33_ball1.0.npy
Anders_ANTONSEN_Jonatan_CHRISTIE Indonesia_Masters_2020_QuarterFinals,data/clips_cropped_multi\Anders_ANTONSEN_Jonatan_CHRISTIE Indonesia_Masters_2020_QuarterFinals\short_service\set3_rally3_ball1.0.mp4,short_service,OK,1.0,1.0,data/pose_features_multi\Anders_ANTONSEN_Jonatan_CHRISTIE Indonesia_Masters_2020_QuarterFinals\short_service\set3_rally3_ball1.0.npy
Anders_ANTONSEN_Jonatan_CHRISTIE Indonesia_Masters_2020_QuarterFinals,data/clips_cropped_multi\Anders_ANTONSEN_Jonatan_CHRISTIE Indonesia_Masters_2020_QuarterFinals\short_service\set3_rally4_ball1.0.mp4,short_service,OK,1.0,0.0,data/pose_features_multi\Anders_ANTONSEN_Jonatan_CHRISTIE Indonesia_Masters_2020_QuarterFinals\short_service\set3_rally4_ball1.0.npy
Anders_ANTONSEN_Jonatan_CHRISTIE Indonesia_Masters_2020_QuarterFinals,data/clips_cropped_multi\Anders_ANTONSEN_Jonatan_CHRISTIE Indonesia_Masters_2020_QuarterFinals\short_service\set3_rally5_ball1.0.mp4,short_service,OK,1.0,0.0,data/pose_features_multi\Anders_ANTONSEN_Jonatan_CHRISTIE Indonesia_Masters_2020_QuarterFinals\short_service\set3_rally5_ball1.0.npy
Anders_ANTONSEN_Jonatan_CHRISTIE Indonesia_Masters_2020_QuarterFinals,data/clips_cropped_multi\Anders_ANTONSEN_Jonatan_CHRISTIE Indonesia_Masters_2020_QuarterFinals\short_service\set3_rally6_ball1.0.mp4,short_service,OK,1.0,0.0,data/pose_features_multi\Anders_ANTONSEN_Jonatan_CHRISTIE Indonesia_Masters_2020_QuarterFinals\short_service\set3_rally6_ball1.0.npy
Anders_ANTONSEN_Jonatan_CHRISTIE Indonesia_Masters_2020_QuarterFinals,data/clips_cropped_multi\Anders_ANTONSEN_Jonatan_CHRISTIE Indonesia_Masters_2020_QuarterFinals\short_service\set3_rally7_ball1.0.mp4,short_service,OK,1.0,0.0,data/pose_features_multi\Anders_ANTONSEN_Jonatan_CHRISTIE Indonesia_Masters_2020_QuarterFinals\short_service\set3_rally7_ball1.0.npy
Anders_ANTONSEN_Jonatan_CHRISTIE Indonesia_Masters_2020_QuarterFinals,data/clips_cropped_multi\Anders_ANTONSEN_Jonatan_CHRISTIE Indonesia_Masters_2020_QuarterFinals\short_service\set3_rally8_ball1.0.mp4,short_service,OK,1.0,1.0,data/pose_features_multi\Anders_ANTONSEN_Jonatan_CHRISTIE Indonesia_Masters_2020_QuarterFinals\short_service\set3_rally8_ball1.0.npy
Anders_ANTONSEN_Jonatan_CHRISTIE Indonesia_Masters_2020_QuarterFinals,data/clips_cropped_multi\Anders_ANTONSEN_Jonatan_CHRISTIE Indonesia_Masters_2020_QuarterFinals\short_service\set3_rally9_ball1.0.mp4,short_service,OK,1.0,0.0,data/pose_features_multi\Anders_ANTONSEN_Jonatan_CHRISTIE Indonesia_Masters_2020_QuarterFinals\short_service\set3_rally9_ball1.0.npy
Anders_ANTONSEN_Jonatan_CHRISTIE Indonesia_Masters_2020_QuarterFinals,data/clips_cropped_multi\Anders_ANTONSEN_Jonatan_CHRISTIE Indonesia_Masters_2020_QuarterFinals\smash\set1_rally14_ball14.0.mp4,smash,OK,0.768,0.768,data/pose_features_multi\Anders_ANTONSEN_Jonatan_CHRISTIE Indonesia_Masters_2020_QuarterFinals\smash\set1_rally14_ball14.0.npy
Anders_ANTONSEN_Jonatan_CHRISTIE Indonesia_Masters_2020_QuarterFinals,data/clips_cropped_multi\Anders_ANTONSEN_Jonatan_CHRISTIE Indonesia_Masters_2020_QuarterFinals\smash\set1_rally14_ball19.0.mp4,smash,OK,1.0,1.0,data/pose_features_multi\Anders_ANTONSEN_Jonatan_CHRISTIE Indonesia_Masters_2020_QuarterFinals\smash\set1_rally14_ball19.0.npy
Anders_ANTONSEN_Jonatan_CHRISTIE Indonesia_Masters_2020_QuarterFinals,data/clips_cropped_multi\Anders_ANTONSEN_Jonatan_CHRISTIE Indonesia_Masters_2020_QuarterFinals\smash\set1_rally14_ball7.0.mp4,smash,OK,1.0,1.0,data/pose_features_multi\Anders_ANTONSEN_Jonatan_CHRISTIE Indonesia_Masters_2020_QuarterFinals\smash\set1_rally14_ball7.0.npy
Anders_ANTONSEN_Jonatan_CHRISTIE Indonesia_Masters_2020_QuarterFinals,data/clips_cropped_multi\Anders_ANTONSEN_Jonatan_CHRISTIE Indonesia_Masters_2020_QuarterFinals\smash\set1_rally25_ball27.0.mp4,smash,OK,1.0,1.0,data/pose_features_multi\Anders_ANTONSEN_Jonatan_CHRISTIE Indonesia_Masters_2020_QuarterFinals\smash\set1_rally25_ball27.0.npy
Anders_ANTONSEN_Jonatan_CHRISTIE Indonesia_Masters_2020_QuarterFinals,data/clips_cropped_multi\Anders_ANTONSEN_Jonatan_CHRISTIE Indonesia_Masters_2020_QuarterFinals\smash\set2_rally21_ball5.0.mp4,smash,OK,1.0,1.0,data/pose_features_multi\Anders_ANTONSEN_Jonatan_CHRISTIE Indonesia_Masters_2020_QuarterFinals\smash\set2_rally21_ball5.0.npy
Kento_MOMOTA_CHOU_Tien_Chen_Denmark_Open_2018_Finals,data/clips_cropped_multi\Kento_MOMOTA_CHOU_Tien_Chen_Denmark_Open_2018_Finals\clear\set1_rally10_ball11.0.mp4,clear,OK,1.0,0.786,data/pose_features_multi\Kento_MOMOTA_CHOU_Tien_Chen_Denmark_Open_2018_Finals\clear\set1_rally10_ball11.0.npy
Kento_MOMOTA_CHOU_Tien_Chen_Denmark_Open_2018_Finals,data/clips_cropped_multi\Kento_MOMOTA_CHOU_Tien_Chen_Denmark_Open_2018_Finals\clear\set1_rally10_ball23.0.mp4,clear,OK,1.0,0.679,data/pose_features_multi\Kento_MOMOTA_CHOU_Tien_Chen_Denmark_Open_2018_Finals\clear\set1_rally10_ball23.0.npy
Kento_MOMOTA_CHOU_Tien_Chen_Denmark_Open_2018_Finals,data/clips_cropped_multi\Kento_MOMOTA_CHOU_Tien_Chen_Denmark_Open_2018_Finals\clear\set1_rally10_ball3.0.mp4,clear,OK,1.0,0.786,data/pose_features_multi\Kento_MOMOTA_CHOU_Tien_Chen_Denmark_Open_2018_Finals\clear\set1_rally10_ball3.0.npy
Kento_MOMOTA_CHOU_Tien_Chen_Denmark_Open_2018_Finals,data/clips_cropped_multi\Kento_MOMOTA_CHOU_Tien_Chen_Denmark_Open_2018_Finals\clear\set1_rally12_ball3.0.mp4,clear,OK,1.0,1.0,data/pose_features_multi\Kento_MOMOTA_CHOU_Tien_Chen_Denmark_Open_2018_Finals\clear\set1_rally12_ball3.0.npy
Kento_MOMOTA_CHOU_Tien_Chen_Denmark_Open_2018_Finals,data/clips_cropped_multi\Kento_MOMOTA_CHOU_Tien_Chen_Denmark_Open_2018_Finals\clear\set1_rally15_ball24.0.mp4,clear,OK,0.75,0.607,data/pose_features_multi\Kento_MOMOTA_CHOU_Tien_Chen_Denmark_Open_2018_Finals\clear\set1_rally15_ball24.0.npy
Kento_MOMOTA_CHOU_Tien_Chen_Denmark_Open_2018_Finals,data/clips_cropped_multi\Kento_MOMOTA_CHOU_Tien_Chen_Denmark_Open_2018_Finals\clear\set1_rally18_ball17.0.mp4,clear,OK,1.0,0.946,data/pose_features_multi\Kento_MOMOTA_CHOU_Tien_Chen_Denmark_Open_2018_Finals\clear\set1_rally18_ball17.0.npy
Kento_MOMOTA_CHOU_Tien_Chen_Denmark_Open_2018_Finals,data/clips_cropped_multi\Kento_MOMOTA_CHOU_Tien_Chen_Denmark_Open_2018_Finals\clear\set1_rally18_ball18.0.mp4,clear,OK,1.0,0.964,data/pose_features_multi\Kento_MOMOTA_CHOU_Tien_Chen_Denmark_Open_2018_Finals\clear\set1_rally18_ball18.0.npy
Kento_MOMOTA_CHOU_Tien_Chen_Denmark_Open_2018_Finals,data/clips_cropped_multi\Kento_MOMOTA_CHOU_Tien_Chen_Denmark_Open_2018_Finals\clear\set1_rally18_ball3.0.mp4,clear,OK,1.0,1.0,data/pose_features_multi\Kento_MOMOTA_CHOU_Tien_Chen_Denmark_Open_2018_Finals\clear\set1_rally18_ball3.0.npy
Kento_MOMOTA_CHOU_Tien_Chen_Denmark_Open_2018_Finals,data/clips_cropped_multi\Kento_MOMOTA_CHOU_Tien_Chen_Denmark_Open_2018_Finals\clear\set1_rally18_ball7.0.mp4,clear,OK,1.0,1.0,data/pose_features_multi\Kento_MOMOTA_CHOU_Tien_Chen_Denmark_Open_2018_Finals\clear\set1_rally18_ball7.0.npy
Kento_MOMOTA_CHOU_Tien_Chen_Denmark_Open_2018_Finals,data/clips_cropped_multi\Kento_MOMOTA_CHOU_Tien_Chen_Denmark_Open_2018_Finals\clear\set1_rally19_ball14.0.mp4,clear,OK,1.0,1.0,data/pose_features_multi\Kento_MOMOTA_CHOU_Tien_Chen_Denmark_Open_2018_Finals\clear\set1_rally19_ball14.0.npy
Kento_MOMOTA_CHOU_Tien_Chen_Denmark_Open_2018_Finals,data/clips_cropped_multi\Kento_MOMOTA_CHOU_Tien_Chen_Denmark_Open_2018_Finals\clear\set1_rally1_ball3.0.mp4,clear,OK,1.0,1.0,data/pose_features_multi\Kento_MOMOTA_CHOU_Tien_Chen_Denmark_Open_2018_Finals\clear\set1_rally1_ball3.0.npy
Kento_MOMOTA_CHOU_Tien_Chen_Denmark_Open_2018_Finals,data/clips_cropped_multi\Kento_MOMOTA_CHOU_Tien_Chen_Denmark_Open_2018_Finals\clear\set1_rally1_ball4.0.mp4,clear,OK,1.0,0.911,data/pose_features_multi\Kento_MOMOTA_CHOU_Tien_Chen_Denmark_Open_2018_Finals\clear\set1_rally1_ball4.0.npy
Kento_MOMOTA_CHOU_Tien_Chen_Denmark_Open_2018_Finals,data/clips_cropped_multi\Kento_MOMOTA_CHOU_Tien_Chen_Denmark_Open_2018_Finals\clear\set1_rally1_ball5.0.mp4,clear,OK,1.0,1.0,data/pose_features_multi\Kento_MOMOTA_CHOU_Tien_Chen_Denmark_Open_2018_Finals\clear\set1_rally1_ball5.0.npy
Kento_MOMOTA_CHOU_Tien_Chen_Denmark_Open_2018_Finals,data/clips_cropped_multi\Kento_MOMOTA_CHOU_Tien_Chen_Denmark_Open_2018_Finals\clear\set1_rally22_ball13.0.mp4,clear,OK,1.0,0.946,data/pose_features_multi\Kento_MOMOTA_CHOU_Tien_Chen_Denmark_Open_2018_Finals\clear\set1_rally22_ball13.0.npy
Kento_MOMOTA_CHOU_Tien_Chen_Denmark_Open_2018_Finals,data/clips_cropped_multi\Kento_MOMOTA_CHOU_Tien_Chen_Denmark_Open_2018_Finals\clear\set1_rally25_ball10.0.mp4,clear,OK,1.0,1.0,data/pose_features_multi\Kento_MOMOTA_CHOU_Tien_Chen_Denmark_Open_2018_Finals\clear\set1_rally25_ball10.0.npy
Kento_MOMOTA_CHOU_Tien_Chen_Denmark_Open_2018_Finals,data/clips_cropped_multi\Kento_MOMOTA_CHOU_Tien_Chen_Denmark_Open_2018_Finals\clear\set1_rally25_ball19.0.mp4,clear,OK,1.0,0.696,data/pose_features_multi\Kento_MOMOTA_CHOU_Tien_Chen_Denmark_Open_2018_Finals\clear\set1_rally25_ball19.0.npy
Kento_MOMOTA_CHOU_Tien_Chen_Denmark_Open_2018_Finals,data/clips_cropped_multi\Kento_MOMOTA_CHOU_Tien_Chen_Denmark_Open_2018_Finals\clear\set1_rally2_ball6.0.mp4,clear,OK,1.0,0.857,data/pose_features_multi\Kento_MOMOTA_CHOU_Tien_Chen_Denmark_Open_2018_Finals\clear\set1_rally2_ball6.0.npy
Kento_MOMOTA_CHOU_Tien_Chen_Denmark_Open_2018_Finals,data/clips_cropped_multi\Kento_MOMOTA_CHOU_Tien_Chen_Denmark_Open_2018_Finals\clear\set1_rally32_ball3.0.mp4,clear,OK,1.0,1.0,data/pose_features_multi\Kento_MOMOTA_CHOU_Tien_Chen_Denmark_Open_2018_Finals\clear\set1_rally32_ball3.0.npy
Kento_MOMOTA_CHOU_Tien_Chen_Denmark_Open_2018_Finals,data/clips_cropped_multi\Kento_MOMOTA_CHOU_Tien_Chen_Denmark_Open_2018_Finals\clear\set1_rally32_ball4.0.mp4,clear,OK,1.0,1.0,data/pose_features_multi\Kento_MOMOTA_CHOU_Tien_Chen_Denmark_Open_2018_Finals\clear\set1_rally32_ball4.0.npy
Kento_MOMOTA_CHOU_Tien_Chen_Denmark_Open_2018_Finals,data/clips_cropped_multi\Kento_MOMOTA_CHOU_Tien_Chen_Denmark_Open_2018_Finals\clear\set1_rally33_ball4.0.mp4,clear,OK,1.0,0.625,data/pose_features_multi\Kento_MOMOTA_CHOU_Tien_Chen_Denmark_Open_2018_Finals\clear\set1_rally33_ball4.0.npy
Kento_MOMOTA_CHOU_Tien_Chen_Denmark_Open_2018_Finals,data/clips_cropped_multi\Kento_MOMOTA_CHOU_Tien_Chen_Denmark_Open_2018_Finals\clear\set1_rally33_ball8.0.mp4,clear,OK,1.0,0.643,data/pose_features_multi\Kento_MOMOTA_CHOU_Tien_Chen_Denmark_Open_2018_Finals\clear\set1_rally33_ball8.0.npy
Kento_MOMOTA_CHOU_Tien_Chen_Denmark_Open_2018_Finals,data/clips_cropped_multi\Kento_MOMOTA_CHOU_Tien_Chen_Denmark_Open_2018_Finals\clear\set1_rally34_ball16.0.mp4,clear,OK,1.0,1.0,data/pose_features_multi\Kento_MOMOTA_CHOU_Tien_Chen_Denmark_Open_2018_Finals\clear\set1_rally34_ball16.0.npy
Kento_MOMOTA_CHOU_Tien_Chen_Denmark_Open_2018_Finals,data/clips_cropped_multi\Kento_MOMOTA_CHOU_Tien_Chen_Denmark_Open_2018_Finals\clear\set1_rally34_ball26.0.mp4,clear,OK,0.875,0.875,data/pose_features_multi\Kento_MOMOTA_CHOU_Tien_Chen_Denmark_Open_2018_Finals\clear\set1_rally34_ball26.0.npy
Kento_MOMOTA_CHOU_Tien_Chen_Denmark_Open_2018_Finals,data/clips_cropped_multi\Kento_MOMOTA_CHOU_Tien_Chen_Denmark_Open_2018_Finals\clear\set1_rally38_ball4.0.mp4,clear,OK,1.0,0.964,data/pose_features_multi\Kento_MOMOTA_CHOU_Tien_Chen_Denmark_Open_2018_Finals\clear\set1_rally38_ball4.0.npy
Kento_MOMOTA_CHOU_Tien_Chen_Denmark_Open_2018_Finals,data/clips_cropped_multi\Kento_MOMOTA_CHOU_Tien_Chen_Denmark_Open_2018_Finals\clear\set1_rally39_ball10.0.mp4,clear,OK,1.0,1.0,data/pose_features_multi\Kento_MOMOTA_CHOU_Tien_Chen_Denmark_Open_2018_Finals\clear\set1_rally39_ball10.0.npy
Kento_MOMOTA_CHOU_Tien_Chen_Denmark_Open_2018_Finals,data/clips_cropped_multi\Kento_MOMOTA_CHOU_Tien_Chen_Denmark_Open_2018_Finals\clear\set1_rally39_ball11.0.mp4,clear,OK,1.0,0.964,data/pose_features_multi\Kento_MOMOTA_CHOU_Tien_Chen_Denmark_Open_2018_Finals\clear\set1_rally39_ball11.0.npy
Kento_MOMOTA_CHOU_Tien_Chen_Denmark_Open_2018_Finals,data/clips_cropped_multi\Kento_MOMOTA_CHOU_Tien_Chen_Denmark_Open_2018_Finals\clear\set1_rally39_ball9.0.mp4,clear,OK,1.0,1.0,data/pose_features_multi\Kento_MOMOTA_CHOU_Tien_Chen_Denmark_Open_2018_Finals\clear\set1_rally39_ball9.0.npy
Kento_MOMOTA_CHOU_Tien_Chen_Denmark_Open_2018_Finals,data/clips_cropped_multi\Kento_MOMOTA_CHOU_Tien_Chen_Denmark_Open_2018_Finals\clear\set1_rally3_ball2.0.mp4,clear,OK,0.893,0.696,data/pose_features_multi\Kento_MOMOTA_CHOU_Tien_Chen_Denmark_Open_2018_Finals\clear\set1_rally3_ball2.0.npy
Kento_MOMOTA_CHOU_Tien_Chen_Denmark_Open_2018_Finals,data/clips_cropped_multi\Kento_MOMOTA_CHOU_Tien_Chen_Denmark_Open_2018_Finals\clear\set1_rally4_ball17.0.mp4,clear,OK,1.0,1.0,data/pose_features_multi\Kento_MOMOTA_CHOU_Tien_Chen_Denmark_Open_2018_Finals\clear\set1_rally4_ball17.0.npy
Kento_MOMOTA_CHOU_Tien_Chen_Denmark_Open_2018_Finals,data/clips_cropped_multi\Kento_MOMOTA_CHOU_Tien_Chen_Denmark_Open_2018_Finals\clear\set1_rally4_ball21.0.mp4,clear,OK,1.0,0.661,data/pose_features_multi\Kento_MOMOTA_CHOU_Tien_Chen_Denmark_Open_2018_Finals\clear\set1_rally4_ball21.0.npy
Kento_MOMOTA_CHOU_Tien_Chen_Denmark_Open_2018_Finals,data/clips_cropped_multi\Kento_MOMOTA_CHOU_Tien_Chen_Denmark_Open_2018_Finals\clear\set1_rally4_ball22.0.mp4,clear,OK,1.0,1.0,data/pose_features_multi\Kento_MOMOTA_CHOU_Tien_Chen_Denmark_Open_2018_Finals\clear\set1_rally4_ball22.0.npy
Kento_MOMOTA_CHOU_Tien_Chen_Denmark_Open_2018_Finals,data/clips_cropped_multi\Kento_MOMOTA_CHOU_Tien_Chen_Denmark_Open_2018_Finals\clear\set1_rally4_ball29.0.mp4,clear,OK,1.0,1.0,data/pose_features_multi\Kento_MOMOTA_CHOU_Tien_Chen_Denmark_Open_2018_Finals\clear\set1_rally4_ball29.0.npy
Kento_MOMOTA_CHOU_Tien_Chen_Denmark_Open_2018_Finals,data/clips_cropped_multi\Kento_MOMOTA_CHOU_Tien_Chen_Denmark_Open_2018_Finals\clear\set1_rally4_ball3.0.mp4,clear,OK,1.0,0.946,data/pose_features_multi\Kento_MOMOTA_CHOU_Tien_Chen_Denmark_Open_2018_Finals\clear\set1_rally4_ball3.0.npy
Kento_MOMOTA_CHOU_Tien_Chen_Denmark_Open_2018_Finals,data/clips_cropped_multi\Kento_MOMOTA_CHOU_Tien_Chen_Denmark_Open_2018_Finals\clear\set1_rally5_ball11.0.mp4,clear,OK,1.0,0.768,data/pose_features_multi\Kento_MOMOTA_CHOU_Tien_Chen_Denmark_Open_2018_Finals\clear\set1_rally5_ball11.0.npy
Kento_MOMOTA_CHOU_Tien_Chen_Denmark_Open_2018_Finals,data/clips_cropped_multi\Kento_MOMOTA_CHOU_Tien_Chen_Denmark_Open_2018_Finals\clear\set1_rally5_ball18.0.mp4,clear,OK,1.0,1.0,data/pose_features_multi\Kento_MOMOTA_CHOU_Tien_Chen_Denmark_Open_2018_Finals\clear\set1_rally5_ball18.0.npy
Kento_MOMOTA_CHOU_Tien_Chen_Denmark_Open_2018_Finals,data/clips_cropped_multi\Kento_MOMOTA_CHOU_Tien_Chen_Denmark_Open_2018_Finals\clear\set1_rally5_ball2.0.mp4,clear,OK,1.0,1.0,data/pose_features_multi\Kento_MOMOTA_CHOU_Tien_Chen_Denmark_Open_2018_Finals\clear\set1_rally5_ball2.0.npy
Kento_MOMOTA_CHOU_Tien_Chen_Denmark_Open_2018_Finals,data/clips_cropped_multi\Kento_MOMOTA_CHOU_Tien_Chen_Denmark_Open_2018_Finals\clear\set1_rally9_ball2.0.mp4,clear,POSE_INSUFFICIENT,0.357,0.357,data/pose_features_multi\Kento_MOMOTA_CHOU_Tien_Chen_Denmark_Open_2018_Finals\clear\set1_rally9_ball2.0.npy
Kento_MOMOTA_CHOU_Tien_Chen_Denmark_Open_2018_Finals,data/clips_cropped_multi\Kento_MOMOTA_CHOU_Tien_Chen_Denmark_Open_2018_Finals\clear\set2_rally10_ball17.0.mp4,clear,OK,1.0,1.0,data/pose_features_multi\Kento_MOMOTA_CHOU_Tien_Chen_Denmark_Open_2018_Finals\clear\set2_rally10_ball17.0.npy
Kento_MOMOTA_CHOU_Tien_Chen_Denmark_Open_2018_Finals,data/clips_cropped_multi\Kento_MOMOTA_CHOU_Tien_Chen_Denmark_Open_2018_Finals\clear\set2_rally10_ball29.0.mp4,clear,OK,1.0,1.0,data/pose_features_multi\Kento_MOMOTA_CHOU_Tien_Chen_Denmark_Open_2018_Finals\clear\set2_rally10_ball29.0.npy
Kento_MOMOTA_CHOU_Tien_Chen_Denmark_Open_2018_Finals,data/clips_cropped_multi\Kento_MOMOTA_CHOU_Tien_Chen_Denmark_Open_2018_Finals\clear\set2_rally10_ball35.0.mp4,clear,OK,1.0,1.0,data/pose_features_multi\Kento_MOMOTA_CHOU_Tien_Chen_Denmark_Open_2018_Finals\clear\set2_rally10_ball35.0.npy
Kento_MOMOTA_CHOU_Tien_Chen_Denmark_Open_2018_Finals,data/clips_cropped_multi\Kento_MOMOTA_CHOU_Tien_Chen_Denmark_Open_2018_Finals\clear\set2_rally13_ball7.0.mp4,clear,OK,1.0,1.0,data/pose_features_multi\Kento_MOMOTA_CHOU_Tien_Chen_Denmark_Open_2018_Finals\clear\set2_rally13_ball7.0.npy
Kento_MOMOTA_CHOU_Tien_Chen_Denmark_Open_2018_Finals,data/clips_cropped_multi\Kento_MOMOTA_CHOU_Tien_Chen_Denmark_Open_2018_Finals\clear\set2_rally14_ball6.0.mp4,clear,OK,1.0,1.0,data/pose_features_multi\Kento_MOMOTA_CHOU_Tien_Chen_Denmark_Open_2018_Finals\clear\set2_rally14_ball6.0.npy
Kento_MOMOTA_CHOU_Tien_Chen_Denmark_Open_2018_Finals,data/clips_cropped_multi\Kento_MOMOTA_CHOU_Tien_Chen_Denmark_Open_2018_Finals\clear\set2_rally15_ball3.0.mp4,clear,OK,1.0,1.0,data/pose_features_multi\Kento_MOMOTA_CHOU_Tien_Chen_Denmark_Open_2018_Finals\clear\set2_rally15_ball3.0.npy
Kento_MOMOTA_CHOU_Tien_Chen_Denmark_Open_2018_Finals,data/clips_cropped_multi\Kento_MOMOTA_CHOU_Tien_Chen_Denmark_Open_2018_Finals\clear\set2_rally15_ball4.0.mp4,clear,OK,1.0,0.893,data/pose_features_multi\Kento_MOMOTA_CHOU_Tien_Chen_Denmark_Open_2018_Finals\clear\set2_rally15_ball4.0.npy
Kento_MOMOTA_CHOU_Tien_Chen_Denmark_Open_2018_Finals,data/clips_cropped_multi\Kento_MOMOTA_CHOU_Tien_Chen_Denmark_Open_2018_Finals\clear\set2_rally15_ball5.0.mp4,clear,OK,0.964,0.964,data/pose_features_multi\Kento_MOMOTA_CHOU_Tien_Chen_Denmark_Open_2018_Finals\clear\set2_rally15_ball5.0.npy
Kento_MOMOTA_CHOU_Tien_Chen_Denmark_Open_2018_Finals,data/clips_cropped_multi\Kento_MOMOTA_CHOU_Tien_Chen_Denmark_Open_2018_Finals\clear\set2_rally19_ball3.0.mp4,clear,OK,1.0,1.0,data/pose_features_multi\Kento_MOMOTA_CHOU_Tien_Chen_Denmark_Open_2018_Finals\clear\set2_rally19_ball3.0.npy
Kento_MOMOTA_CHOU_Tien_Chen_Denmark_Open_2018_Finals,data/clips_cropped_multi\Kento_MOMOTA_CHOU_Tien_Chen_Denmark_Open_2018_Finals\clear\set2_rally19_ball4.0.mp4,clear,OK,1.0,1.0,data/pose_features_multi\Kento_MOMOTA_CHOU_Tien_Chen_Denmark_Open_2018_Finals\clear\set2_rally19_ball4.0.npy
Kento_MOMOTA_CHOU_Tien_Chen_Denmark_Open_2018_Finals,data/clips_cropped_multi\Kento_MOMOTA_CHOU_Tien_Chen_Denmark_Open_2018_Finals\clear\set2_rally20_ball3.0.mp4,clear,OK,1.0,1.0,data/pose_features_multi\Kento_MOMOTA_CHOU_Tien_Chen_Denmark_Open_2018_Finals\clear\set2_rally20_ball3.0.npy
Kento_MOMOTA_CHOU_Tien_Chen_Denmark_Open_2018_Finals,data/clips_cropped_multi\Kento_MOMOTA_CHOU_Tien_Chen_Denmark_Open_2018_Finals\clear\set2_rally20_ball4.0.mp4,clear,OK,1.0,1.0,data/pose_features_multi\Kento_MOMOTA_CHOU_Tien_Chen_Denmark_Open_2018_Finals\clear\set2_rally20_ball4.0.npy
Kento_MOMOTA_CHOU_Tien_Chen_Denmark_Open_2018_Finals,data/clips_cropped_multi\Kento_MOMOTA_CHOU_Tien_Chen_Denmark_Open_2018_Finals\clear\set2_rally21_ball12.0.mp4,clear,OK,1.0,0.893,data/pose_features_multi\Kento_MOMOTA_CHOU_Tien_Chen_Denmark_Open_2018_Finals\clear\set2_rally21_ball12.0.npy
Kento_MOMOTA_CHOU_Tien_Chen_Denmark_Open_2018_Finals,data/clips_cropped_multi\Kento_MOMOTA_CHOU_Tien_Chen_Denmark_Open_2018_Finals\clear\set2_rally21_ball20.0.mp4,clear,OK,1.0,0.893,data/pose_features_multi\Kento_MOMOTA_CHOU_Tien_Chen_Denmark_Open_2018_Finals\clear\set2_rally21_ball20.0.npy
Kento_MOMOTA_CHOU_Tien_Chen_Denmark_Open_2018_Finals,data/clips_cropped_multi\Kento_MOMOTA_CHOU_Tien_Chen_Denmark_Open_2018_Finals\clear\set2_rally21_ball25.0.mp4,clear,OK,1.0,1.0,data/pose_features_multi\Kento_MOMOTA_CHOU_Tien_Chen_Denmark_Open_2018_Finals\clear\set2_rally21_ball25.0.npy
Kento_MOMOTA_CHOU_Tien_Chen_Denmark_Open_2018_Finals,data/clips_cropped_multi\Kento_MOMOTA_CHOU_Tien_Chen_Denmark_Open_2018_Finals\clear\set2_rally21_ball3.0.mp4,clear,OK,1.0,1.0,data/pose_features_multi\Kento_MOMOTA_CHOU_Tien_Chen_Denmark_Open_2018_Finals\clear\set2_rally21_ball3.0.npy
Kento_MOMOTA_CHOU_Tien_Chen_Denmark_Open_2018_Finals,data/clips_cropped_multi\Kento_MOMOTA_CHOU_Tien_Chen_Denmark_Open_2018_Finals\clear\set2_rally22_ball3.0.mp4,clear,OK,1.0,0.804,data/pose_features_multi\Kento_MOMOTA_CHOU_Tien_Chen_Denmark_Open_2018_Finals\clear\set2_rally22_ball3.0.npy
Kento_MOMOTA_CHOU_Tien_Chen_Denmark_Open_2018_Finals,data/clips_cropped_multi\Kento_MOMOTA_CHOU_Tien_Chen_Denmark_Open_2018_Finals\clear\set2_rally24_ball4.0.mp4,clear,OK,1.0,1.0,data/pose_features_multi\Kento_MOMOTA_CHOU_Tien_Chen_Denmark_Open_2018_Finals\clear\set2_rally24_ball4.0.npy
Kento_MOMOTA_CHOU_Tien_Chen_Denmark_Open_2018_Finals,data/clips_cropped_multi\Kento_MOMOTA_CHOU_Tien_Chen_Denmark_Open_2018_Finals\clear\set2_rally25_ball8.0.mp4,clear,OK,1.0,1.0,data/pose_features_multi\Kento_MOMOTA_CHOU_Tien_Chen_Denmark_Open_2018_Finals\clear\set2_rally25_ball8.0.npy
Kento_MOMOTA_CHOU_Tien_Chen_Denmark_Open_2018_Finals,data/clips_cropped_multi\Kento_MOMOTA_CHOU_Tien_Chen_Denmark_Open_2018_Finals\clear\set2_rally27_ball3.0.mp4,clear,OK,1.0,1.0,data/pose_features_multi\Kento_MOMOTA_CHOU_Tien_Chen_Denmark_Open_2018_Finals\clear\set2_rally27_ball3.0.npy
Kento_MOMOTA_CHOU_Tien_Chen_Denmark_Open_2018_Finals,data/clips_cropped_multi\Kento_MOMOTA_CHOU_Tien_Chen_Denmark_Open_2018_Finals\clear\set2_rally27_ball7.0.mp4,clear,OK,1.0,0.929,data/pose_features_multi\Kento_MOMOTA_CHOU_Tien_Chen_Denmark_Open_2018_Finals\clear\set2_rally27_ball7.0.npy
Kento_MOMOTA_CHOU_Tien_Chen_Denmark_Open_2018_Finals,data/clips_cropped_multi\Kento_MOMOTA_CHOU_Tien_Chen_Denmark_Open_2018_Finals\clear\set2_rally29_ball14.0.mp4,clear,OK,1.0,1.0,data/pose_features_multi\Kento_MOMOTA_CHOU_Tien_Chen_Denmark_Open_2018_Finals\clear\set2_rally29_ball14.0.npy
Kento_MOMOTA_CHOU_Tien_Chen_Denmark_Open_2018_Finals,data/clips_cropped_multi\Kento_MOMOTA_CHOU_Tien_Chen_Denmark_Open_2018_Finals\clear\set2_rally2_ball8.0.mp4,clear,OK,1.0,0.911,data/pose_features_multi\Kento_MOMOTA_CHOU_Tien_Chen_Denmark_Open_2018_Finals\clear\set2_rally2_ball8.0.npy
Kento_MOMOTA_CHOU_Tien_Chen_Denmark_Open_2018_Finals,data/clips_cropped_multi\Kento_MOMOTA_CHOU_Tien_Chen_Denmark_Open_2018_Finals\clear\set2_rally31_ball13.0.mp4,clear,OK,1.0,0.911,data/pose_features_multi\Kento_MOMOTA_CHOU_Tien_Chen_Denmark_Open_2018_Finals\clear\set2_rally31_ball13.0.npy
Kento_MOMOTA_CHOU_Tien_Chen_Denmark_Open_2018_Finals,data/clips_cropped_multi\Kento_MOMOTA_CHOU_Tien_Chen_Denmark_Open_2018_Finals\clear\set2_rally32_ball3.0.mp4,clear,OK,1.0,1.0,data/pose_features_multi\Kento_MOMOTA_CHOU_Tien_Chen_Denmark_Open_2018_Finals\clear\set2_rally32_ball3.0.npy
Kento_MOMOTA_CHOU_Tien_Chen_Denmark_Open_2018_Finals,data/clips_cropped_multi\Kento_MOMOTA_CHOU_Tien_Chen_Denmark_Open_2018_Finals\clear\set2_rally32_ball4.0.mp4,clear,OK,1.0,1.0,data/pose_features_multi\Kento_MOMOTA_CHOU_Tien_Chen_Denmark_Open_2018_Finals\clear\set2_rally32_ball4.0.npy
Kento_MOMOTA_CHOU_Tien_Chen_Denmark_Open_2018_Finals,data/clips_cropped_multi\Kento_MOMOTA_CHOU_Tien_Chen_Denmark_Open_2018_Finals\clear\set2_rally32_ball8.0.mp4,clear,OK,1.0,0.804,data/pose_features_multi\Kento_MOMOTA_CHOU_Tien_Chen_Denmark_Open_2018_Finals\clear\set2_rally32_ball8.0.npy
Kento_MOMOTA_CHOU_Tien_Chen_Denmark_Open_2018_Finals,data/clips_cropped_multi\Kento_MOMOTA_CHOU_Tien_Chen_Denmark_Open_2018_Finals\clear\set2_rally33_ball3.0.mp4,clear,OK,1.0,1.0,data/pose_features_multi\Kento_MOMOTA_CHOU_Tien_Chen_Denmark_Open_2018_Finals\clear\set2_rally33_ball3.0.npy
Kento_MOMOTA_CHOU_Tien_Chen_Denmark_Open_2018_Finals,data/clips_cropped_multi\Kento_MOMOTA_CHOU_Tien_Chen_Denmark_Open_2018_Finals\clear\set2_rally35_ball3.0.mp4,clear,OK,1.0,0.857,data/pose_features_multi\Kento_MOMOTA_CHOU_Tien_Chen_Denmark_Open_2018_Finals\clear\set2_rally35_ball3.0.npy
Kento_MOMOTA_CHOU_Tien_Chen_Denmark_Open_2018_Finals,data/clips_cropped_multi\Kento_MOMOTA_CHOU_Tien_Chen_Denmark_Open_2018_Finals\clear\set2_rally6_ball4.0.mp4,clear,OK,1.0,1.0,data/pose_features_multi\Kento_MOMOTA_CHOU_Tien_Chen_Denmark_Open_2018_Finals\clear\set2_rally6_ball4.0.npy
Kento_MOMOTA_CHOU_Tien_Chen_Denmark_Open_2018_Finals,data/clips_cropped_multi\Kento_MOMOTA_CHOU_Tien_Chen_Denmark_Open_2018_Finals\clear\set3_rally11_ball4.mp4,clear,OK,1.0,1.0,data/pose_features_multi\Kento_MOMOTA_CHOU_Tien_Chen_Denmark_Open_2018_Finals\clear\set3_rally11_ball4.npy
Kento_MOMOTA_CHOU_Tien_Chen_Denmark_Open_2018_Finals,data/clips_cropped_multi\Kento_MOMOTA_CHOU_Tien_Chen_Denmark_Open_2018_Finals\clear\set3_rally13_ball38.mp4,clear,OK,1.0,1.0,data/pose_features_multi\Kento_MOMOTA_CHOU_Tien_Chen_Denmark_Open_2018_Finals\clear\set3_rally13_ball38.npy
Kento_MOMOTA_CHOU_Tien_Chen_Denmark_Open_2018_Finals,data/clips_cropped_multi\Kento_MOMOTA_CHOU_Tien_Chen_Denmark_Open_2018_Finals\clear\set3_rally17_ball3.mp4,clear,OK,1.0,1.0,data/pose_features_multi\Kento_MOMOTA_CHOU_Tien_Chen_Denmark_Open_2018_Finals\clear\set3_rally17_ball3.npy
Kento_MOMOTA_CHOU_Tien_Chen_Denmark_Open_2018_Finals,data/clips_cropped_multi\Kento_MOMOTA_CHOU_Tien_Chen_Denmark_Open_2018_Finals\clear\set3_rally18_ball13.mp4,clear,OK,1.0,0.946,data/pose_features_multi\Kento_MOMOTA_CHOU_Tien_Chen_Denmark_Open_2018_Finals\clear\set3_rally18_ball13.npy
Kento_MOMOTA_CHOU_Tien_Chen_Denmark_Open_2018_Finals,data/clips_cropped_multi\Kento_MOMOTA_CHOU_Tien_Chen_Denmark_Open_2018_Finals\clear\set3_rally18_ball26.mp4,clear,OK,1.0,1.0,data/pose_features_multi\Kento_MOMOTA_CHOU_Tien_Chen_Denmark_Open_2018_Finals\clear\set3_rally18_ball26.npy
Kento_MOMOTA_CHOU_Tien_Chen_Denmark_Open_2018_Finals,data/clips_cropped_multi\Kento_MOMOTA_CHOU_Tien_Chen_Denmark_Open_2018_Finals\clear\set3_rally19_ball3.mp4,clear,OK,1.0,1.0,data/pose_features_multi\Kento_MOMOTA_CHOU_Tien_Chen_Denmark_Open_2018_Finals\clear\set3_rally19_ball3.npy
Kento_MOMOTA_CHOU_Tien_Chen_Denmark_Open_2018_Finals,data/clips_cropped_multi\Kento_MOMOTA_CHOU_Tien_Chen_Denmark_Open_2018_Finals\clear\set3_rally1_ball10.mp4,clear,OK,1.0,1.0,data/pose_features_multi\Kento_MOMOTA_CHOU_Tien_Chen_Denmark_Open_2018_Finals\clear\set3_rally1_ball10.npy
Kento_MOMOTA_CHOU_Tien_Chen_Denmark_Open_2018_Finals,data/clips_cropped_multi\Kento_MOMOTA_CHOU_Tien_Chen_Denmark_Open_2018_Finals\clear\set3_rally1_ball11.mp4,clear,OK,1.0,0.768,data/pose_features_multi\Kento_MOMOTA_CHOU_Tien_Chen_Denmark_Open_2018_Finals\clear\set3_rally1_ball11.npy
Kento_MOMOTA_CHOU_Tien_Chen_Denmark_Open_2018_Finals,data/clips_cropped_multi\Kento_MOMOTA_CHOU_Tien_Chen_Denmark_Open_2018_Finals\clear\set3_rally1_ball28.mp4,clear,OK,1.0,1.0,data/pose_features_multi\Kento_MOMOTA_CHOU_Tien_Chen_Denmark_Open_2018_Finals\clear\set3_rally1_ball28.npy
Kento_MOMOTA_CHOU_Tien_Chen_Denmark_Open_2018_Finals,data/clips_cropped_multi\Kento_MOMOTA_CHOU_Tien_Chen_Denmark_Open_2018_Finals\clear\set3_rally1_ball9.mp4,clear,OK,1.0,1.0,data/pose_features_multi\Kento_MOMOTA_CHOU_Tien_Chen_Denmark_Open_2018_Finals\clear\set3_rally1_ball9.npy
Kento_MOMOTA_CHOU_Tien_Chen_Denmark_Open_2018_Finals,data/clips_cropped_multi\Kento_MOMOTA_CHOU_Tien_Chen_Denmark_Open_2018_Finals\clear\set3_rally21_ball17.mp4,clear,OK,1.0,1.0,data/pose_features_multi\Kento_MOMOTA_CHOU_Tien_Chen_Denmark_Open_2018_Finals\clear\set3_rally21_ball17.npy
Kento_MOMOTA_CHOU_Tien_Chen_Denmark_Open_2018_Finals,data/clips_cropped_multi\Kento_MOMOTA_CHOU_Tien_Chen_Denmark_Open_2018_Finals\clear\set3_rally22_ball18.mp4,clear,OK,1.0,1.0,data/pose_features_multi\Kento_MOMOTA_CHOU_Tien_Chen_Denmark_Open_2018_Finals\clear\set3_rally22_ball18.npy
Kento_MOMOTA_CHOU_Tien_Chen_Denmark_Open_2018_Finals,data/clips_cropped_multi\Kento_MOMOTA_CHOU_Tien_Chen_Denmark_Open_2018_Finals\clear\set3_rally22_ball23.mp4,clear,OK,1.0,0.875,data/pose_features_multi\Kento_MOMOTA_CHOU_Tien_Chen_Denmark_Open_2018_Finals\clear\set3_rally22_ball23.npy
Kento_MOMOTA_CHOU_Tien_Chen_Denmark_Open_2018_Finals,data/clips_cropped_multi\Kento_MOMOTA_CHOU_Tien_Chen_Denmark_Open_2018_Finals\clear\set3_rally23_ball37.mp4,clear,OK,1.0,0.875,data/pose_features_multi\Kento_MOMOTA_CHOU_Tien_Chen_Denmark_Open_2018_Finals\clear\set3_rally23_ball37.npy
Kento_MOMOTA_CHOU_Tien_Chen_Denmark_Open_2018_Finals,data/clips_cropped_multi\Kento_MOMOTA_CHOU_Tien_Chen_Denmark_Open_2018_Finals\clear\set3_rally23_ball45.mp4,clear,OK,1.0,1.0,data/pose_features_multi\Kento_MOMOTA_CHOU_Tien_Chen_Denmark_Open_2018_Finals\clear\set3_rally23_ball45.npy
Kento_MOMOTA_CHOU_Tien_Chen_Denmark_Open_2018_Finals,data/clips_cropped_multi\Kento_MOMOTA_CHOU_Tien_Chen_Denmark_Open_2018_Finals\clear\set3_rally23_ball7.mp4,clear,OK,1.0,1.0,data/pose_features_multi\Kento_MOMOTA_CHOU_Tien_Chen_Denmark_Open_2018_Finals\clear\set3_rally23_ball7.npy
Kento_MOMOTA_CHOU_Tien_Chen_Denmark_Open_2018_Finals,data/clips_cropped_multi\Kento_MOMOTA_CHOU_Tien_Chen_Denmark_Open_2018_Finals\clear\set3_rally24_ball3.mp4,clear,OK,1.0,1.0,data/pose_features_multi\Kento_MOMOTA_CHOU_Tien_Chen_Denmark_Open_2018_Finals\clear\set3_rally24_ball3.npy
Kento_MOMOTA_CHOU_Tien_Chen_Denmark_Open_2018_Finals,data/clips_cropped_multi\Kento_MOMOTA_CHOU_Tien_Chen_Denmark_Open_2018_Finals\clear\set3_rally28_ball4.mp4,clear,OK,1.0,1.0,data/pose_features_multi\Kento_MOMOTA_CHOU_Tien_Chen_Denmark_Open_2018_Finals\clear\set3_rally28_ball4.npy
Kento_MOMOTA_CHOU_Tien_Chen_Denmark_Open_2018_Finals,data/clips_cropped_multi\Kento_MOMOTA_CHOU_Tien_Chen_Denmark_Open_2018_Finals\clear\set3_rally33_ball11.mp4,clear,OK,1.0,0.946,data/pose_features_multi\Kento_MOMOTA_CHOU_Tien_Chen_Denmark_Open_2018_Finals\clear\set3_rally33_ball11.npy
Kento_MOMOTA_CHOU_Tien_Chen_Denmark_Open_2018_Finals,data/clips_cropped_multi\Kento_MOMOTA_CHOU_Tien_Chen_Denmark_Open_2018_Finals\clear\set3_rally34_ball3.mp4,clear,OK,1.0,0.429,data/pose_features_multi\Kento_MOMOTA_CHOU_Tien_Chen_Denmark_Open_2018_Finals\clear\set3_rally34_ball3.npy
Kento_MOMOTA_CHOU_Tien_Chen_Denmark_Open_2018_Finals,data/clips_cropped_multi\Kento_MOMOTA_CHOU_Tien_Chen_Denmark_Open_2018_Finals\clear\set3_rally35_ball11.mp4,clear,OK,0.964,0.964,data/pose_features_multi\Kento_MOMOTA_CHOU_Tien_Chen_Denmark_Open_2018_Finals\clear\set3_rally35_ball11.npy
Kento_MOMOTA_CHOU_Tien_Chen_Denmark_Open_2018_Finals,data/clips_cropped_multi\Kento_MOMOTA_CHOU_Tien_Chen_Denmark_Open_2018_Finals\clear\set3_rally5_ball5.mp4,clear,POSE_INSUFFICIENT,0.286,0.375,data/pose_features_multi\Kento_MOMOTA_CHOU_Tien_Chen_Denmark_Open_2018_Finals\clear\set3_rally5_ball5.npy
Kento_MOMOTA_CHOU_Tien_Chen_Denmark_Open_2018_Finals,data/clips_cropped_multi\Kento_MOMOTA_CHOU_Tien_Chen_Denmark_Open_2018_Finals\clear\set3_rally6_ball5.mp4,clear,OK,1.0,1.0,data/pose_features_multi\Kento_MOMOTA_CHOU_Tien_Chen_Denmark_Open_2018_Finals\clear\set3_rally6_ball5.npy
Kento_MOMOTA_CHOU_Tien_Chen_Denmark_Open_2018_Finals,data/clips_cropped_multi\Kento_MOMOTA_CHOU_Tien_Chen_Denmark_Open_2018_Finals\net_shot\set1_rally10_ball15.0.mp4,net_shot,OK,1.0,1.0,data/pose_features_multi\Kento_MOMOTA_CHOU_Tien_Chen_Denmark_Open_2018_Finals\net_shot\set1_rally10_ball15.0.npy
Kento_MOMOTA_CHOU_Tien_Chen_Denmark_Open_2018_Finals,data/clips_cropped_multi\Kento_MOMOTA_CHOU_Tien_Chen_Denmark_Open_2018_Finals\net_shot\set1_rally10_ball18.0.mp4,net_shot,OK,1.0,1.0,data/pose_features_multi\Kento_MOMOTA_CHOU_Tien_Chen_Denmark_Open_2018_Finals\net_shot\set1_rally10_ball18.0.npy
Kento_MOMOTA_CHOU_Tien_Chen_Denmark_Open_2018_Finals,data/clips_cropped_multi\Kento_MOMOTA_CHOU_Tien_Chen_Denmark_Open_2018_Finals\net_shot\set1_rally10_ball21.0.mp4,net_shot,OK,1.0,1.0,data/pose_features_multi\Kento_MOMOTA_CHOU_Tien_Chen_Denmark_Open_2018_Finals\net_shot\set1_rally10_ball21.0.npy
Kento_MOMOTA_CHOU_Tien_Chen_Denmark_Open_2018_Finals,data/clips_cropped_multi\Kento_MOMOTA_CHOU_Tien_Chen_Denmark_Open_2018_Finals\net_shot\set1_rally10_ball9.0.mp4,net_shot,OK,1.0,1.0,data/pose_features_multi\Kento_MOMOTA_CHOU_Tien_Chen_Denmark_Open_2018_Finals\net_shot\set1_rally10_ball9.0.npy
Kento_MOMOTA_CHOU_Tien_Chen_Denmark_Open_2018_Finals,data/clips_cropped_multi\Kento_MOMOTA_CHOU_Tien_Chen_Denmark_Open_2018_Finals\net_shot\set1_rally11_ball5.0.mp4,net_shot,OK,1.0,1.0,data/pose_features_multi\Kento_MOMOTA_CHOU_Tien_Chen_Denmark_Open_2018_Finals\net_shot\set1_rally11_ball5.0.npy
Kento_MOMOTA_CHOU_Tien_Chen_Denmark_Open_2018_Finals,data/clips_cropped_multi\Kento_MOMOTA_CHOU_Tien_Chen_Denmark_Open_2018_Finals\net_shot\set1_rally11_ball6.0.mp4,net_shot,OK,1.0,1.0,data/pose_features_multi\Kento_MOMOTA_CHOU_Tien_Chen_Denmark_Open_2018_Finals\net_shot\set1_rally11_ball6.0.npy
Kento_MOMOTA_CHOU_Tien_Chen_Denmark_Open_2018_Finals,data/clips_cropped_multi\Kento_MOMOTA_CHOU_Tien_Chen_Denmark_Open_2018_Finals\net_shot\set1_rally12_ball7.0.mp4,net_shot,OK,1.0,1.0,data/pose_features_multi\Kento_MOMOTA_CHOU_Tien_Chen_Denmark_Open_2018_Finals\net_shot\set1_rally12_ball7.0.npy
Kento_MOMOTA_CHOU_Tien_Chen_Denmark_Open_2018_Finals,data/clips_cropped_multi\Kento_MOMOTA_CHOU_Tien_Chen_Denmark_Open_2018_Finals\net_shot\set1_rally13_ball2.0.mp4,net_shot,OK,1.0,0.696,data/pose_features_multi\Kento_MOMOTA_CHOU_Tien_Chen_Denmark_Open_2018_Finals\net_shot\set1_rally13_ball2.0.npy
Kento_MOMOTA_CHOU_Tien_Chen_Denmark_Open_2018_Finals,data/clips_cropped_multi\Kento_MOMOTA_CHOU_Tien_Chen_Denmark_Open_2018_Finals\net_shot\set1_rally13_ball3.0.mp4,net_shot,OK,1.0,1.0,data/pose_features_multi\Kento_MOMOTA_CHOU_Tien_Chen_Denmark_Open_2018_Finals\net_shot\set1_rally13_ball3.0.npy
Kento_MOMOTA_CHOU_Tien_Chen_Denmark_Open_2018_Finals,data/clips_cropped_multi\Kento_MOMOTA_CHOU_Tien_Chen_Denmark_Open_2018_Finals\net_shot\set1_rally13_ball4.0.mp4,net_shot,OK,1.0,1.0,data/pose_features_multi\Kento_MOMOTA_CHOU_Tien_Chen_Denmark_Open_2018_Finals\net_shot\set1_rally13_ball4.0.npy
Kento_MOMOTA_CHOU_Tien_Chen_Denmark_Open_2018_Finals,data/clips_cropped_multi\Kento_MOMOTA_CHOU_Tien_Chen_Denmark_Open_2018_Finals\net_shot\set1_rally15_ball10.0.mp4,net_shot,OK,1.0,1.0,data/pose_features_multi\Kento_MOMOTA_CHOU_Tien_Chen_Denmark_Open_2018_Finals\net_shot\set1_rally15_ball10.0.npy
Kento_MOMOTA_CHOU_Tien_Chen_Denmark_Open_2018_Finals,data/clips_cropped_multi\Kento_MOMOTA_CHOU_Tien_Chen_Denmark_Open_2018_Finals\net_shot\set1_rally15_ball27.0.mp4,net_shot,OK,1.0,1.0,data/pose_features_multi\Kento_MOMOTA_CHOU_Tien_Chen_Denmark_Open_2018_Finals\net_shot\set1_rally15_ball27.0.npy
Kento_MOMOTA_CHOU_Tien_Chen_Denmark_Open_2018_Finals,data/clips_cropped_multi\Kento_MOMOTA_CHOU_Tien_Chen_Denmark_Open_2018_Finals\net_shot\set1_rally15_ball28.0.mp4,net_shot,OK,1.0,1.0,data/pose_features_multi\Kento_MOMOTA_CHOU_Tien_Chen_Denmark_Open_2018_Finals\net_shot\set1_rally15_ball28.0.npy
Kento_MOMOTA_CHOU_Tien_Chen_Denmark_Open_2018_Finals,data/clips_cropped_multi\Kento_MOMOTA_CHOU_Tien_Chen_Denmark_Open_2018_Finals\net_shot\set1_rally15_ball31.0.mp4,net_shot,OK,0.929,0.929,data/pose_features_multi\Kento_MOMOTA_CHOU_Tien_Chen_Denmark_Open_2018_Finals\net_shot\set1_rally15_ball31.0.npy
Kento_MOMOTA_CHOU_Tien_Chen_Denmark_Open_2018_Finals,data/clips_cropped_multi\Kento_MOMOTA_CHOU_Tien_Chen_Denmark_Open_2018_Finals\net_shot\set1_rally15_ball34.0.mp4,net_shot,OK,1.0,1.0,data/pose_features_multi\Kento_MOMOTA_CHOU_Tien_Chen_Denmark_Open_2018_Finals\net_shot\set1_rally15_ball34.0.npy
Kento_MOMOTA_CHOU_Tien_Chen_Denmark_Open_2018_Finals,data/clips_cropped_multi\Kento_MOMOTA_CHOU_Tien_Chen_Denmark_Open_2018_Finals\net_shot\set1_rally15_ball38.0.mp4,net_shot,OK,1.0,0.518,data/pose_features_multi\Kento_MOMOTA_CHOU_Tien_Chen_Denmark_Open_2018_Finals\net_shot\set1_rally15_ball38.0.npy
Kento_MOMOTA_CHOU_Tien_Chen_Denmark_Open_2018_Finals,data/clips_cropped_multi\Kento_MOMOTA_CHOU_Tien_Chen_Denmark_Open_2018_Finals\net_shot\set1_rally15_ball5.0.mp4,net_shot,OK,0.804,0.804,data/pose_features_multi\Kento_MOMOTA_CHOU_Tien_Chen_Denmark_Open_2018_Finals\net_shot\set1_rally15_ball5.0.npy
Kento_MOMOTA_CHOU_Tien_Chen_Denmark_Open_2018_Finals,data/clips_cropped_multi\Kento_MOMOTA_CHOU_Tien_Chen_Denmark_Open_2018_Finals\net_shot\set1_rally15_ball6.0.mp4,net_shot,OK,1.0,0.536,data/pose_features_multi\Kento_MOMOTA_CHOU_Tien_Chen_Denmark_Open_2018_Finals\net_shot\set1_rally15_ball6.0.npy
Kento_MOMOTA_CHOU_Tien_Chen_Denmark_Open_2018_Finals,data/clips_cropped_multi\Kento_MOMOTA_CHOU_Tien_Chen_Denmark_Open_2018_Finals\net_shot\set1_rally15_ball9.0.mp4,net_shot,OK,1.0,1.0,data/pose_features_multi\Kento_MOMOTA_CHOU_Tien_Chen_Denmark_Open_2018_Finals\net_shot\set1_rally15_ball9.0.npy
Kento_MOMOTA_CHOU_Tien_Chen_Denmark_Open_2018_Finals,data/clips_cropped_multi\Kento_MOMOTA_CHOU_Tien_Chen_Denmark_Open_2018_Finals\net_shot\set1_rally16_ball2.0.mp4,net_shot,OK,1.0,1.0,data/pose_features_multi\Kento_MOMOTA_CHOU_Tien_Chen_Denmark_Open_2018_Finals\net_shot\set1_rally16_ball2.0.npy
Kento_MOMOTA_CHOU_Tien_Chen_Denmark_Open_2018_Finals,data/clips_cropped_multi\Kento_MOMOTA_CHOU_Tien_Chen_Denmark_Open_2018_Finals\net_shot\set1_rally16_ball7.0.mp4,net_shot,OK,1.0,1.0,data/pose_features_multi\Kento_MOMOTA_CHOU_Tien_Chen_Denmark_Open_2018_Finals\net_shot\set1_rally16_ball7.0.npy
Kento_MOMOTA_CHOU_Tien_Chen_Denmark_Open_2018_Finals,data/clips_cropped_multi\Kento_MOMOTA_CHOU_Tien_Chen_Denmark_Open_2018_Finals\net_shot\set1_rally18_ball28.0.mp4,net_shot,OK,1.0,1.0,data/pose_features_multi\Kento_MOMOTA_CHOU_Tien_Chen_Denmark_Open_2018_Finals\net_shot\set1_rally18_ball28.0.npy
Kento_MOMOTA_CHOU_Tien_Chen_Denmark_Open_2018_Finals,data/clips_cropped_multi\Kento_MOMOTA_CHOU_Tien_Chen_Denmark_Open_2018_Finals\net_shot\set1_rally18_ball5.0.mp4,net_shot,OK,0.964,0.964,data/pose_features_multi\Kento_MOMOTA_CHOU_Tien_Chen_Denmark_Open_2018_Finals\net_shot\set1_rally18_ball5.0.npy
Kento_MOMOTA_CHOU_Tien_Chen_Denmark_Open_2018_Finals,data/clips_cropped_multi\Kento_MOMOTA_CHOU_Tien_Chen_Denmark_Open_2018_Finals\net_shot\set1_rally19_ball9.0.mp4,net_shot,OK,1.0,1.0,data/pose_features_multi\Kento_MOMOTA_CHOU_Tien_Chen_Denmark_Open_2018_Finals\net_shot\set1_rally19_ball9.0.npy
Kento_MOMOTA_CHOU_Tien_Chen_Denmark_Open_2018_Finals,data/clips_cropped_multi\Kento_MOMOTA_CHOU_Tien_Chen_Denmark_Open_2018_Finals\net_shot\set1_rally20_ball4.0.mp4,net_shot,OK,1.0,1.0,data/pose_features_multi\Kento_MOMOTA_CHOU_Tien_Chen_Denmark_Open_2018_Finals\net_shot\set1_rally20_ball4.0.npy
Kento_MOMOTA_CHOU_Tien_Chen_Denmark_Open_2018_Finals,data/clips_cropped_multi\Kento_MOMOTA_CHOU_Tien_Chen_Denmark_Open_2018_Finals\net_shot\set1_rally20_ball5.0.mp4,net_shot,OK,1.0,1.0,data/pose_features_multi\Kento_MOMOTA_CHOU_Tien_Chen_Denmark_Open_2018_Finals\net_shot\set1_rally20_ball5.0.npy
Kento_MOMOTA_CHOU_Tien_Chen_Denmark_Open_2018_Finals,data/clips_cropped_multi\Kento_MOMOTA_CHOU_Tien_Chen_Denmark_Open_2018_Finals\net_shot\set1_rally22_ball11.0.mp4,net_shot,OK,1.0,1.0,data/pose_features_multi\Kento_MOMOTA_CHOU_Tien_Chen_Denmark_Open_2018_Finals\net_shot\set1_rally22_ball11.0.npy
Kento_MOMOTA_CHOU_Tien_Chen_Denmark_Open_2018_Finals,data/clips_cropped_multi\Kento_MOMOTA_CHOU_Tien_Chen_Denmark_Open_2018_Finals\net_shot\set1_rally22_ball15.0.mp4,net_shot,OK,1.0,0.786,data/pose_features_multi\Kento_MOMOTA_CHOU_Tien_Chen_Denmark_Open_2018_Finals\net_shot\set1_rally22_ball15.0.npy
Kento_MOMOTA_CHOU_Tien_Chen_Denmark_Open_2018_Finals,data/clips_cropped_multi\Kento_MOMOTA_CHOU_Tien_Chen_Denmark_Open_2018_Finals\net_shot\set1_rally22_ball16.0.mp4,net_shot,OK,1.0,1.0,data/pose_features_multi\Kento_MOMOTA_CHOU_Tien_Chen_Denmark_Open_2018_Finals\net_shot\set1_rally22_ball16.0.npy
Kento_MOMOTA_CHOU_Tien_Chen_Denmark_Open_2018_Finals,data/clips_cropped_multi\Kento_MOMOTA_CHOU_Tien_Chen_Denmark_Open_2018_Finals\net_shot\set1_rally22_ball19.0.mp4,net_shot,OK,1.0,1.0,data/pose_features_multi\Kento_MOMOTA_CHOU_Tien_Chen_Denmark_Open_2018_Finals\net_shot\set1_rally22_ball19.0.npy
Kento_MOMOTA_CHOU_Tien_Chen_Denmark_Open_2018_Finals,data/clips_cropped_multi\Kento_MOMOTA_CHOU_Tien_Chen_Denmark_Open_2018_Finals\net_shot\set1_rally22_ball2.0.mp4,net_shot,OK,1.0,1.0,data/pose_features_multi\Kento_MOMOTA_CHOU_Tien_Chen_Denmark_Open_2018_Finals\net_shot\set1_rally22_ball2.0.npy
Kento_MOMOTA_CHOU_Tien_Chen_Denmark_Open_2018_Finals,data/clips_cropped_multi\Kento_MOMOTA_CHOU_Tien_Chen_Denmark_Open_2018_Finals\net_shot\set1_rally22_ball20.0.mp4,net_shot,OK,1.0,1.0,data/pose_features_multi\Kento_MOMOTA_CHOU_Tien_Chen_Denmark_Open_2018_Finals\net_shot\set1_rally22_ball20.0.npy
Kento_MOMOTA_CHOU_Tien_Chen_Denmark_Open_2018_Finals,data/clips_cropped_multi\Kento_MOMOTA_CHOU_Tien_Chen_Denmark_Open_2018_Finals\net_shot\set1_rally22_ball21.0.mp4,net_shot,OK,1.0,1.0,data/pose_features_multi\Kento_MOMOTA_CHOU_Tien_Chen_Denmark_Open_2018_Finals\net_shot\set1_rally22_ball21.0.npy
Kento_MOMOTA_CHOU_Tien_Chen_Denmark_Open_2018_Finals,data/clips_cropped_multi\Kento_MOMOTA_CHOU_Tien_Chen_Denmark_Open_2018_Finals\net_shot\set1_rally23_ball6.0.mp4,net_shot,OK,1.0,1.0,data/pose_features_multi\Kento_MOMOTA_CHOU_Tien_Chen_Denmark_Open_2018_Finals\net_shot\set1_rally23_ball6.0.npy
Kento_MOMOTA_CHOU_Tien_Chen_Denmark_Open_2018_Finals,data/clips_cropped_multi\Kento_MOMOTA_CHOU_Tien_Chen_Denmark_Open_2018_Finals\net_shot\set1_rally25_ball13.0.mp4,net_shot,OK,1.0,0.929,data/pose_features_multi\Kento_MOMOTA_CHOU_Tien_Chen_Denmark_Open_2018_Finals\net_shot\set1_rally25_ball13.0.npy
Kento_MOMOTA_CHOU_Tien_Chen_Denmark_Open_2018_Finals,data/clips_cropped_multi\Kento_MOMOTA_CHOU_Tien_Chen_Denmark_Open_2018_Finals\net_shot\set1_rally25_ball17.0.mp4,net_shot,OK,1.0,1.0,data/pose_features_multi\Kento_MOMOTA_CHOU_Tien_Chen_Denmark_Open_2018_Finals\net_shot\set1_rally25_ball17.0.npy
Kento_MOMOTA_CHOU_Tien_Chen_Denmark_Open_2018_Finals,data/clips_cropped_multi\Kento_MOMOTA_CHOU_Tien_Chen_Denmark_Open_2018_Finals\net_shot\set1_rally25_ball2.0.mp4,net_shot,OK,0.857,0.857,data/pose_features_multi\Kento_MOMOTA_CHOU_Tien_Chen_Denmark_Open_2018_Finals\net_shot\set1_rally25_ball2.0.npy
Kento_MOMOTA_CHOU_Tien_Chen_Denmark_Open_2018_Finals,data/clips_cropped_multi\Kento_MOMOTA_CHOU_Tien_Chen_Denmark_Open_2018_Finals\net_shot\set1_rally25_ball21.0.mp4,net_shot,OK,1.0,0.696,data/pose_features_multi\Kento_MOMOTA_CHOU_Tien_Chen_Denmark_Open_2018_Finals\net_shot\set1_rally25_ball21.0.npy
Kento_MOMOTA_CHOU_Tien_Chen_Denmark_Open_2018_Finals,data/clips_cropped_multi\Kento_MOMOTA_CHOU_Tien_Chen_Denmark_Open_2018_Finals\net_shot\set1_rally26_ball3.0.mp4,net_shot,OK,1.0,1.0,data/pose_features_multi\Kento_MOMOTA_CHOU_Tien_Chen_Denmark_Open_2018_Finals\net_shot\set1_rally26_ball3.0.npy
Kento_MOMOTA_CHOU_Tien_Chen_Denmark_Open_2018_Finals,data/clips_cropped_multi\Kento_MOMOTA_CHOU_Tien_Chen_Denmark_Open_2018_Finals\net_shot\set1_rally26_ball7.0.mp4,net_shot,OK,1.0,0.661,data/pose_features_multi\Kento_MOMOTA_CHOU_Tien_Chen_Denmark_Open_2018_Finals\net_shot\set1_rally26_ball7.0.npy
Kento_MOMOTA_CHOU_Tien_Chen_Denmark_Open_2018_Finals,data/clips_cropped_multi\Kento_MOMOTA_CHOU_Tien_Chen_Denmark_Open_2018_Finals\net_shot\set1_rally27_ball10.0.mp4,net_shot,OK,1.0,1.0,data/pose_features_multi\Kento_MOMOTA_CHOU_Tien_Chen_Denmark_Open_2018_Finals\net_shot\set1_rally27_ball10.0.npy
Kento_MOMOTA_CHOU_Tien_Chen_Denmark_Open_2018_Finals,data/clips_cropped_multi\Kento_MOMOTA_CHOU_Tien_Chen_Denmark_Open_2018_Finals\net_shot\set1_rally27_ball4.0.mp4,net_shot,OK,1.0,1.0,data/pose_features_multi\Kento_MOMOTA_CHOU_Tien_Chen_Denmark_Open_2018_Finals\net_shot\set1_rally27_ball4.0.npy
Kento_MOMOTA_CHOU_Tien_Chen_Denmark_Open_2018_Finals,data/clips_cropped_multi\Kento_MOMOTA_CHOU_Tien_Chen_Denmark_Open_2018_Finals\net_shot\set1_rally27_ball5.0.mp4,net_shot,OK,1.0,1.0,data/pose_features_multi\Kento_MOMOTA_CHOU_Tien_Chen_Denmark_Open_2018_Finals\net_shot\set1_rally27_ball5.0.npy
Kento_MOMOTA_CHOU_Tien_Chen_Denmark_Open_2018_Finals,data/clips_cropped_multi\Kento_MOMOTA_CHOU_Tien_Chen_Denmark_Open_2018_Finals\net_shot\set1_rally27_ball8.0.mp4,net_shot,OK,1.0,1.0,data/pose_features_multi\Kento_MOMOTA_CHOU_Tien_Chen_Denmark_Open_2018_Finals\net_shot\set1_rally27_ball8.0.npy
Kento_MOMOTA_CHOU_Tien_Chen_Denmark_Open_2018_Finals,data/clips_cropped_multi\Kento_MOMOTA_CHOU_Tien_Chen_Denmark_Open_2018_Finals\net_shot\set1_rally27_ball9.0.mp4,net_shot,OK,1.0,1.0,data/pose_features_multi\Kento_MOMOTA_CHOU_Tien_Chen_Denmark_Open_2018_Finals\net_shot\set1_rally27_ball9.0.npy
Kento_MOMOTA_CHOU_Tien_Chen_Denmark_Open_2018_Finals,data/clips_cropped_multi\Kento_MOMOTA_CHOU_Tien_Chen_Denmark_Open_2018_Finals\net_shot\set1_rally28_ball2.0.mp4,net_shot,OK,1.0,0.429,data/pose_features_multi\Kento_MOMOTA_CHOU_Tien_Chen_Denmark_Open_2018_Finals\net_shot\set1_rally28_ball2.0.npy
Kento_MOMOTA_CHOU_Tien_Chen_Denmark_Open_2018_Finals,data/clips_cropped_multi\Kento_MOMOTA_CHOU_Tien_Chen_Denmark_Open_2018_Finals\net_shot\set1_rally2_ball13.0.mp4,net_shot,POSE_INSUFFICIENT,0.339,0.321,data/pose_features_multi\Kento_MOMOTA_CHOU_Tien_Chen_Denmark_Open_2018_Finals\net_shot\set1_rally2_ball13.0.npy
Kento_MOMOTA_CHOU_Tien_Chen_Denmark_Open_2018_Finals,data/clips_cropped_multi\Kento_MOMOTA_CHOU_Tien_Chen_Denmark_Open_2018_Finals\net_shot\set1_rally2_ball14.0.mp4,net_shot,OK,1.0,1.0,data/pose_features_multi\Kento_MOMOTA_CHOU_Tien_Chen_Denmark_Open_2018_Finals\net_shot\set1_rally2_ball14.0.npy
Kento_MOMOTA_CHOU_Tien_Chen_Denmark_Open_2018_Finals,data/clips_cropped_multi\Kento_MOMOTA_CHOU_Tien_Chen_Denmark_Open_2018_Finals\net_shot\set1_rally2_ball4.0.mp4,net_shot,OK,1.0,0.964,data/pose_features_multi\Kento_MOMOTA_CHOU_Tien_Chen_Denmark_Open_2018_Finals\net_shot\set1_rally2_ball4.0.npy
Kento_MOMOTA_CHOU_Tien_Chen_Denmark_Open_2018_Finals,data/clips_cropped_multi\Kento_MOMOTA_CHOU_Tien_Chen_Denmark_Open_2018_Finals\net_shot\set1_rally2_ball9.0.mp4,net_shot,OK,1.0,1.0,data/pose_features_multi\Kento_MOMOTA_CHOU_Tien_Chen_Denmark_Open_2018_Finals\net_shot\set1_rally2_ball9.0.npy
Kento_MOMOTA_CHOU_Tien_Chen_Denmark_Open_2018_Finals,data/clips_cropped_multi\Kento_MOMOTA_CHOU_Tien_Chen_Denmark_Open_2018_Finals\net_shot\set1_rally30_ball15.0.mp4,net_shot,OK,1.0,1.0,data/pose_features_multi\Kento_MOMOTA_CHOU_Tien_Chen_Denmark_Open_2018_Finals\net_shot\set1_rally30_ball15.0.npy
Kento_MOMOTA_CHOU_Tien_Chen_Denmark_Open_2018_Finals,data/clips_cropped_multi\Kento_MOMOTA_CHOU_Tien_Chen_Denmark_Open_2018_Finals\net_shot\set1_rally30_ball16.0.mp4,net_shot,OK,1.0,1.0,data/pose_features_multi\Kento_MOMOTA_CHOU_Tien_Chen_Denmark_Open_2018_Finals\net_shot\set1_rally30_ball16.0.npy
Kento_MOMOTA_CHOU_Tien_Chen_Denmark_Open_2018_Finals,data/clips_cropped_multi\Kento_MOMOTA_CHOU_Tien_Chen_Denmark_Open_2018_Finals\net_shot\set1_rally30_ball17.0.mp4,net_shot,OK,1.0,1.0,data/pose_features_multi\Kento_MOMOTA_CHOU_Tien_Chen_Denmark_Open_2018_Finals\net_shot\set1_rally30_ball17.0.npy
Kento_MOMOTA_CHOU_Tien_Chen_Denmark_Open_2018_Finals,data/clips_cropped_multi\Kento_MOMOTA_CHOU_Tien_Chen_Denmark_Open_2018_Finals\net_shot\set1_rally30_ball18.0.mp4,net_shot,OK,1.0,1.0,data/pose_features_multi\Kento_MOMOTA_CHOU_Tien_Chen_Denmark_Open_2018_Finals\net_shot\set1_rally30_ball18.0.npy
Kento_MOMOTA_CHOU_Tien_Chen_Denmark_Open_2018_Finals,data/clips_cropped_multi\Kento_MOMOTA_CHOU_Tien_Chen_Denmark_Open_2018_Finals\net_shot\set1_rally30_ball2.0.mp4,net_shot,OK,1.0,0.161,data/pose_features_multi\Kento_MOMOTA_CHOU_Tien_Chen_Denmark_Open_2018_Finals\net_shot\set1_rally30_ball2.0.npy
Kento_MOMOTA_CHOU_Tien_Chen_Denmark_Open_2018_Finals,data/clips_cropped_multi\Kento_MOMOTA_CHOU_Tien_Chen_Denmark_Open_2018_Finals\net_shot\set1_rally30_ball5.0.mp4,net_shot,OK,1.0,1.0,data/pose_features_multi\Kento_MOMOTA_CHOU_Tien_Chen_Denmark_Open_2018_Finals\net_shot\set1_rally30_ball5.0.npy
Kento_MOMOTA_CHOU_Tien_Chen_Denmark_Open_2018_Finals,data/clips_cropped_multi\Kento_MOMOTA_CHOU_Tien_Chen_Denmark_Open_2018_Finals\net_shot\set1_rally30_ball6.0.mp4,net_shot,OK,1.0,1.0,data/pose_features_multi\Kento_MOMOTA_CHOU_Tien_Chen_Denmark_Open_2018_Finals\net_shot\set1_rally30_ball6.0.npy
Kento_MOMOTA_CHOU_Tien_Chen_Denmark_Open_2018_Finals,data/clips_cropped_multi\Kento_MOMOTA_CHOU_Tien_Chen_Denmark_Open_2018_Finals\net_shot\set1_rally33_ball11.0.mp4,net_shot,OK,1.0,1.0,data/pose_features_multi\Kento_MOMOTA_CHOU_Tien_Chen_Denmark_Open_2018_Finals\net_shot\set1_rally33_ball11.0.npy
Kento_MOMOTA_CHOU_Tien_Chen_Denmark_Open_2018_Finals,data/clips_cropped_multi\Kento_MOMOTA_CHOU_Tien_Chen_Denmark_Open_2018_Finals\net_shot\set1_rally33_ball12.0.mp4,net_shot,OK,1.0,0.768,data/pose_features_multi\Kento_MOMOTA_CHOU_Tien_Chen_Denmark_Open_2018_Finals\net_shot\set1_rally33_ball12.0.npy
Kento_MOMOTA_CHOU_Tien_Chen_Denmark_Open_2018_Finals,data/clips_cropped_multi\Kento_MOMOTA_CHOU_Tien_Chen_Denmark_Open_2018_Finals\net_shot\set1_rally34_ball12.0.mp4,net_shot,OK,1.0,1.0,data/pose_features_multi\Kento_MOMOTA_CHOU_Tien_Chen_Denmark_Open_2018_Finals\net_shot\set1_rally34_ball12.0.npy
Kento_MOMOTA_CHOU_Tien_Chen_Denmark_Open_2018_Finals,data/clips_cropped_multi\Kento_MOMOTA_CHOU_Tien_Chen_Denmark_Open_2018_Finals\net_shot\set1_rally34_ball13.0.mp4,net_shot,OK,1.0,1.0,data/pose_features_multi\Kento_MOMOTA_CHOU_Tien_Chen_Denmark_Open_2018_Finals\net_shot\set1_rally34_ball13.0.npy
Kento_MOMOTA_CHOU_Tien_Chen_Denmark_Open_2018_Finals,data/clips_cropped_multi\Kento_MOMOTA_CHOU_Tien_Chen_Denmark_Open_2018_Finals\net_shot\set1_rally34_ball14.0.mp4,net_shot,OK,1.0,1.0,data/pose_features_multi\Kento_MOMOTA_CHOU_Tien_Chen_Denmark_Open_2018_Finals\net_shot\set1_rally34_ball14.0.npy
Kento_MOMOTA_CHOU_Tien_Chen_Denmark_Open_2018_Finals,data/clips_cropped_multi\Kento_MOMOTA_CHOU_Tien_Chen_Denmark_Open_2018_Finals\net_shot\set1_rally34_ball2.0.mp4,net_shot,OK,1.0,1.0,data/pose_features_multi\Kento_MOMOTA_CHOU_Tien_Chen_Denmark_Open_2018_Finals\net_shot\set1_rally34_ball2.0.npy
Kento_MOMOTA_CHOU_Tien_Chen_Denmark_Open_2018_Finals,data/clips_cropped_multi\Kento_MOMOTA_CHOU_Tien_Chen_Denmark_Open_2018_Finals\net_shot\set1_rally34_ball28.0.mp4,net_shot,OK,1.0,1.0,data/pose_features_multi\Kento_MOMOTA_CHOU_Tien_Chen_Denmark_Open_2018_Finals\net_shot\set1_rally34_ball28.0.npy
Kento_MOMOTA_CHOU_Tien_Chen_Denmark_Open_2018_Finals,data/clips_cropped_multi\Kento_MOMOTA_CHOU_Tien_Chen_Denmark_Open_2018_Finals\net_shot\set1_rally34_ball3.0.mp4,net_shot,OK,1.0,1.0,data/pose_features_multi\Kento_MOMOTA_CHOU_Tien_Chen_Denmark_Open_2018_Finals\net_shot\set1_rally34_ball3.0.npy
Kento_MOMOTA_CHOU_Tien_Chen_Denmark_Open_2018_Finals,data/clips_cropped_multi\Kento_MOMOTA_CHOU_Tien_Chen_Denmark_Open_2018_Finals\net_shot\set1_rally34_ball7.0.mp4,net_shot,OK,1.0,1.0,data/pose_features_multi\Kento_MOMOTA_CHOU_Tien_Chen_Denmark_Open_2018_Finals\net_shot\set1_rally34_ball7.0.npy
Kento_MOMOTA_CHOU_Tien_Chen_Denmark_Open_2018_Finals,data/clips_cropped_multi\Kento_MOMOTA_CHOU_Tien_Chen_Denmark_Open_2018_Finals\net_shot\set1_rally34_ball8.0.mp4,net_shot,OK,1.0,1.0,data/pose_features_multi\Kento_MOMOTA_CHOU_Tien_Chen_Denmark_Open_2018_Finals\net_shot\set1_rally34_ball8.0.npy
Kento_MOMOTA_CHOU_Tien_Chen_Denmark_Open_2018_Finals,data/clips_cropped_multi\Kento_MOMOTA_CHOU_Tien_Chen_Denmark_Open_2018_Finals\net_shot\set1_rally34_ball9.0.mp4,net_shot,OK,1.0,1.0,data/pose_features_multi\Kento_MOMOTA_CHOU_Tien_Chen_Denmark_Open_2018_Finals\net_shot\set1_rally34_ball9.0.npy
Kento_MOMOTA_CHOU_Tien_Chen_Denmark_Open_2018_Finals,data/clips_cropped_multi\Kento_MOMOTA_CHOU_Tien_Chen_Denmark_Open_2018_Finals\net_shot\set1_rally35_ball6.0.mp4,net_shot,OK,1.0,1.0,data/pose_features_multi\Kento_MOMOTA_CHOU_Tien_Chen_Denmark_Open_2018_Finals\net_shot\set1_rally35_ball6.0.npy
Kento_MOMOTA_CHOU_Tien_Chen_Denmark_Open_2018_Finals,data/clips_cropped_multi\Kento_MOMOTA_CHOU_Tien_Chen_Denmark_Open_2018_Finals\net_shot\set1_rally36_ball10.0.mp4,net_shot,OK,0.946,0.946,data/pose_features_multi\Kento_MOMOTA_CHOU_Tien_Chen_Denmark_Open_2018_Finals\net_shot\set1_rally36_ball10.0.npy
Kento_MOMOTA_CHOU_Tien_Chen_Denmark_Open_2018_Finals,data/clips_cropped_multi\Kento_MOMOTA_CHOU_Tien_Chen_Denmark_Open_2018_Finals\net_shot\set1_rally36_ball11.0.mp4,net_shot,OK,1.0,1.0,data/pose_features_multi\Kento_MOMOTA_CHOU_Tien_Chen_Denmark_Open_2018_Finals\net_shot\set1_rally36_ball11.0.npy
Kento_MOMOTA_CHOU_Tien_Chen_Denmark_Open_2018_Finals,data/clips_cropped_multi\Kento_MOMOTA_CHOU_Tien_Chen_Denmark_Open_2018_Finals\net_shot\set1_rally36_ball16.0.mp4,net_shot,OK,1.0,1.0,data/pose_features_multi\Kento_MOMOTA_CHOU_Tien_Chen_Denmark_Open_2018_Finals\net_shot\set1_rally36_ball16.0.npy
Kento_MOMOTA_CHOU_Tien_Chen_Denmark_Open_2018_Finals,data/clips_cropped_multi\Kento_MOMOTA_CHOU_Tien_Chen_Denmark_Open_2018_Finals\net_shot\set1_rally36_ball17.0.mp4,net_shot,OK,1.0,1.0,data/pose_features_multi\Kento_MOMOTA_CHOU_Tien_Chen_Denmark_Open_2018_Finals\net_shot\set1_rally36_ball17.0.npy
Kento_MOMOTA_CHOU_Tien_Chen_Denmark_Open_2018_Finals,data/clips_cropped_multi\Kento_MOMOTA_CHOU_Tien_Chen_Denmark_Open_2018_Finals\net_shot\set1_rally36_ball2.0.mp4,net_shot,OK,1.0,1.0,data/pose_features_multi\Kento_MOMOTA_CHOU_Tien_Chen_Denmark_Open_2018_Finals\net_shot\set1_rally36_ball2.0.npy
Kento_MOMOTA_CHOU_Tien_Chen_Denmark_Open_2018_Finals,data/clips_cropped_multi\Kento_MOMOTA_CHOU_Tien_Chen_Denmark_Open_2018_Finals\net_shot\set1_rally36_ball21.0.mp4,net_shot,OK,1.0,0.661,data/pose_features_multi\Kento_MOMOTA_CHOU_Tien_Chen_Denmark_Open_2018_Finals\net_shot\set1_rally36_ball21.0.npy
Kento_MOMOTA_CHOU_Tien_Chen_Denmark_Open_2018_Finals,data/clips_cropped_multi\Kento_MOMOTA_CHOU_Tien_Chen_Denmark_Open_2018_Finals\net_shot\set1_rally36_ball25.0.mp4,net_shot,OK,1.0,1.0,data/pose_features_multi\Kento_MOMOTA_CHOU_Tien_Chen_Denmark_Open_2018_Finals\net_shot\set1_rally36_ball25.0.npy
Kento_MOMOTA_CHOU_Tien_Chen_Denmark_Open_2018_Finals,data/clips_cropped_multi\Kento_MOMOTA_CHOU_Tien_Chen_Denmark_Open_2018_Finals\net_shot\set1_rally36_ball9.0.mp4,net_shot,OK,1.0,1.0,data/pose_features_multi\Kento_MOMOTA_CHOU_Tien_Chen_Denmark_Open_2018_Finals\net_shot\set1_rally36_ball9.0.npy
Kento_MOMOTA_CHOU_Tien_Chen_Denmark_Open_2018_Finals,data/clips_cropped_multi\Kento_MOMOTA_CHOU_Tien_Chen_Denmark_Open_2018_Finals\net_shot\set1_rally37_ball2.0.mp4,net_shot,OK,1.0,0.714,data/pose_features_multi\Kento_MOMOTA_CHOU_Tien_Chen_Denmark_Open_2018_Finals\net_shot\set1_rally37_ball2.0.npy
Kento_MOMOTA_CHOU_Tien_Chen_Denmark_Open_2018_Finals,data/clips_cropped_multi\Kento_MOMOTA_CHOU_Tien_Chen_Denmark_Open_2018_Finals\net_shot\set1_rally37_ball3.0.mp4,net_shot,OK,1.0,1.0,data/pose_features_multi\Kento_MOMOTA_CHOU_Tien_Chen_Denmark_Open_2018_Finals\net_shot\set1_rally37_ball3.0.npy
Kento_MOMOTA_CHOU_Tien_Chen_Denmark_Open_2018_Finals,data/clips_cropped_multi\Kento_MOMOTA_CHOU_Tien_Chen_Denmark_Open_2018_Finals\net_shot\set1_rally38_ball2.0.mp4,net_shot,OK,1.0,0.554,data/pose_features_multi\Kento_MOMOTA_CHOU_Tien_Chen_Denmark_Open_2018_Finals\net_shot\set1_rally38_ball2.0.npy
Kento_MOMOTA_CHOU_Tien_Chen_Denmark_Open_2018_Finals,data/clips_cropped_multi\Kento_MOMOTA_CHOU_Tien_Chen_Denmark_Open_2018_Finals\net_shot\set1_rally39_ball13.0.mp4,net_shot,OK,1.0,1.0,data/pose_features_multi\Kento_MOMOTA_CHOU_Tien_Chen_Denmark_Open_2018_Finals\net_shot\set1_rally39_ball13.0.npy
Kento_MOMOTA_CHOU_Tien_Chen_Denmark_Open_2018_Finals,data/clips_cropped_multi\Kento_MOMOTA_CHOU_Tien_Chen_Denmark_Open_2018_Finals\net_shot\set1_rally39_ball14.0.mp4,net_shot,OK,0.964,0.964,data/pose_features_multi\Kento_MOMOTA_CHOU_Tien_Chen_Denmark_Open_2018_Finals\net_shot\set1_rally39_ball14.0.npy
Kento_MOMOTA_CHOU_Tien_Chen_Denmark_Open_2018_Finals,data/clips_cropped_multi\Kento_MOMOTA_CHOU_Tien_Chen_Denmark_Open_2018_Finals\net_shot\set1_rally39_ball18.0.mp4,net_shot,OK,1.0,1.0,data/pose_features_multi\Kento_MOMOTA_CHOU_Tien_Chen_Denmark_Open_2018_Finals\net_shot\set1_rally39_ball18.0.npy
Kento_MOMOTA_CHOU_Tien_Chen_Denmark_Open_2018_Finals,data/clips_cropped_multi\Kento_MOMOTA_CHOU_Tien_Chen_Denmark_Open_2018_Finals\net_shot\set1_rally39_ball19.0.mp4,net_shot,OK,1.0,1.0,data/pose_features_multi\Kento_MOMOTA_CHOU_Tien_Chen_Denmark_Open_2018_Finals\net_shot\set1_rally39_ball19.0.npy
Kento_MOMOTA_CHOU_Tien_Chen_Denmark_Open_2018_Finals,data/clips_cropped_multi\Kento_MOMOTA_CHOU_Tien_Chen_Denmark_Open_2018_Finals\net_shot\set1_rally39_ball2.0.mp4,net_shot,OK,1.0,1.0,data/pose_features_multi\Kento_MOMOTA_CHOU_Tien_Chen_Denmark_Open_2018_Finals\net_shot\set1_rally39_ball2.0.npy
Kento_MOMOTA_CHOU_Tien_Chen_Denmark_Open_2018_Finals,data/clips_cropped_multi\Kento_MOMOTA_CHOU_Tien_Chen_Denmark_Open_2018_Finals\net_shot\set1_rally39_ball20.0.mp4,net_shot,OK,0.964,0.964,data/pose_features_multi\Kento_MOMOTA_CHOU_Tien_Chen_Denmark_Open_2018_Finals\net_shot\set1_rally39_ball20.0.npy
Kento_MOMOTA_CHOU_Tien_Chen_Denmark_Open_2018_Finals,data/clips_cropped_multi\Kento_MOMOTA_CHOU_Tien_Chen_Denmark_Open_2018_Finals\net_shot\set1_rally39_ball3.0.mp4,net_shot,OK,1.0,1.0,data/pose_features_multi\Kento_MOMOTA_CHOU_Tien_Chen_Denmark_Open_2018_Finals\net_shot\set1_rally39_ball3.0.npy
Kento_MOMOTA_CHOU_Tien_Chen_Denmark_Open_2018_Finals,data/clips_cropped_multi\Kento_MOMOTA_CHOU_Tien_Chen_Denmark_Open_2018_Finals\net_shot\set1_rally39_ball7.0.mp4,net_shot,OK,1.0,0.75,data/pose_features_multi\Kento_MOMOTA_CHOU_Tien_Chen_Denmark_Open_2018_Finals\net_shot\set1_rally39_ball7.0.npy
Kento_MOMOTA_CHOU_Tien_Chen_Denmark_Open_2018_Finals,data/clips_cropped_multi\Kento_MOMOTA_CHOU_Tien_Chen_Denmark_Open_2018_Finals\net_shot\set1_rally40_ball2.0.mp4,net_shot,OK,1.0,1.0,data/pose_features_multi\Kento_MOMOTA_CHOU_Tien_Chen_Denmark_Open_2018_Finals\net_shot\set1_rally40_ball2.0.npy
Kento_MOMOTA_CHOU_Tien_Chen_Denmark_Open_2018_Finals,data/clips_cropped_multi\Kento_MOMOTA_CHOU_Tien_Chen_Denmark_Open_2018_Finals\net_shot\set1_rally40_ball3.0.mp4,net_shot,OK,1.0,1.0,data/pose_features_multi\Kento_MOMOTA_CHOU_Tien_Chen_Denmark_Open_2018_Finals\net_shot\set1_rally40_ball3.0.npy
Kento_MOMOTA_CHOU_Tien_Chen_Denmark_Open_2018_Finals,data/clips_cropped_multi\Kento_MOMOTA_CHOU_Tien_Chen_Denmark_Open_2018_Finals\net_shot\set1_rally40_ball7.0.mp4,net_shot,OK,1.0,0.875,data/pose_features_multi\Kento_MOMOTA_CHOU_Tien_Chen_Denmark_Open_2018_Finals\net_shot\set1_rally40_ball7.0.npy
Kento_MOMOTA_CHOU_Tien_Chen_Denmark_Open_2018_Finals,data/clips_cropped_multi\Kento_MOMOTA_CHOU_Tien_Chen_Denmark_Open_2018_Finals\net_shot\set1_rally41_ball10.0.mp4,net_shot,OK,1.0,1.0,data/pose_features_multi\Kento_MOMOTA_CHOU_Tien_Chen_Denmark_Open_2018_Finals\net_shot\set1_rally41_ball10.0.npy
Kento_MOMOTA_CHOU_Tien_Chen_Denmark_Open_2018_Finals,data/clips_cropped_multi\Kento_MOMOTA_CHOU_Tien_Chen_Denmark_Open_2018_Finals\net_shot\set1_rally41_ball11.0.mp4,net_shot,OK,1.0,1.0,data/pose_features_multi\Kento_MOMOTA_CHOU_Tien_Chen_Denmark_Open_2018_Finals\net_shot\set1_rally41_ball11.0.npy
Kento_MOMOTA_CHOU_Tien_Chen_Denmark_Open_2018_Finals,data/clips_cropped_multi\Kento_MOMOTA_CHOU_Tien_Chen_Denmark_Open_2018_Finals\net_shot\set1_rally41_ball12.0.mp4,net_shot,OK,1.0,1.0,data/pose_features_multi\Kento_MOMOTA_CHOU_Tien_Chen_Denmark_Open_2018_Finals\net_shot\set1_rally41_ball12.0.npy
Kento_MOMOTA_CHOU_Tien_Chen_Denmark_Open_2018_Finals,data/clips_cropped_multi\Kento_MOMOTA_CHOU_Tien_Chen_Denmark_Open_2018_Finals\net_shot\set1_rally41_ball13.0.mp4,net_shot,OK,1.0,1.0,data/pose_features_multi\Kento_MOMOTA_CHOU_Tien_Chen_Denmark_Open_2018_Finals\net_shot\set1_rally41_ball13.0.npy
Kento_MOMOTA_CHOU_Tien_Chen_Denmark_Open_2018_Finals,data/clips_cropped_multi\Kento_MOMOTA_CHOU_Tien_Chen_Denmark_Open_2018_Finals\net_shot\set1_rally41_ball8.0.mp4,net_shot,OK,1.0,1.0,data/pose_features_multi\Kento_MOMOTA_CHOU_Tien_Chen_Denmark_Open_2018_Finals\net_shot\set1_rally41_ball8.0.npy
Kento_MOMOTA_CHOU_Tien_Chen_Denmark_Open_2018_Finals,data/clips_cropped_multi\Kento_MOMOTA_CHOU_Tien_Chen_Denmark_Open_2018_Finals\net_shot\set1_rally41_ball9.0.mp4,net_shot,OK,1.0,0.893,data/pose_features_multi\Kento_MOMOTA_CHOU_Tien_Chen_Denmark_Open_2018_Finals\net_shot\set1_rally41_ball9.0.npy
Kento_MOMOTA_CHOU_Tien_Chen_Denmark_Open_2018_Finals,data/clips_cropped_multi\Kento_MOMOTA_CHOU_Tien_Chen_Denmark_Open_2018_Finals\net_shot\set1_rally42_ball3.0.mp4,net_shot,OK,1.0,1.0,data/pose_features_multi\Kento_MOMOTA_CHOU_Tien_Chen_Denmark_Open_2018_Finals\net_shot\set1_rally42_ball3.0.npy
Kento_MOMOTA_CHOU_Tien_Chen_Denmark_Open_2018_Finals,data/clips_cropped_multi\Kento_MOMOTA_CHOU_Tien_Chen_Denmark_Open_2018_Finals\net_shot\set1_rally4_ball11.0.mp4,net_shot,OK,1.0,1.0,data/pose_features_multi\Kento_MOMOTA_CHOU_Tien_Chen_Denmark_Open_2018_Finals\net_shot\set1_rally4_ball11.0.npy
Kento_MOMOTA_CHOU_Tien_Chen_Denmark_Open_2018_Finals,data/clips_cropped_multi\Kento_MOMOTA_CHOU_Tien_Chen_Denmark_Open_2018_Finals\net_shot\set1_rally4_ball19.0.mp4,net_shot,OK,1.0,1.0,data/pose_features_multi\Kento_MOMOTA_CHOU_Tien_Chen_Denmark_Open_2018_Finals\net_shot\set1_rally4_ball19.0.npy
Kento_MOMOTA_CHOU_Tien_Chen_Denmark_Open_2018_Finals,data/clips_cropped_multi\Kento_MOMOTA_CHOU_Tien_Chen_Denmark_Open_2018_Finals\net_shot\set1_rally4_ball25.0.mp4,net_shot,OK,1.0,0.732,data/pose_features_multi\Kento_MOMOTA_CHOU_Tien_Chen_Denmark_Open_2018_Finals\net_shot\set1_rally4_ball25.0.npy
Kento_MOMOTA_CHOU_Tien_Chen_Denmark_Open_2018_Finals,data/clips_cropped_multi\Kento_MOMOTA_CHOU_Tien_Chen_Denmark_Open_2018_Finals\net_shot\set1_rally4_ball31.0.mp4,net_shot,OK,0.804,0.554,data/pose_features_multi\Kento_MOMOTA_CHOU_Tien_Chen_Denmark_Open_2018_Finals\net_shot\set1_rally4_ball31.0.npy
Kento_MOMOTA_CHOU_Tien_Chen_Denmark_Open_2018_Finals,data/clips_cropped_multi\Kento_MOMOTA_CHOU_Tien_Chen_Denmark_Open_2018_Finals\net_shot\set1_rally5_ball14.0.mp4,net_shot,OK,1.0,1.0,data/pose_features_multi\Kento_MOMOTA_CHOU_Tien_Chen_Denmark_Open_2018_Finals\net_shot\set1_rally5_ball14.0.npy
Kento_MOMOTA_CHOU_Tien_Chen_Denmark_Open_2018_Finals,data/clips_cropped_multi\Kento_MOMOTA_CHOU_Tien_Chen_Denmark_Open_2018_Finals\net_shot\set1_rally5_ball4.0.mp4,net_shot,OK,1.0,1.0,data/pose_features_multi\Kento_MOMOTA_CHOU_Tien_Chen_Denmark_Open_2018_Finals\net_shot\set1_rally5_ball4.0.npy
Kento_MOMOTA_CHOU_Tien_Chen_Denmark_Open_2018_Finals,data/clips_cropped_multi\Kento_MOMOTA_CHOU_Tien_Chen_Denmark_Open_2018_Finals\net_shot\set1_rally5_ball9.0.mp4,net_shot,OK,1.0,0.821,data/pose_features_multi\Kento_MOMOTA_CHOU_Tien_Chen_Denmark_Open_2018_Finals\net_shot\set1_rally5_ball9.0.npy
Kento_MOMOTA_CHOU_Tien_Chen_Denmark_Open_2018_Finals,data/clips_cropped_multi\Kento_MOMOTA_CHOU_Tien_Chen_Denmark_Open_2018_Finals\net_shot\set1_rally7_ball6.0.mp4,net_shot,OK,1.0,0.893,data/pose_features_multi\Kento_MOMOTA_CHOU_Tien_Chen_Denmark_Open_2018_Finals\net_shot\set1_rally7_ball6.0.npy
Kento_MOMOTA_CHOU_Tien_Chen_Denmark_Open_2018_Finals,data/clips_cropped_multi\Kento_MOMOTA_CHOU_Tien_Chen_Denmark_Open_2018_Finals\net_shot\set1_rally8_ball2.0.mp4,net_shot,OK,1.0,1.0,data/pose_features_multi\Kento_MOMOTA_CHOU_Tien_Chen_Denmark_Open_2018_Finals\net_shot\set1_rally8_ball2.0.npy
Kento_MOMOTA_CHOU_Tien_Chen_Denmark_Open_2018_Finals,data/clips_cropped_multi\Kento_MOMOTA_CHOU_Tien_Chen_Denmark_Open_2018_Finals\net_shot\set1_rally9_ball11.0.mp4,net_shot,OK,1.0,0.982,data/pose_features_multi\Kento_MOMOTA_CHOU_Tien_Chen_Denmark_Open_2018_Finals\net_shot\set1_rally9_ball11.0.npy
Kento_MOMOTA_CHOU_Tien_Chen_Denmark_Open_2018_Finals,data/clips_cropped_multi\Kento_MOMOTA_CHOU_Tien_Chen_Denmark_Open_2018_Finals\net_shot\set1_rally9_ball12.0.mp4,net_shot,OK,1.0,1.0,data/pose_features_multi\Kento_MOMOTA_CHOU_Tien_Chen_Denmark_Open_2018_Finals\net_shot\set1_rally9_ball12.0.npy
Kento_MOMOTA_CHOU_Tien_Chen_Denmark_Open_2018_Finals,data/clips_cropped_multi\Kento_MOMOTA_CHOU_Tien_Chen_Denmark_Open_2018_Finals\net_shot\set1_rally9_ball4.0.mp4,net_shot,OK,1.0,1.0,data/pose_features_multi\Kento_MOMOTA_CHOU_Tien_Chen_Denmark_Open_2018_Finals\net_shot\set1_rally9_ball4.0.npy
Kento_MOMOTA_CHOU_Tien_Chen_Denmark_Open_2018_Finals,data/clips_cropped_multi\Kento_MOMOTA_CHOU_Tien_Chen_Denmark_Open_2018_Finals\net_shot\set1_rally9_ball7.0.mp4,net_shot,OK,1.0,1.0,data/pose_features_multi\Kento_MOMOTA_CHOU_Tien_Chen_Denmark_Open_2018_Finals\net_shot\set1_rally9_ball7.0.npy
Kento_MOMOTA_CHOU_Tien_Chen_Denmark_Open_2018_Finals,data/clips_cropped_multi\Kento_MOMOTA_CHOU_Tien_Chen_Denmark_Open_2018_Finals\net_shot\set2_rally10_ball14.0.mp4,net_shot,OK,0.964,0.964,data/pose_features_multi\Kento_MOMOTA_CHOU_Tien_Chen_Denmark_Open_2018_Finals\net_shot\set2_rally10_ball14.0.npy
Kento_MOMOTA_CHOU_Tien_Chen_Denmark_Open_2018_Finals,data/clips_cropped_multi\Kento_MOMOTA_CHOU_Tien_Chen_Denmark_Open_2018_Finals\net_shot\set2_rally10_ball15.0.mp4,net_shot,OK,1.0,0.929,data/pose_features_multi\Kento_MOMOTA_CHOU_Tien_Chen_Denmark_Open_2018_Finals\net_shot\set2_rally10_ball15.0.npy
Kento_MOMOTA_CHOU_Tien_Chen_Denmark_Open_2018_Finals,data/clips_cropped_multi\Kento_MOMOTA_CHOU_Tien_Chen_Denmark_Open_2018_Finals\net_shot\set2_rally10_ball22.0.mp4,net_shot,OK,1.0,1.0,data/pose_features_multi\Kento_MOMOTA_CHOU_Tien_Chen_Denmark_Open_2018_Finals\net_shot\set2_rally10_ball22.0.npy
Kento_MOMOTA_CHOU_Tien_Chen_Denmark_Open_2018_Finals,data/clips_cropped_multi\Kento_MOMOTA_CHOU_Tien_Chen_Denmark_Open_2018_Finals\net_shot\set2_rally10_ball33.0.mp4,net_shot,OK,1.0,1.0,data/pose_features_multi\Kento_MOMOTA_CHOU_Tien_Chen_Denmark_Open_2018_Finals\net_shot\set2_rally10_ball33.0.npy
Kento_MOMOTA_CHOU_Tien_Chen_Denmark_Open_2018_Finals,data/clips_cropped_multi\Kento_MOMOTA_CHOU_Tien_Chen_Denmark_Open_2018_Finals\net_shot\set2_rally10_ball4.0.mp4,net_shot,OK,1.0,1.0,data/pose_features_multi\Kento_MOMOTA_CHOU_Tien_Chen_Denmark_Open_2018_Finals\net_shot\set2_rally10_ball4.0.npy
Kento_MOMOTA_CHOU_Tien_Chen_Denmark_Open_2018_Finals,data/clips_cropped_multi\Kento_MOMOTA_CHOU_Tien_Chen_Denmark_Open_2018_Finals\net_shot\set2_rally10_ball5.0.mp4,net_shot,OK,1.0,1.0,data/pose_features_multi\Kento_MOMOTA_CHOU_Tien_Chen_Denmark_Open_2018_Finals\net_shot\set2_rally10_ball5.0.npy
Kento_MOMOTA_CHOU_Tien_Chen_Denmark_Open_2018_Finals,data/clips_cropped_multi\Kento_MOMOTA_CHOU_Tien_Chen_Denmark_Open_2018_Finals\net_shot\set2_rally10_ball8.0.mp4,net_shot,OK,1.0,1.0,data/pose_features_multi\Kento_MOMOTA_CHOU_Tien_Chen_Denmark_Open_2018_Finals\net_shot\set2_rally10_ball8.0.npy
Kento_MOMOTA_CHOU_Tien_Chen_Denmark_Open_2018_Finals,data/clips_cropped_multi\Kento_MOMOTA_CHOU_Tien_Chen_Denmark_Open_2018_Finals\net_shot\set2_rally13_ball2.0.mp4,net_shot,OK,1.0,1.0,data/pose_features_multi\Kento_MOMOTA_CHOU_Tien_Chen_Denmark_Open_2018_Finals\net_shot\set2_rally13_ball2.0.npy
Kento_MOMOTA_CHOU_Tien_Chen_Denmark_Open_2018_Finals,data/clips_cropped_multi\Kento_MOMOTA_CHOU_Tien_Chen_Denmark_Open_2018_Finals\net_shot\set2_rally14_ball4.0.mp4,net_shot,OK,1.0,1.0,data/pose_features_multi\Kento_MOMOTA_CHOU_Tien_Chen_Denmark_Open_2018_Finals\net_shot\set2_rally14_ball4.0.npy
Kento_MOMOTA_CHOU_Tien_Chen_Denmark_Open_2018_Finals,data/clips_cropped_multi\Kento_MOMOTA_CHOU_Tien_Chen_Denmark_Open_2018_Finals\net_shot\set2_rally18_ball4.0.mp4,net_shot,OK,1.0,0.964,data/pose_features_multi\Kento_MOMOTA_CHOU_Tien_Chen_Denmark_Open_2018_Finals\net_shot\set2_rally18_ball4.0.npy
Kento_MOMOTA_CHOU_Tien_Chen_Denmark_Open_2018_Finals,data/clips_cropped_multi\Kento_MOMOTA_CHOU_Tien_Chen_Denmark_Open_2018_Finals\net_shot\set2_rally18_ball8.0.mp4,net_shot,OK,1.0,1.0,data/pose_features_multi\Kento_MOMOTA_CHOU_Tien_Chen_Denmark_Open_2018_Finals\net_shot\set2_rally18_ball8.0.npy
Kento_MOMOTA_CHOU_Tien_Chen_Denmark_Open_2018_Finals,data/clips_cropped_multi\Kento_MOMOTA_CHOU_Tien_Chen_Denmark_Open_2018_Finals\net_shot\set2_rally19_ball7.0.mp4,net_shot,OK,0.929,0.929,data/pose_features_multi\Kento_MOMOTA_CHOU_Tien_Chen_Denmark_Open_2018_Finals\net_shot\set2_rally19_ball7.0.npy
Kento_MOMOTA_CHOU_Tien_Chen_Denmark_Open_2018_Finals,data/clips_cropped_multi\Kento_MOMOTA_CHOU_Tien_Chen_Denmark_Open_2018_Finals\net_shot\set2_rally1_ball2.0.mp4,net_shot,OK,0.911,0.911,data/pose_features_multi\Kento_MOMOTA_CHOU_Tien_Chen_Denmark_Open_2018_Finals\net_shot\set2_rally1_ball2.0.npy
Kento_MOMOTA_CHOU_Tien_Chen_Denmark_Open_2018_Finals,data/clips_cropped_multi\Kento_MOMOTA_CHOU_Tien_Chen_Denmark_Open_2018_Finals\net_shot\set2_rally21_ball10.0.mp4,net_shot,OK,1.0,1.0,data/pose_features_multi\Kento_MOMOTA_CHOU_Tien_Chen_Denmark_Open_2018_Finals\net_shot\set2_rally21_ball10.0.npy
Kento_MOMOTA_CHOU_Tien_Chen_Denmark_Open_2018_Finals,data/clips_cropped_multi\Kento_MOMOTA_CHOU_Tien_Chen_Denmark_Open_2018_Finals\net_shot\set2_rally21_ball15.0.mp4,net_shot,OK,1.0,1.0,data/pose_features_multi\Kento_MOMOTA_CHOU_Tien_Chen_Denmark_Open_2018_Finals\net_shot\set2_rally21_ball15.0.npy
Kento_MOMOTA_CHOU_Tien_Chen_Denmark_Open_2018_Finals,data/clips_cropped_multi\Kento_MOMOTA_CHOU_Tien_Chen_Denmark_Open_2018_Finals\net_shot\set2_rally21_ball23.0.mp4,net_shot,OK,0.929,0.929,data/pose_features_multi\Kento_MOMOTA_CHOU_Tien_Chen_Denmark_Open_2018_Finals\net_shot\set2_rally21_ball23.0.npy
Kento_MOMOTA_CHOU_Tien_Chen_Denmark_Open_2018_Finals,data/clips_cropped_multi\Kento_MOMOTA_CHOU_Tien_Chen_Denmark_Open_2018_Finals\net_shot\set2_rally21_ball9.0.mp4,net_shot,OK,1.0,1.0,data/pose_features_multi\Kento_MOMOTA_CHOU_Tien_Chen_Denmark_Open_2018_Finals\net_shot\set2_rally21_ball9.0.npy
Kento_MOMOTA_CHOU_Tien_Chen_Denmark_Open_2018_Finals,data/clips_cropped_multi\Kento_MOMOTA_CHOU_Tien_Chen_Denmark_Open_2018_Finals\net_shot\set2_rally22_ball11.0.mp4,net_shot,OK,1.0,0.696,data/pose_features_multi\Kento_MOMOTA_CHOU_Tien_Chen_Denmark_Open_2018_Finals\net_shot\set2_rally22_ball11.0.npy
Kento_MOMOTA_CHOU_Tien_Chen_Denmark_Open_2018_Finals,data/clips_cropped_multi\Kento_MOMOTA_CHOU_Tien_Chen_Denmark_Open_2018_Finals\net_shot\set2_rally22_ball12.0.mp4,net_shot,OK,1.0,1.0,data/pose_features_multi\Kento_MOMOTA_CHOU_Tien_Chen_Denmark_Open_2018_Finals\net_shot\set2_rally22_ball12.0.npy
Kento_MOMOTA_CHOU_Tien_Chen_Denmark_Open_2018_Finals,data/clips_cropped_multi\Kento_MOMOTA_CHOU_Tien_Chen_Denmark_Open_2018_Finals\net_shot\set2_rally22_ball7.0.mp4,net_shot,OK,1.0,1.0,data/pose_features_multi\Kento_MOMOTA_CHOU_Tien_Chen_Denmark_Open_2018_Finals\net_shot\set2_rally22_ball7.0.npy
Kento_MOMOTA_CHOU_Tien_Chen_Denmark_Open_2018_Finals,data/clips_cropped_multi\Kento_MOMOTA_CHOU_Tien_Chen_Denmark_Open_2018_Finals\net_shot\set2_rally24_ball2.0.mp4,net_shot,OK,1.0,1.0,data/pose_features_multi\Kento_MOMOTA_CHOU_Tien_Chen_Denmark_Open_2018_Finals\net_shot\set2_rally24_ball2.0.npy
Kento_MOMOTA_CHOU_Tien_Chen_Denmark_Open_2018_Finals,data/clips_cropped_multi\Kento_MOMOTA_CHOU_Tien_Chen_Denmark_Open_2018_Finals\net_shot\set2_rally24_ball6.0.mp4,net_shot,OK,1.0,1.0,data/pose_features_multi\Kento_MOMOTA_CHOU_Tien_Chen_Denmark_Open_2018_Finals\net_shot\set2_rally24_ball6.0.npy
Kento_MOMOTA_CHOU_Tien_Chen_Denmark_Open_2018_Finals,data/clips_cropped_multi\Kento_MOMOTA_CHOU_Tien_Chen_Denmark_Open_2018_Finals\net_shot\set2_rally25_ball6.0.mp4,net_shot,OK,1.0,1.0,data/pose_features_multi\Kento_MOMOTA_CHOU_Tien_Chen_Denmark_Open_2018_Finals\net_shot\set2_rally25_ball6.0.npy
Kento_MOMOTA_CHOU_Tien_Chen_Denmark_Open_2018_Finals,data/clips_cropped_multi\Kento_MOMOTA_CHOU_Tien_Chen_Denmark_Open_2018_Finals\net_shot\set2_rally29_ball4.0.mp4,net_shot,OK,1.0,1.0,data/pose_features_multi\Kento_MOMOTA_CHOU_Tien_Chen_Denmark_Open_2018_Finals\net_shot\set2_rally29_ball4.0.npy
Kento_MOMOTA_CHOU_Tien_Chen_Denmark_Open_2018_Finals,data/clips_cropped_multi\Kento_MOMOTA_CHOU_Tien_Chen_Denmark_Open_2018_Finals\net_shot\set2_rally29_ball5.0.mp4,net_shot,OK,1.0,1.0,data/pose_features_multi\Kento_MOMOTA_CHOU_Tien_Chen_Denmark_Open_2018_Finals\net_shot\set2_rally29_ball5.0.npy
Kento_MOMOTA_CHOU_Tien_Chen_Denmark_Open_2018_Finals,data/clips_cropped_multi\Kento_MOMOTA_CHOU_Tien_Chen_Denmark_Open_2018_Finals\net_shot\set2_rally2_ball11.0.mp4,net_shot,OK,1.0,1.0,data/pose_features_multi\Kento_MOMOTA_CHOU_Tien_Chen_Denmark_Open_2018_Finals\net_shot\set2_rally2_ball11.0.npy
Kento_MOMOTA_CHOU_Tien_Chen_Denmark_Open_2018_Finals,data/clips_cropped_multi\Kento_MOMOTA_CHOU_Tien_Chen_Denmark_Open_2018_Finals\net_shot\set2_rally2_ball2.0.mp4,net_shot,OK,1.0,0.232,data/pose_features_multi\Kento_MOMOTA_CHOU_Tien_Chen_Denmark_Open_2018_Finals\net_shot\set2_rally2_ball2.0.npy
Kento_MOMOTA_CHOU_Tien_Chen_Denmark_Open_2018_Finals,data/clips_cropped_multi\Kento_MOMOTA_CHOU_Tien_Chen_Denmark_Open_2018_Finals\net_shot\set2_rally2_ball5.0.mp4,net_shot,OK,1.0,1.0,data/pose_features_multi\Kento_MOMOTA_CHOU_Tien_Chen_Denmark_Open_2018_Finals\net_shot\set2_rally2_ball5.0.npy
Kento_MOMOTA_CHOU_Tien_Chen_Denmark_Open_2018_Finals,data/clips_cropped_multi\Kento_MOMOTA_CHOU_Tien_Chen_Denmark_Open_2018_Finals\net_shot\set2_rally2_ball6.0.mp4,net_shot,OK,1.0,0.821,data/pose_features_multi\Kento_MOMOTA_CHOU_Tien_Chen_Denmark_Open_2018_Finals\net_shot\set2_rally2_ball6.0.npy
Kento_MOMOTA_CHOU_Tien_Chen_Denmark_Open_2018_Finals,data/clips_cropped_multi\Kento_MOMOTA_CHOU_Tien_Chen_Denmark_Open_2018_Finals\net_shot\set2_rally30_ball5.0.mp4,net_shot,OK,1.0,1.0,data/pose_features_multi\Kento_MOMOTA_CHOU_Tien_Chen_Denmark_Open_2018_Finals\net_shot\set2_rally30_ball5.0.npy
Kento_MOMOTA_CHOU_Tien_Chen_Denmark_Open_2018_Finals,data/clips_cropped_multi\Kento_MOMOTA_CHOU_Tien_Chen_Denmark_Open_2018_Finals\net_shot\set2_rally35_ball11.0.mp4,net_shot,OK,1.0,1.0,data/pose_features_multi\Kento_MOMOTA_CHOU_Tien_Chen_Denmark_Open_2018_Finals\net_shot\set2_rally35_ball11.0.npy
Kento_MOMOTA_CHOU_Tien_Chen_Denmark_Open_2018_Finals,data/clips_cropped_multi\Kento_MOMOTA_CHOU_Tien_Chen_Denmark_Open_2018_Finals\net_shot\set2_rally35_ball12.0.mp4,net_shot,OK,1.0,1.0,data/pose_features_multi\Kento_MOMOTA_CHOU_Tien_Chen_Denmark_Open_2018_Finals\net_shot\set2_rally35_ball12.0.npy
Kento_MOMOTA_CHOU_Tien_Chen_Denmark_Open_2018_Finals,data/clips_cropped_multi\Kento_MOMOTA_CHOU_Tien_Chen_Denmark_Open_2018_Finals\net_shot\set2_rally35_ball16.0.mp4,net_shot,OK,0.875,0.875,data/pose_features_multi\Kento_MOMOTA_CHOU_Tien_Chen_Denmark_Open_2018_Finals\net_shot\set2_rally35_ball16.0.npy
Kento_MOMOTA_CHOU_Tien_Chen_Denmark_Open_2018_Finals,data/clips_cropped_multi\Kento_MOMOTA_CHOU_Tien_Chen_Denmark_Open_2018_Finals\net_shot\set2_rally35_ball6.0.mp4,net_shot,OK,1.0,1.0,data/pose_features_multi\Kento_MOMOTA_CHOU_Tien_Chen_Denmark_Open_2018_Finals\net_shot\set2_rally35_ball6.0.npy
Kento_MOMOTA_CHOU_Tien_Chen_Denmark_Open_2018_Finals,data/clips_cropped_multi\Kento_MOMOTA_CHOU_Tien_Chen_Denmark_Open_2018_Finals\net_shot\set2_rally37_ball2.0.mp4,net_shot,OK,1.0,1.0,data/pose_features_multi\Kento_MOMOTA_CHOU_Tien_Chen_Denmark_Open_2018_Finals\net_shot\set2_rally37_ball2.0.npy
Kento_MOMOTA_CHOU_Tien_Chen_Denmark_Open_2018_Finals,data/clips_cropped_multi\Kento_MOMOTA_CHOU_Tien_Chen_Denmark_Open_2018_Finals\net_shot\set2_rally3_ball10.0.mp4,net_shot,OK,1.0,0.768,data/pose_features_multi\Kento_MOMOTA_CHOU_Tien_Chen_Denmark_Open_2018_Finals\net_shot\set2_rally3_ball10.0.npy
Kento_MOMOTA_CHOU_Tien_Chen_Denmark_Open_2018_Finals,data/clips_cropped_multi\Kento_MOMOTA_CHOU_Tien_Chen_Denmark_Open_2018_Finals\net_shot\set2_rally3_ball5.0.mp4,net_shot,OK,1.0,1.0,data/pose_features_multi\Kento_MOMOTA_CHOU_Tien_Chen_Denmark_Open_2018_Finals\net_shot\set2_rally3_ball5.0.npy
Kento_MOMOTA_CHOU_Tien_Chen_Denmark_Open_2018_Finals,data/clips_cropped_multi\Kento_MOMOTA_CHOU_Tien_Chen_Denmark_Open_2018_Finals\net_shot\set2_rally3_ball6.0.mp4,net_shot,OK,1.0,1.0,data/pose_features_multi\Kento_MOMOTA_CHOU_Tien_Chen_Denmark_Open_2018_Finals\net_shot\set2_rally3_ball6.0.npy
Kento_MOMOTA_CHOU_Tien_Chen_Denmark_Open_2018_Finals,data/clips_cropped_multi\Kento_MOMOTA_CHOU_Tien_Chen_Denmark_Open_2018_Finals\net_shot\set2_rally4_ball10.0.mp4,net_shot,OK,1.0,1.0,data/pose_features_multi\Kento_MOMOTA_CHOU_Tien_Chen_Denmark_Open_2018_Finals\net_shot\set2_rally4_ball10.0.npy
Kento_MOMOTA_CHOU_Tien_Chen_Denmark_Open_2018_Finals,data/clips_cropped_multi\Kento_MOMOTA_CHOU_Tien_Chen_Denmark_Open_2018_Finals\net_shot\set2_rally4_ball11.0.mp4,net_shot,OK,1.0,0.786,data/pose_features_multi\Kento_MOMOTA_CHOU_Tien_Chen_Denmark_Open_2018_Finals\net_shot\set2_rally4_ball11.0.npy
Kento_MOMOTA_CHOU_Tien_Chen_Denmark_Open_2018_Finals,data/clips_cropped_multi\Kento_MOMOTA_CHOU_Tien_Chen_Denmark_Open_2018_Finals\net_shot\set2_rally4_ball14.0.mp4,net_shot,OK,1.0,1.0,data/pose_features_multi\Kento_MOMOTA_CHOU_Tien_Chen_Denmark_Open_2018_Finals\net_shot\set2_rally4_ball14.0.npy
Kento_MOMOTA_CHOU_Tien_Chen_Denmark_Open_2018_Finals,data/clips_cropped_multi\Kento_MOMOTA_CHOU_Tien_Chen_Denmark_Open_2018_Finals\net_shot\set2_rally4_ball15.0.mp4,net_shot,OK,1.0,0.679,data/pose_features_multi\Kento_MOMOTA_CHOU_Tien_Chen_Denmark_Open_2018_Finals\net_shot\set2_rally4_ball15.0.npy
Kento_MOMOTA_CHOU_Tien_Chen_Denmark_Open_2018_Finals,data/clips_cropped_multi\Kento_MOMOTA_CHOU_Tien_Chen_Denmark_Open_2018_Finals\net_shot\set2_rally4_ball16.0.mp4,net_shot,OK,1.0,1.0,data/pose_features_multi\Kento_MOMOTA_CHOU_Tien_Chen_Denmark_Open_2018_Finals\net_shot\set2_rally4_ball16.0.npy
Kento_MOMOTA_CHOU_Tien_Chen_Denmark_Open_2018_Finals,data/clips_cropped_multi\Kento_MOMOTA_CHOU_Tien_Chen_Denmark_Open_2018_Finals\net_shot\set2_rally4_ball5.0.mp4,net_shot,OK,1.0,0.946,data/pose_features_multi\Kento_MOMOTA_CHOU_Tien_Chen_Denmark_Open_2018_Finals\net_shot\set2_rally4_ball5.0.npy
Kento_MOMOTA_CHOU_Tien_Chen_Denmark_Open_2018_Finals,data/clips_cropped_multi\Kento_MOMOTA_CHOU_Tien_Chen_Denmark_Open_2018_Finals\net_shot\set2_rally4_ball6.0.mp4,net_shot,OK,1.0,1.0,data/pose_features_multi\Kento_MOMOTA_CHOU_Tien_Chen_Denmark_Open_2018_Finals\net_shot\set2_rally4_ball6.0.npy
Kento_MOMOTA_CHOU_Tien_Chen_Denmark_Open_2018_Finals,data/clips_cropped_multi\Kento_MOMOTA_CHOU_Tien_Chen_Denmark_Open_2018_Finals\net_shot\set2_rally4_ball7.0.mp4,net_shot,OK,1.0,1.0,data/pose_features_multi\Kento_MOMOTA_CHOU_Tien_Chen_Denmark_Open_2018_Finals\net_shot\set2_rally4_ball7.0.npy
Kento_MOMOTA_CHOU_Tien_Chen_Denmark_Open_2018_Finals,data/clips_cropped_multi\Kento_MOMOTA_CHOU_Tien_Chen_Denmark_Open_2018_Finals\net_shot\set2_rally5_ball7.0.mp4,net_shot,OK,1.0,1.0,data/pose_features_multi\Kento_MOMOTA_CHOU_Tien_Chen_Denmark_Open_2018_Finals\net_shot\set2_rally5_ball7.0.npy
Kento_MOMOTA_CHOU_Tien_Chen_Denmark_Open_2018_Finals,data/clips_cropped_multi\Kento_MOMOTA_CHOU_Tien_Chen_Denmark_Open_2018_Finals\net_shot\set2_rally5_ball8.0.mp4,net_shot,OK,1.0,1.0,data/pose_features_multi\Kento_MOMOTA_CHOU_Tien_Chen_Denmark_Open_2018_Finals\net_shot\set2_rally5_ball8.0.npy
Kento_MOMOTA_CHOU_Tien_Chen_Denmark_Open_2018_Finals,data/clips_cropped_multi\Kento_MOMOTA_CHOU_Tien_Chen_Denmark_Open_2018_Finals\net_shot\set2_rally6_ball2.0.mp4,net_shot,OK,1.0,1.0,data/pose_features_multi\Kento_MOMOTA_CHOU_Tien_Chen_Denmark_Open_2018_Finals\net_shot\set2_rally6_ball2.0.npy
Kento_MOMOTA_CHOU_Tien_Chen_Denmark_Open_2018_Finals,data/clips_cropped_multi\Kento_MOMOTA_CHOU_Tien_Chen_Denmark_Open_2018_Finals\net_shot\set2_rally9_ball2.0.mp4,net_shot,OK,1.0,0.375,data/pose_features_multi\Kento_MOMOTA_CHOU_Tien_Chen_Denmark_Open_2018_Finals\net_shot\set2_rally9_ball2.0.npy
Kento_MOMOTA_CHOU_Tien_Chen_Denmark_Open_2018_Finals,data/clips_cropped_multi\Kento_MOMOTA_CHOU_Tien_Chen_Denmark_Open_2018_Finals\net_shot\set3_rally10_ball2.mp4,net_shot,OK,0.714,0.536,data/pose_features_multi\Kento_MOMOTA_CHOU_Tien_Chen_Denmark_Open_2018_Finals\net_shot\set3_rally10_ball2.npy
Kento_MOMOTA_CHOU_Tien_Chen_Denmark_Open_2018_Finals,data/clips_cropped_multi\Kento_MOMOTA_CHOU_Tien_Chen_Denmark_Open_2018_Finals\net_shot\set3_rally11_ball10.mp4,net_shot,OK,1.0,1.0,data/pose_features_multi\Kento_MOMOTA_CHOU_Tien_Chen_Denmark_Open_2018_Finals\net_shot\set3_rally11_ball10.npy
Kento_MOMOTA_CHOU_Tien_Chen_Denmark_Open_2018_Finals,data/clips_cropped_multi\Kento_MOMOTA_CHOU_Tien_Chen_Denmark_Open_2018_Finals\net_shot\set3_rally11_ball11.mp4,net_shot,OK,1.0,1.0,data/pose_features_multi\Kento_MOMOTA_CHOU_Tien_Chen_Denmark_Open_2018_Finals\net_shot\set3_rally11_ball11.npy
Kento_MOMOTA_CHOU_Tien_Chen_Denmark_Open_2018_Finals,data/clips_cropped_multi\Kento_MOMOTA_CHOU_Tien_Chen_Denmark_Open_2018_Finals\net_shot\set3_rally11_ball12.mp4,net_shot,OK,1.0,1.0,data/pose_features_multi\Kento_MOMOTA_CHOU_Tien_Chen_Denmark_Open_2018_Finals\net_shot\set3_rally11_ball12.npy
Kento_MOMOTA_CHOU_Tien_Chen_Denmark_Open_2018_Finals,data/clips_cropped_multi\Kento_MOMOTA_CHOU_Tien_Chen_Denmark_Open_2018_Finals\net_shot\set3_rally11_ball2.mp4,net_shot,OK,1.0,0.875,data/pose_features_multi\Kento_MOMOTA_CHOU_Tien_Chen_Denmark_Open_2018_Finals\net_shot\set3_rally11_ball2.npy
Kento_MOMOTA_CHOU_Tien_Chen_Denmark_Open_2018_Finals,data/clips_cropped_multi\Kento_MOMOTA_CHOU_Tien_Chen_Denmark_Open_2018_Finals\net_shot\set3_rally11_ball7.mp4,net_shot,OK,1.0,1.0,data/pose_features_multi\Kento_MOMOTA_CHOU_Tien_Chen_Denmark_Open_2018_Finals\net_shot\set3_rally11_ball7.npy
Kento_MOMOTA_CHOU_Tien_Chen_Denmark_Open_2018_Finals,data/clips_cropped_multi\Kento_MOMOTA_CHOU_Tien_Chen_Denmark_Open_2018_Finals\net_shot\set3_rally12_ball2.mp4,net_shot,OK,1.0,1.0,data/pose_features_multi\Kento_MOMOTA_CHOU_Tien_Chen_Denmark_Open_2018_Finals\net_shot\set3_rally12_ball2.npy
Kento_MOMOTA_CHOU_Tien_Chen_Denmark_Open_2018_Finals,data/clips_cropped_multi\Kento_MOMOTA_CHOU_Tien_Chen_Denmark_Open_2018_Finals\net_shot\set3_rally12_ball3.mp4,net_shot,OK,1.0,1.0,data/pose_features_multi\Kento_MOMOTA_CHOU_Tien_Chen_Denmark_Open_2018_Finals\net_shot\set3_rally12_ball3.npy
Kento_MOMOTA_CHOU_Tien_Chen_Denmark_Open_2018_Finals,data/clips_cropped_multi\Kento_MOMOTA_CHOU_Tien_Chen_Denmark_Open_2018_Finals\net_shot\set3_rally12_ball7.mp4,net_shot,OK,1.0,0.661,data/pose_features_multi\Kento_MOMOTA_CHOU_Tien_Chen_Denmark_Open_2018_Finals\net_shot\set3_rally12_ball7.npy
Kento_MOMOTA_CHOU_Tien_Chen_Denmark_Open_2018_Finals,data/clips_cropped_multi\Kento_MOMOTA_CHOU_Tien_Chen_Denmark_Open_2018_Finals\net_shot\set3_rally13_ball17.mp4,net_shot,OK,1.0,1.0,data/pose_features_multi\Kento_MOMOTA_CHOU_Tien_Chen_Denmark_Open_2018_Finals\net_shot\set3_rally13_ball17.npy
Kento_MOMOTA_CHOU_Tien_Chen_Denmark_Open_2018_Finals,data/clips_cropped_multi\Kento_MOMOTA_CHOU_Tien_Chen_Denmark_Open_2018_Finals\net_shot\set3_rally13_ball18.mp4,net_shot,OK,1.0,0.857,data/pose_features_multi\Kento_MOMOTA_CHOU_Tien_Chen_Denmark_Open_2018_Finals\net_shot\set3_rally13_ball18.npy
Kento_MOMOTA_CHOU_Tien_Chen_Denmark_Open_2018_Finals,data/clips_cropped_multi\Kento_MOMOTA_CHOU_Tien_Chen_Denmark_Open_2018_Finals\net_shot\set3_rally13_ball2.mp4,net_shot,OK,1.0,0.304,data/pose_features_multi\Kento_MOMOTA_CHOU_Tien_Chen_Denmark_Open_2018_Finals\net_shot\set3_rally13_ball2.npy
Kento_MOMOTA_CHOU_Tien_Chen_Denmark_Open_2018_Finals,data/clips_cropped_multi\Kento_MOMOTA_CHOU_Tien_Chen_Denmark_Open_2018_Finals\net_shot\set3_rally13_ball22.mp4,net_shot,OK,1.0,0.732,data/pose_features_multi\Kento_MOMOTA_CHOU_Tien_Chen_Denmark_Open_2018_Finals\net_shot\set3_rally13_ball22.npy
Kento_MOMOTA_CHOU_Tien_Chen_Denmark_Open_2018_Finals,data/clips_cropped_multi\Kento_MOMOTA_CHOU_Tien_Chen_Denmark_Open_2018_Finals\net_shot\set3_rally13_ball26.mp4,net_shot,OK,1.0,0.75,data/pose_features_multi\Kento_MOMOTA_CHOU_Tien_Chen_Denmark_Open_2018_Finals\net_shot\set3_rally13_ball26.npy
Kento_MOMOTA_CHOU_Tien_Chen_Denmark_Open_2018_Finals,data/clips_cropped_multi\Kento_MOMOTA_CHOU_Tien_Chen_Denmark_Open_2018_Finals\net_shot\set3_rally13_ball3.mp4,net_shot,OK,1.0,1.0,data/pose_features_multi\Kento_MOMOTA_CHOU_Tien_Chen_Denmark_Open_2018_Finals\net_shot\set3_rally13_ball3.npy
Kento_MOMOTA_CHOU_Tien_Chen_Denmark_Open_2018_Finals,data/clips_cropped_multi\Kento_MOMOTA_CHOU_Tien_Chen_Denmark_Open_2018_Finals\net_shot\set3_rally13_ball32.mp4,net_shot,OK,1.0,1.0,data/pose_features_multi\Kento_MOMOTA_CHOU_Tien_Chen_Denmark_Open_2018_Finals\net_shot\set3_rally13_ball32.npy
Kento_MOMOTA_CHOU_Tien_Chen_Denmark_Open_2018_Finals,data/clips_cropped_multi\Kento_MOMOTA_CHOU_Tien_Chen_Denmark_Open_2018_Finals\net_shot\set3_rally13_ball35.mp4,net_shot,OK,1.0,1.0,data/pose_features_multi\Kento_MOMOTA_CHOU_Tien_Chen_Denmark_Open_2018_Finals\net_shot\set3_rally13_ball35.npy
Kento_MOMOTA_CHOU_Tien_Chen_Denmark_Open_2018_Finals,data/clips_cropped_multi\Kento_MOMOTA_CHOU_Tien_Chen_Denmark_Open_2018_Finals\net_shot\set3_rally13_ball36.mp4,net_shot,OK,1.0,0.589,data/pose_features_multi\Kento_MOMOTA_CHOU_Tien_Chen_Denmark_Open_2018_Finals\net_shot\set3_rally13_ball36.npy
Kento_MOMOTA_CHOU_Tien_Chen_Denmark_Open_2018_Finals,data/clips_cropped_multi\Kento_MOMOTA_CHOU_Tien_Chen_Denmark_Open_2018_Finals\net_shot\set3_rally13_ball40.mp4,net_shot,OK,1.0,1.0,data/pose_features_multi\Kento_MOMOTA_CHOU_Tien_Chen_Denmark_Open_2018_Finals\net_shot\set3_rally13_ball40.npy
Kento_MOMOTA_CHOU_Tien_Chen_Denmark_Open_2018_Finals,data/clips_cropped_multi\Kento_MOMOTA_CHOU_Tien_Chen_Denmark_Open_2018_Finals\net_shot\set3_rally13_ball7.mp4,net_shot,POSE_INSUFFICIENT,0.607,0.607,data/pose_features_multi\Kento_MOMOTA_CHOU_Tien_Chen_Denmark_Open_2018_Finals\net_shot\set3_rally13_ball7.npy
Kento_MOMOTA_CHOU_Tien_Chen_Denmark_Open_2018_Finals,data/clips_cropped_multi\Kento_MOMOTA_CHOU_Tien_Chen_Denmark_Open_2018_Finals\net_shot\set3_rally14_ball4.mp4,net_shot,OK,1.0,1.0,data/pose_features_multi\Kento_MOMOTA_CHOU_Tien_Chen_Denmark_Open_2018_Finals\net_shot\set3_rally14_ball4.npy
Kento_MOMOTA_CHOU_Tien_Chen_Denmark_Open_2018_Finals,data/clips_cropped_multi\Kento_MOMOTA_CHOU_Tien_Chen_Denmark_Open_2018_Finals\net_shot\set3_rally14_ball5.mp4,net_shot,OK,1.0,1.0,data/pose_features_multi\Kento_MOMOTA_CHOU_Tien_Chen_Denmark_Open_2018_Finals\net_shot\set3_rally14_ball5.npy
Kento_MOMOTA_CHOU_Tien_Chen_Denmark_Open_2018_Finals,data/clips_cropped_multi\Kento_MOMOTA_CHOU_Tien_Chen_Denmark_Open_2018_Finals\net_shot\set3_rally15_ball2.mp4,net_shot,OK,1.0,1.0,data/pose_features_multi\Kento_MOMOTA_CHOU_Tien_Chen_Denmark_Open_2018_Finals\net_shot\set3_rally15_ball2.npy
Kento_MOMOTA_CHOU_Tien_Chen_Denmark_Open_2018_Finals,data/clips_cropped_multi\Kento_MOMOTA_CHOU_Tien_Chen_Denmark_Open_2018_Finals\net_shot\set3_rally15_ball3.mp4,net_shot,OK,1.0,0.679,data/pose_features_multi\Kento_MOMOTA_CHOU_Tien_Chen_Denmark_Open_2018_Finals\net_shot\set3_rally15_ball3.npy
Kento_MOMOTA_CHOU_Tien_Chen_Denmark_Open_2018_Finals,data/clips_cropped_multi\Kento_MOMOTA_CHOU_Tien_Chen_Denmark_Open_2018_Finals\net_shot\set3_rally15_ball4.mp4,net_shot,OK,1.0,1.0,data/pose_features_multi\Kento_MOMOTA_CHOU_Tien_Chen_Denmark_Open_2018_Finals\net_shot\set3_rally15_ball4.npy
Kento_MOMOTA_CHOU_Tien_Chen_Denmark_Open_2018_Finals,data/clips_cropped_multi\Kento_MOMOTA_CHOU_Tien_Chen_Denmark_Open_2018_Finals\net_shot\set3_rally17_ball5.mp4,net_shot,OK,1.0,1.0,data/pose_features_multi\Kento_MOMOTA_CHOU_Tien_Chen_Denmark_Open_2018_Finals\net_shot\set3_rally17_ball5.npy
Kento_MOMOTA_CHOU_Tien_Chen_Denmark_Open_2018_Finals,data/clips_cropped_multi\Kento_MOMOTA_CHOU_Tien_Chen_Denmark_Open_2018_Finals\net_shot\set3_rally18_ball11.mp4,net_shot,OK,1.0,0.589,data/pose_features_multi\Kento_MOMOTA_CHOU_Tien_Chen_Denmark_Open_2018_Finals\net_shot\set3_rally18_ball11.npy
Kento_MOMOTA_CHOU_Tien_Chen_Denmark_Open_2018_Finals,data/clips_cropped_multi\Kento_MOMOTA_CHOU_Tien_Chen_Denmark_Open_2018_Finals\net_shot\set3_rally18_ball16.mp4,net_shot,OK,1.0,1.0,data/pose_features_multi\Kento_MOMOTA_CHOU_Tien_Chen_Denmark_Open_2018_Finals\net_shot\set3_rally18_ball16.npy
Kento_MOMOTA_CHOU_Tien_Chen_Denmark_Open_2018_Finals,data/clips_cropped_multi\Kento_MOMOTA_CHOU_Tien_Chen_Denmark_Open_2018_Finals\net_shot\set3_rally18_ball17.mp4,net_shot,OK,1.0,1.0,data/pose_features_multi\Kento_MOMOTA_CHOU_Tien_Chen_Denmark_Open_2018_Finals\net_shot\set3_rally18_ball17.npy
Kento_MOMOTA_CHOU_Tien_Chen_Denmark_Open_2018_Finals,data/clips_cropped_multi\Kento_MOMOTA_CHOU_Tien_Chen_Denmark_Open_2018_Finals\net_shot\set3_rally18_ball20.mp4,net_shot,OK,1.0,1.0,data/pose_features_multi\Kento_MOMOTA_CHOU_Tien_Chen_Denmark_Open_2018_Finals\net_shot\set3_rally18_ball20.npy
Kento_MOMOTA_CHOU_Tien_Chen_Denmark_Open_2018_Finals,data/clips_cropped_multi\Kento_MOMOTA_CHOU_Tien_Chen_Denmark_Open_2018_Finals\net_shot\set3_rally18_ball21.mp4,net_shot,OK,1.0,1.0,data/pose_features_multi\Kento_MOMOTA_CHOU_Tien_Chen_Denmark_Open_2018_Finals\net_shot\set3_rally18_ball21.npy
Kento_MOMOTA_CHOU_Tien_Chen_Denmark_Open_2018_Finals,data/clips_cropped_multi\Kento_MOMOTA_CHOU_Tien_Chen_Denmark_Open_2018_Finals\net_shot\set3_rally18_ball24.mp4,net_shot,OK,1.0,1.0,data/pose_features_multi\Kento_MOMOTA_CHOU_Tien_Chen_Denmark_Open_2018_Finals\net_shot\set3_rally18_ball24.npy
Kento_MOMOTA_CHOU_Tien_Chen_Denmark_Open_2018_Finals,data/clips_cropped_multi\Kento_MOMOTA_CHOU_Tien_Chen_Denmark_Open_2018_Finals\net_shot\set3_rally18_ball5.mp4,net_shot,OK,1.0,0.75,data/pose_features_multi\Kento_MOMOTA_CHOU_Tien_Chen_Denmark_Open_2018_Finals\net_shot\set3_rally18_ball5.npy
Kento_MOMOTA_CHOU_Tien_Chen_Denmark_Open_2018_Finals,data/clips_cropped_multi\Kento_MOMOTA_CHOU_Tien_Chen_Denmark_Open_2018_Finals\net_shot\set3_rally18_ball6.mp4,net_shot,OK,1.0,1.0,data/pose_features_multi\Kento_MOMOTA_CHOU_Tien_Chen_Denmark_Open_2018_Finals\net_shot\set3_rally18_ball6.npy
Kento_MOMOTA_CHOU_Tien_Chen_Denmark_Open_2018_Finals,data/clips_cropped_multi\Kento_MOMOTA_CHOU_Tien_Chen_Denmark_Open_2018_Finals\net_shot\set3_rally18_ball7.mp4,net_shot,OK,1.0,1.0,data/pose_features_multi\Kento_MOMOTA_CHOU_Tien_Chen_Denmark_Open_2018_Finals\net_shot\set3_rally18_ball7.npy
Kento_MOMOTA_CHOU_Tien_Chen_Denmark_Open_2018_Finals,data/clips_cropped_multi\Kento_MOMOTA_CHOU_Tien_Chen_Denmark_Open_2018_Finals\net_shot\set3_rally1_ball18.mp4,net_shot,OK,1.0,1.0,data/pose_features_multi\Kento_MOMOTA_CHOU_Tien_Chen_Denmark_Open_2018_Finals\net_shot\set3_rally1_ball18.npy
Kento_MOMOTA_CHOU_Tien_Chen_Denmark_Open_2018_Finals,data/clips_cropped_multi\Kento_MOMOTA_CHOU_Tien_Chen_Denmark_Open_2018_Finals\net_shot\set3_rally1_ball22.mp4,net_shot,OK,1.0,1.0,data/pose_features_multi\Kento_MOMOTA_CHOU_Tien_Chen_Denmark_Open_2018_Finals\net_shot\set3_rally1_ball22.npy
Kento_MOMOTA_CHOU_Tien_Chen_Denmark_Open_2018_Finals,data/clips_cropped_multi\Kento_MOMOTA_CHOU_Tien_Chen_Denmark_Open_2018_Finals\net_shot\set3_rally1_ball26.mp4,net_shot,OK,1.0,1.0,data/pose_features_multi\Kento_MOMOTA_CHOU_Tien_Chen_Denmark_Open_2018_Finals\net_shot\set3_rally1_ball26.npy
Kento_MOMOTA_CHOU_Tien_Chen_Denmark_Open_2018_Finals,data/clips_cropped_multi\Kento_MOMOTA_CHOU_Tien_Chen_Denmark_Open_2018_Finals\net_shot\set3_rally20_ball5.mp4,net_shot,OK,0.964,0.964,data/pose_features_multi\Kento_MOMOTA_CHOU_Tien_Chen_Denmark_Open_2018_Finals\net_shot\set3_rally20_ball5.npy
Kento_MOMOTA_CHOU_Tien_Chen_Denmark_Open_2018_Finals,data/clips_cropped_multi\Kento_MOMOTA_CHOU_Tien_Chen_Denmark_Open_2018_Finals\net_shot\set3_rally20_ball9.mp4,net_shot,OK,0.821,0.821,data/pose_features_multi\Kento_MOMOTA_CHOU_Tien_Chen_Denmark_Open_2018_Finals\net_shot\set3_rally20_ball9.npy
Kento_MOMOTA_CHOU_Tien_Chen_Denmark_Open_2018_Finals,data/clips_cropped_multi\Kento_MOMOTA_CHOU_Tien_Chen_Denmark_Open_2018_Finals\net_shot\set3_rally21_ball15.mp4,net_shot,OK,1.0,1.0,data/pose_features_multi\Kento_MOMOTA_CHOU_Tien_Chen_Denmark_Open_2018_Finals\net_shot\set3_rally21_ball15.npy
Kento_MOMOTA_CHOU_Tien_Chen_Denmark_Open_2018_Finals,data/clips_cropped_multi\Kento_MOMOTA_CHOU_Tien_Chen_Denmark_Open_2018_Finals\net_shot\set3_rally21_ball5.mp4,net_shot,OK,1.0,1.0,data/pose_features_multi\Kento_MOMOTA_CHOU_Tien_Chen_Denmark_Open_2018_Finals\net_shot\set3_rally21_ball5.npy
Kento_MOMOTA_CHOU_Tien_Chen_Denmark_Open_2018_Finals,data/clips_cropped_multi\Kento_MOMOTA_CHOU_Tien_Chen_Denmark_Open_2018_Finals\net_shot\set3_rally21_ball6.mp4,net_shot,OK,1.0,0.982,data/pose_features_multi\Kento_MOMOTA_CHOU_Tien_Chen_Denmark_Open_2018_Finals\net_shot\set3_rally21_ball6.npy
Kento_MOMOTA_CHOU_Tien_Chen_Denmark_Open_2018_Finals,data/clips_cropped_multi\Kento_MOMOTA_CHOU_Tien_Chen_Denmark_Open_2018_Finals\net_shot\set3_rally21_ball7.mp4,net_shot,OK,1.0,1.0,data/pose_features_multi\Kento_MOMOTA_CHOU_Tien_Chen_Denmark_Open_2018_Finals\net_shot\set3_rally21_ball7.npy
Kento_MOMOTA_CHOU_Tien_Chen_Denmark_Open_2018_Finals,data/clips_cropped_multi\Kento_MOMOTA_CHOU_Tien_Chen_Denmark_Open_2018_Finals\net_shot\set3_rally22_ball11.mp4,net_shot,OK,1.0,1.0,data/pose_features_multi\Kento_MOMOTA_CHOU_Tien_Chen_Denmark_Open_2018_Finals\net_shot\set3_rally22_ball11.npy
Kento_MOMOTA_CHOU_Tien_Chen_Denmark_Open_2018_Finals,data/clips_cropped_multi\Kento_MOMOTA_CHOU_Tien_Chen_Denmark_Open_2018_Finals\net_shot\set3_rally22_ball16.mp4,net_shot,OK,1.0,1.0,data/pose_features_multi\Kento_MOMOTA_CHOU_Tien_Chen_Denmark_Open_2018_Finals\net_shot\set3_rally22_ball16.npy
Kento_MOMOTA_CHOU_Tien_Chen_Denmark_Open_2018_Finals,data/clips_cropped_multi\Kento_MOMOTA_CHOU_Tien_Chen_Denmark_Open_2018_Finals\net_shot\set3_rally22_ball2.mp4,net_shot,OK,1.0,1.0,data/pose_features_multi\Kento_MOMOTA_CHOU_Tien_Chen_Denmark_Open_2018_Finals\net_shot\set3_rally22_ball2.npy
Kento_MOMOTA_CHOU_Tien_Chen_Denmark_Open_2018_Finals,data/clips_cropped_multi\Kento_MOMOTA_CHOU_Tien_Chen_Denmark_Open_2018_Finals\net_shot\set3_rally22_ball21.mp4,net_shot,OK,1.0,1.0,data/pose_features_multi\Kento_MOMOTA_CHOU_Tien_Chen_Denmark_Open_2018_Finals\net_shot\set3_rally22_ball21.npy
Kento_MOMOTA_CHOU_Tien_Chen_Denmark_Open_2018_Finals,data/clips_cropped_multi\Kento_MOMOTA_CHOU_Tien_Chen_Denmark_Open_2018_Finals\net_shot\set3_rally22_ball3.mp4,net_shot,OK,1.0,0.571,data/pose_features_multi\Kento_MOMOTA_CHOU_Tien_Chen_Denmark_Open_2018_Finals\net_shot\set3_rally22_ball3.npy
Kento_MOMOTA_CHOU_Tien_Chen_Denmark_Open_2018_Finals,data/clips_cropped_multi\Kento_MOMOTA_CHOU_Tien_Chen_Denmark_Open_2018_Finals\net_shot\set3_rally22_ball6.mp4,net_shot,OK,1.0,1.0,data/pose_features_multi\Kento_MOMOTA_CHOU_Tien_Chen_Denmark_Open_2018_Finals\net_shot\set3_rally22_ball6.npy
Kento_MOMOTA_CHOU_Tien_Chen_Denmark_Open_2018_Finals,data/clips_cropped_multi\Kento_MOMOTA_CHOU_Tien_Chen_Denmark_Open_2018_Finals\net_shot\set3_rally22_ball7.mp4,net_shot,OK,1.0,0.786,data/pose_features_multi\Kento_MOMOTA_CHOU_Tien_Chen_Denmark_Open_2018_Finals\net_shot\set3_rally22_ball7.npy
Kento_MOMOTA_CHOU_Tien_Chen_Denmark_Open_2018_Finals,data/clips_cropped_multi\Kento_MOMOTA_CHOU_Tien_Chen_Denmark_Open_2018_Finals\net_shot\set3_rally22_ball8.mp4,net_shot,OK,1.0,1.0,data/pose_features_multi\Kento_MOMOTA_CHOU_Tien_Chen_Denmark_Open_2018_Finals\net_shot\set3_rally22_ball8.npy
Kento_MOMOTA_CHOU_Tien_Chen_Denmark_Open_2018_Finals,data/clips_cropped_multi\Kento_MOMOTA_CHOU_Tien_Chen_Denmark_Open_2018_Finals\net_shot\set3_rally23_ball10.mp4,net_shot,OK,1.0,0.661,data/pose_features_multi\Kento_MOMOTA_CHOU_Tien_Chen_Denmark_Open_2018_Finals\net_shot\set3_rally23_ball10.npy
Kento_MOMOTA_CHOU_Tien_Chen_Denmark_Open_2018_Finals,data/clips_cropped_multi\Kento_MOMOTA_CHOU_Tien_Chen_Denmark_Open_2018_Finals\net_shot\set3_rally23_ball14.mp4,net_shot,OK,1.0,1.0,data/pose_features_multi\Kento_MOMOTA_CHOU_Tien_Chen_Denmark_Open_2018_Finals\net_shot\set3_rally23_ball14.npy
Kento_MOMOTA_CHOU_Tien_Chen_Denmark_Open_2018_Finals,data/clips_cropped_multi\Kento_MOMOTA_CHOU_Tien_Chen_Denmark_Open_2018_Finals\net_shot\set3_rally23_ball15.mp4,net_shot,OK,1.0,1.0,data/pose_features_multi\Kento_MOMOTA_CHOU_Tien_Chen_Denmark_Open_2018_Finals\net_shot\set3_rally23_ball15.npy
Kento_MOMOTA_CHOU_Tien_Chen_Denmark_Open_2018_Finals,data/clips_cropped_multi\Kento_MOMOTA_CHOU_Tien_Chen_Denmark_Open_2018_Finals\net_shot\set3_rally23_ball18.mp4,net_shot,OK,1.0,0.911,data/pose_features_multi\Kento_MOMOTA_CHOU_Tien_Chen_Denmark_Open_2018_Finals\net_shot\set3_rally23_ball18.npy
Kento_MOMOTA_CHOU_Tien_Chen_Denmark_Open_2018_Finals,data/clips_cropped_multi\Kento_MOMOTA_CHOU_Tien_Chen_Denmark_Open_2018_Finals\net_shot\set3_rally23_ball19.mp4,net_shot,OK,1.0,1.0,data/pose_features_multi\Kento_MOMOTA_CHOU_Tien_Chen_Denmark_Open_2018_Finals\net_shot\set3_rally23_ball19.npy
Kento_MOMOTA_CHOU_Tien_Chen_Denmark_Open_2018_Finals,data/clips_cropped_multi\Kento_MOMOTA_CHOU_Tien_Chen_Denmark_Open_2018_Finals\net_shot\set3_rally23_ball2.mp4,net_shot,OK,1.0,0.161,data/pose_features_multi\Kento_MOMOTA_CHOU_Tien_Chen_Denmark_Open_2018_Finals\net_shot\set3_rally23_ball2.npy
Kento_MOMOTA_CHOU_Tien_Chen_Denmark_Open_2018_Finals,data/clips_cropped_multi\Kento_MOMOTA_CHOU_Tien_Chen_Denmark_Open_2018_Finals\net_shot\set3_rally23_ball20.mp4,net_shot,OK,1.0,1.0,data/pose_features_multi\Kento_MOMOTA_CHOU_Tien_Chen_Denmark_Open_2018_Finals\net_shot\set3_rally23_ball20.npy
Kento_MOMOTA_CHOU_Tien_Chen_Denmark_Open_2018_Finals,data/clips_cropped_multi\Kento_MOMOTA_CHOU_Tien_Chen_Denmark_Open_2018_Finals\net_shot\set3_rally23_ball23.mp4,net_shot,OK,1.0,1.0,data/pose_features_multi\Kento_MOMOTA_CHOU_Tien_Chen_Denmark_Open_2018_Finals\net_shot\set3_rally23_ball23.npy
Kento_MOMOTA_CHOU_Tien_Chen_Denmark_Open_2018_Finals,data/clips_cropped_multi\Kento_MOMOTA_CHOU_Tien_Chen_Denmark_Open_2018_Finals\net_shot\set3_rally23_ball26.mp4,net_shot,OK,1.0,1.0,data/pose_features_multi\Kento_MOMOTA_CHOU_Tien_Chen_Denmark_Open_2018_Finals\net_shot\set3_rally23_ball26.npy
Kento_MOMOTA_CHOU_Tien_Chen_Denmark_Open_2018_Finals,data/clips_cropped_multi\Kento_MOMOTA_CHOU_Tien_Chen_Denmark_Open_2018_Finals\net_shot\set3_rally23_ball27.mp4,net_shot,OK,1.0,1.0,data/pose_features_multi\Kento_MOMOTA_CHOU_Tien_Chen_Denmark_Open_2018_Finals\net_shot\set3_rally23_ball27.npy
Kento_MOMOTA_CHOU_Tien_Chen_Denmark_Open_2018_Finals,data/clips_cropped_multi\Kento_MOMOTA_CHOU_Tien_Chen_Denmark_Open_2018_Finals\net_shot\set3_rally23_ball31.mp4,net_shot,OK,1.0,1.0,data/pose_features_multi\Kento_MOMOTA_CHOU_Tien_Chen_Denmark_Open_2018_Finals\net_shot\set3_rally23_ball31.npy
Kento_MOMOTA_CHOU_Tien_Chen_Denmark_Open_2018_Finals,data/clips_cropped_multi\Kento_MOMOTA_CHOU_Tien_Chen_Denmark_Open_2018_Finals\net_shot\set3_rally23_ball43.mp4,net_shot,OK,1.0,1.0,data/pose_features_multi\Kento_MOMOTA_CHOU_Tien_Chen_Denmark_Open_2018_Finals\net_shot\set3_rally23_ball43.npy
Kento_MOMOTA_CHOU_Tien_Chen_Denmark_Open_2018_Finals,data/clips_cropped_multi\Kento_MOMOTA_CHOU_Tien_Chen_Denmark_Open_2018_Finals\net_shot\set3_rally24_ball11.mp4,net_shot,OK,1.0,1.0,data/pose_features_multi\Kento_MOMOTA_CHOU_Tien_Chen_Denmark_Open_2018_Finals\net_shot\set3_rally24_ball11.npy
Kento_MOMOTA_CHOU_Tien_Chen_Denmark_Open_2018_Finals,data/clips_cropped_multi\Kento_MOMOTA_CHOU_Tien_Chen_Denmark_Open_2018_Finals\net_shot\set3_rally24_ball6.mp4,net_shot,OK,1.0,0.768,data/pose_features_multi\Kento_MOMOTA_CHOU_Tien_Chen_Denmark_Open_2018_Finals\net_shot\set3_rally24_ball6.npy
Kento_MOMOTA_CHOU_Tien_Chen_Denmark_Open_2018_Finals,data/clips_cropped_multi\Kento_MOMOTA_CHOU_Tien_Chen_Denmark_Open_2018_Finals\net_shot\set3_rally24_ball7.mp4,net_shot,OK,1.0,1.0,data/pose_features_multi\Kento_MOMOTA_CHOU_Tien_Chen_Denmark_Open_2018_Finals\net_shot\set3_rally24_ball7.npy
Kento_MOMOTA_CHOU_Tien_Chen_Denmark_Open_2018_Finals,data/clips_cropped_multi\Kento_MOMOTA_CHOU_Tien_Chen_Denmark_Open_2018_Finals\net_shot\set3_rally25_ball5.mp4,net_shot,OK,1.0,1.0,data/pose_features_multi\Kento_MOMOTA_CHOU_Tien_Chen_Denmark_Open_2018_Finals\net_shot\set3_rally25_ball5.npy
Kento_MOMOTA_CHOU_Tien_Chen_Denmark_Open_2018_Finals,data/clips_cropped_multi\Kento_MOMOTA_CHOU_Tien_Chen_Denmark_Open_2018_Finals\net_shot\set3_rally26_ball2.mp4,net_shot,OK,1.0,1.0,data/pose_features_multi\Kento_MOMOTA_CHOU_Tien_Chen_Denmark_Open_2018_Finals\net_shot\set3_rally26_ball2.npy
Kento_MOMOTA_CHOU_Tien_Chen_Denmark_Open_2018_Finals,data/clips_cropped_multi\Kento_MOMOTA_CHOU_Tien_Chen_Denmark_Open_2018_Finals\net_shot\set3_rally26_ball3.mp4,net_shot,OK,1.0,0.589,data/pose_features_multi\Kento_MOMOTA_CHOU_Tien_Chen_Denmark_Open_2018_Finals\net_shot\set3_rally26_ball3.npy
Kento_MOMOTA_CHOU_Tien_Chen_Denmark_Open_2018_Finals,data/clips_cropped_multi\Kento_MOMOTA_CHOU_Tien_Chen_Denmark_Open_2018_Finals\net_shot\set3_rally27_ball2.mp4,net_shot,OK,1.0,1.0,data/pose_features_multi\Kento_MOMOTA_CHOU_Tien_Chen_Denmark_Open_2018_Finals\net_shot\set3_rally27_ball2.npy
Kento_MOMOTA_CHOU_Tien_Chen_Denmark_Open_2018_Finals,data/clips_cropped_multi\Kento_MOMOTA_CHOU_Tien_Chen_Denmark_Open_2018_Finals\net_shot\set3_rally27_ball3.mp4,net_shot,OK,1.0,0.643,data/pose_features_multi\Kento_MOMOTA_CHOU_Tien_Chen_Denmark_Open_2018_Finals\net_shot\set3_rally27_ball3.npy
Kento_MOMOTA_CHOU_Tien_Chen_Denmark_Open_2018_Finals,data/clips_cropped_multi\Kento_MOMOTA_CHOU_Tien_Chen_Denmark_Open_2018_Finals\net_shot\set3_rally27_ball4.mp4,net_shot,OK,1.0,1.0,data/pose_features_multi\Kento_MOMOTA_CHOU_Tien_Chen_Denmark_Open_2018_Finals\net_shot\set3_rally27_ball4.npy
Kento_MOMOTA_CHOU_Tien_Chen_Denmark_Open_2018_Finals,data/clips_cropped_multi\Kento_MOMOTA_CHOU_Tien_Chen_Denmark_Open_2018_Finals\net_shot\set3_rally27_ball5.mp4,net_shot,OK,1.0,1.0,data/pose_features_multi\Kento_MOMOTA_CHOU_Tien_Chen_Denmark_Open_2018_Finals\net_shot\set3_rally27_ball5.npy
Kento_MOMOTA_CHOU_Tien_Chen_Denmark_Open_2018_Finals,data/clips_cropped_multi\Kento_MOMOTA_CHOU_Tien_Chen_Denmark_Open_2018_Finals\net_shot\set3_rally28_ball2.mp4,net_shot,OK,1.0,1.0,data/pose_features_multi\Kento_MOMOTA_CHOU_Tien_Chen_Denmark_Open_2018_Finals\net_shot\set3_rally28_ball2.npy
Kento_MOMOTA_CHOU_Tien_Chen_Denmark_Open_2018_Finals,data/clips_cropped_multi\Kento_MOMOTA_CHOU_Tien_Chen_Denmark_Open_2018_Finals\net_shot\set3_rally29_ball2.mp4,net_shot,OK,1.0,1.0,data/pose_features_multi\Kento_MOMOTA_CHOU_Tien_Chen_Denmark_Open_2018_Finals\net_shot\set3_rally29_ball2.npy
Kento_MOMOTA_CHOU_Tien_Chen_Denmark_Open_2018_Finals,data/clips_cropped_multi\Kento_MOMOTA_CHOU_Tien_Chen_Denmark_Open_2018_Finals\net_shot\set3_rally29_ball6.mp4,net_shot,OK,1.0,1.0,data/pose_features_multi\Kento_MOMOTA_CHOU_Tien_Chen_Denmark_Open_2018_Finals\net_shot\set3_rally29_ball6.npy
Kento_MOMOTA_CHOU_Tien_Chen_Denmark_Open_2018_Finals,data/clips_cropped_multi\Kento_MOMOTA_CHOU_Tien_Chen_Denmark_Open_2018_Finals\net_shot\set3_rally29_ball7.mp4,net_shot,OK,1.0,1.0,data/pose_features_multi\Kento_MOMOTA_CHOU_Tien_Chen_Denmark_Open_2018_Finals\net_shot\set3_rally29_ball7.npy
Kento_MOMOTA_CHOU_Tien_Chen_Denmark_Open_2018_Finals,data/clips_cropped_multi\Kento_MOMOTA_CHOU_Tien_Chen_Denmark_Open_2018_Finals\net_shot\set3_rally2_ball2.mp4,net_shot,OK,1.0,1.0,data/pose_features_multi\Kento_MOMOTA_CHOU_Tien_Chen_Denmark_Open_2018_Finals\net_shot\set3_rally2_ball2.npy
Kento_MOMOTA_CHOU_Tien_Chen_Denmark_Open_2018_Finals,data/clips_cropped_multi\Kento_MOMOTA_CHOU_Tien_Chen_Denmark_Open_2018_Finals\net_shot\set3_rally2_ball3.mp4,net_shot,OK,1.0,0.625,data/pose_features_multi\Kento_MOMOTA_CHOU_Tien_Chen_Denmark_Open_2018_Finals\net_shot\set3_rally2_ball3.npy
Kento_MOMOTA_CHOU_Tien_Chen_Denmark_Open_2018_Finals,data/clips_cropped_multi\Kento_MOMOTA_CHOU_Tien_Chen_Denmark_Open_2018_Finals\net_shot\set3_rally2_ball7.mp4,net_shot,OK,1.0,0.589,data/pose_features_multi\Kento_MOMOTA_CHOU_Tien_Chen_Denmark_Open_2018_Finals\net_shot\set3_rally2_ball7.npy
Kento_MOMOTA_CHOU_Tien_Chen_Denmark_Open_2018_Finals,data/clips_cropped_multi\Kento_MOMOTA_CHOU_Tien_Chen_Denmark_Open_2018_Finals\net_shot\set3_rally2_ball8.mp4,net_shot,OK,1.0,1.0,data/pose_features_multi\Kento_MOMOTA_CHOU_Tien_Chen_Denmark_Open_2018_Finals\net_shot\set3_rally2_ball8.npy
Kento_MOMOTA_CHOU_Tien_Chen_Denmark_Open_2018_Finals,data/clips_cropped_multi\Kento_MOMOTA_CHOU_Tien_Chen_Denmark_Open_2018_Finals\net_shot\set3_rally2_ball9.mp4,net_shot,OK,1.0,1.0,data/pose_features_multi\Kento_MOMOTA_CHOU_Tien_Chen_Denmark_Open_2018_Finals\net_shot\set3_rally2_ball9.npy
Kento_MOMOTA_CHOU_Tien_Chen_Denmark_Open_2018_Finals,data/clips_cropped_multi\Kento_MOMOTA_CHOU_Tien_Chen_Denmark_Open_2018_Finals\net_shot\set3_rally31_ball12.mp4,net_shot,OK,1.0,1.0,data/pose_features_multi\Kento_MOMOTA_CHOU_Tien_Chen_Denmark_Open_2018_Finals\net_shot\set3_rally31_ball12.npy
Kento_MOMOTA_CHOU_Tien_Chen_Denmark_Open_2018_Finals,data/clips_cropped_multi\Kento_MOMOTA_CHOU_Tien_Chen_Denmark_Open_2018_Finals\net_shot\set3_rally31_ball13.mp4,net_shot,OK,1.0,1.0,data/pose_features_multi\Kento_MOMOTA_CHOU_Tien_Chen_Denmark_Open_2018_Finals\net_shot\set3_rally31_ball13.npy
Kento_MOMOTA_CHOU_Tien_Chen_Denmark_Open_2018_Finals,data/clips_cropped_multi\Kento_MOMOTA_CHOU_Tien_Chen_Denmark_Open_2018_Finals\net_shot\set3_rally31_ball2.mp4,net_shot,OK,1.0,0.75,data/pose_features_multi\Kento_MOMOTA_CHOU_Tien_Chen_Denmark_Open_2018_Finals\net_shot\set3_rally31_ball2.npy
Kento_MOMOTA_CHOU_Tien_Chen_Denmark_Open_2018_Finals,data/clips_cropped_multi\Kento_MOMOTA_CHOU_Tien_Chen_Denmark_Open_2018_Finals\net_shot\set3_rally31_ball3.mp4,net_shot,OK,1.0,1.0,data/pose_features_multi\Kento_MOMOTA_CHOU_Tien_Chen_Denmark_Open_2018_Finals\net_shot\set3_rally31_ball3.npy
Kento_MOMOTA_CHOU_Tien_Chen_Denmark_Open_2018_Finals,data/clips_cropped_multi\Kento_MOMOTA_CHOU_Tien_Chen_Denmark_Open_2018_Finals\net_shot\set3_rally31_ball6.mp4,net_shot,OK,0.911,0.768,data/pose_features_multi\Kento_MOMOTA_CHOU_Tien_Chen_Denmark_Open_2018_Finals\net_shot\set3_rally31_ball6.npy
Kento_MOMOTA_CHOU_Tien_Chen_Denmark_Open_2018_Finals,data/clips_cropped_multi\Kento_MOMOTA_CHOU_Tien_Chen_Denmark_Open_2018_Finals\net_shot\set3_rally31_ball7.mp4,net_shot,OK,1.0,1.0,data/pose_features_multi\Kento_MOMOTA_CHOU_Tien_Chen_Denmark_Open_2018_Finals\net_shot\set3_rally31_ball7.npy
Kento_MOMOTA_CHOU_Tien_Chen_Denmark_Open_2018_Finals,data/clips_cropped_multi\Kento_MOMOTA_CHOU_Tien_Chen_Denmark_Open_2018_Finals\net_shot\set3_rally31_ball8.mp4,net_shot,OK,1.0,1.0,data/pose_features_multi\Kento_MOMOTA_CHOU_Tien_Chen_Denmark_Open_2018_Finals\net_shot\set3_rally31_ball8.npy
Kento_MOMOTA_CHOU_Tien_Chen_Denmark_Open_2018_Finals,data/clips_cropped_multi\Kento_MOMOTA_CHOU_Tien_Chen_Denmark_Open_2018_Finals\net_shot\set3_rally31_ball9.mp4,net_shot,OK,1.0,0.875,data/pose_features_multi\Kento_MOMOTA_CHOU_Tien_Chen_Denmark_Open_2018_Finals\net_shot\set3_rally31_ball9.npy
Kento_MOMOTA_CHOU_Tien_Chen_Denmark_Open_2018_Finals,data/clips_cropped_multi\Kento_MOMOTA_CHOU_Tien_Chen_Denmark_Open_2018_Finals\net_shot\set3_rally33_ball2.mp4,net_shot,OK,1.0,1.0,data/pose_features_multi\Kento_MOMOTA_CHOU_Tien_Chen_Denmark_Open_2018_Finals\net_shot\set3_rally33_ball2.npy
Kento_MOMOTA_CHOU_Tien_Chen_Denmark_Open_2018_Finals,data/clips_cropped_multi\Kento_MOMOTA_CHOU_Tien_Chen_Denmark_Open_2018_Finals\net_shot\set3_rally33_ball3.mp4,net_shot,OK,1.0,0.589,data/pose_features_multi\Kento_MOMOTA_CHOU_Tien_Chen_Denmark_Open_2018_Finals\net_shot\set3_rally33_ball3.npy
Kento_MOMOTA_CHOU_Tien_Chen_Denmark_Open_2018_Finals,data/clips_cropped_multi\Kento_MOMOTA_CHOU_Tien_Chen_Denmark_Open_2018_Finals\net_shot\set3_rally33_ball8.mp4,net_shot,OK,0.964,0.839,data/pose_features_multi\Kento_MOMOTA_CHOU_Tien_Chen_Denmark_Open_2018_Finals\net_shot\set3_rally33_ball8.npy
Kento_MOMOTA_CHOU_Tien_Chen_Denmark_Open_2018_Finals,data/clips_cropped_multi\Kento_MOMOTA_CHOU_Tien_Chen_Denmark_Open_2018_Finals\net_shot\set3_rally33_ball9.mp4,net_shot,OK,1.0,0.929,data/pose_features_multi\Kento_MOMOTA_CHOU_Tien_Chen_Denmark_Open_2018_Finals\net_shot\set3_rally33_ball9.npy
Kento_MOMOTA_CHOU_Tien_Chen_Denmark_Open_2018_Finals,data/clips_cropped_multi\Kento_MOMOTA_CHOU_Tien_Chen_Denmark_Open_2018_Finals\net_shot\set3_rally34_ball6.mp4,net_shot,OK,0.911,0.911,data/pose_features_multi\Kento_MOMOTA_CHOU_Tien_Chen_Denmark_Open_2018_Finals\net_shot\set3_rally34_ball6.npy
Kento_MOMOTA_CHOU_Tien_Chen_Denmark_Open_2018_Finals,data/clips_cropped_multi\Kento_MOMOTA_CHOU_Tien_Chen_Denmark_Open_2018_Finals\net_shot\set3_rally34_ball7.mp4,net_shot,OK,1.0,1.0,data/pose_features_multi\Kento_MOMOTA_CHOU_Tien_Chen_Denmark_Open_2018_Finals\net_shot\set3_rally34_ball7.npy
Kento_MOMOTA_CHOU_Tien_Chen_Denmark_Open_2018_Finals,data/clips_cropped_multi\Kento_MOMOTA_CHOU_Tien_Chen_Denmark_Open_2018_Finals\net_shot\set3_rally35_ball2.mp4,net_shot,OK,1.0,0.536,data/pose_features_multi\Kento_MOMOTA_CHOU_Tien_Chen_Denmark_Open_2018_Finals\net_shot\set3_rally35_ball2.npy
Kento_MOMOTA_CHOU_Tien_Chen_Denmark_Open_2018_Finals,data/clips_cropped_multi\Kento_MOMOTA_CHOU_Tien_Chen_Denmark_Open_2018_Finals\net_shot\set3_rally35_ball3.mp4,net_shot,OK,1.0,1.0,data/pose_features_multi\Kento_MOMOTA_CHOU_Tien_Chen_Denmark_Open_2018_Finals\net_shot\set3_rally35_ball3.npy
Kento_MOMOTA_CHOU_Tien_Chen_Denmark_Open_2018_Finals,data/clips_cropped_multi\Kento_MOMOTA_CHOU_Tien_Chen_Denmark_Open_2018_Finals\net_shot\set3_rally35_ball4.mp4,net_shot,OK,1.0,1.0,data/pose_features_multi\Kento_MOMOTA_CHOU_Tien_Chen_Denmark_Open_2018_Finals\net_shot\set3_rally35_ball4.npy
Kento_MOMOTA_CHOU_Tien_Chen_Denmark_Open_2018_Finals,data/clips_cropped_multi\Kento_MOMOTA_CHOU_Tien_Chen_Denmark_Open_2018_Finals\net_shot\set3_rally35_ball8.mp4,net_shot,OK,1.0,0.804,data/pose_features_multi\Kento_MOMOTA_CHOU_Tien_Chen_Denmark_Open_2018_Finals\net_shot\set3_rally35_ball8.npy
Kento_MOMOTA_CHOU_Tien_Chen_Denmark_Open_2018_Finals,data/clips_cropped_multi\Kento_MOMOTA_CHOU_Tien_Chen_Denmark_Open_2018_Finals\net_shot\set3_rally36_ball2.mp4,net_shot,OK,1.0,1.0,data/pose_features_multi\Kento_MOMOTA_CHOU_Tien_Chen_Denmark_Open_2018_Finals\net_shot\set3_rally36_ball2.npy
Kento_MOMOTA_CHOU_Tien_Chen_Denmark_Open_2018_Finals,data/clips_cropped_multi\Kento_MOMOTA_CHOU_Tien_Chen_Denmark_Open_2018_Finals\net_shot\set3_rally3_ball10.mp4,net_shot,OK,1.0,1.0,data/pose_features_multi\Kento_MOMOTA_CHOU_Tien_Chen_Denmark_Open_2018_Finals\net_shot\set3_rally3_ball10.npy
Kento_MOMOTA_CHOU_Tien_Chen_Denmark_Open_2018_Finals,data/clips_cropped_multi\Kento_MOMOTA_CHOU_Tien_Chen_Denmark_Open_2018_Finals\net_shot\set3_rally3_ball7.mp4,net_shot,OK,1.0,0.839,data/pose_features_multi\Kento_MOMOTA_CHOU_Tien_Chen_Denmark_Open_2018_Finals\net_shot\set3_rally3_ball7.npy
Kento_MOMOTA_CHOU_Tien_Chen_Denmark_Open_2018_Finals,data/clips_cropped_multi\Kento_MOMOTA_CHOU_Tien_Chen_Denmark_Open_2018_Finals\net_shot\set3_rally5_ball2.mp4,net_shot,OK,1.0,0.464,data/pose_features_multi\Kento_MOMOTA_CHOU_Tien_Chen_Denmark_Open_2018_Finals\net_shot\set3_rally5_ball2.npy
Kento_MOMOTA_CHOU_Tien_Chen_Denmark_Open_2018_Finals,data/clips_cropped_multi\Kento_MOMOTA_CHOU_Tien_Chen_Denmark_Open_2018_Finals\net_shot\set3_rally5_ball3.mp4,net_shot,POSE_INSUFFICIENT,0.0,0.661,data/pose_features_multi\Kento_MOMOTA_CHOU_Tien_Chen_Denmark_Open_2018_Finals\net_shot\set3_rally5_ball3.npy
Kento_MOMOTA_CHOU_Tien_Chen_Denmark_Open_2018_Finals,data/clips_cropped_multi\Kento_MOMOTA_CHOU_Tien_Chen_Denmark_Open_2018_Finals\net_shot\set3_rally5_ball7.mp4,net_shot,OK,1.0,1.0,data/pose_features_multi\Kento_MOMOTA_CHOU_Tien_Chen_Denmark_Open_2018_Finals\net_shot\set3_rally5_ball7.npy
Kento_MOMOTA_CHOU_Tien_Chen_Denmark_Open_2018_Finals,data/clips_cropped_multi\Kento_MOMOTA_CHOU_Tien_Chen_Denmark_Open_2018_Finals\net_shot\set3_rally6_ball2.mp4,net_shot,OK,1.0,1.0,data/pose_features_multi\Kento_MOMOTA_CHOU_Tien_Chen_Denmark_Open_2018_Finals\net_shot\set3_rally6_ball2.npy
Kento_MOMOTA_CHOU_Tien_Chen_Denmark_Open_2018_Finals,data/clips_cropped_multi\Kento_MOMOTA_CHOU_Tien_Chen_Denmark_Open_2018_Finals\net_shot\set3_rally6_ball3.mp4,net_shot,OK,1.0,0.518,data/pose_features_multi\Kento_MOMOTA_CHOU_Tien_Chen_Denmark_Open_2018_Finals\net_shot\set3_rally6_ball3.npy
Kento_MOMOTA_CHOU_Tien_Chen_Denmark_Open_2018_Finals,data/clips_cropped_multi\Kento_MOMOTA_CHOU_Tien_Chen_Denmark_Open_2018_Finals\net_shot\set3_rally7_ball2.mp4,net_shot,OK,0.821,0.411,data/pose_features_multi\Kento_MOMOTA_CHOU_Tien_Chen_Denmark_Open_2018_Finals\net_shot\set3_rally7_ball2.npy
Kento_MOMOTA_CHOU_Tien_Chen_Denmark_Open_2018_Finals,data/clips_cropped_multi\Kento_MOMOTA_CHOU_Tien_Chen_Denmark_Open_2018_Finals\net_shot\set3_rally8_ball5.mp4,net_shot,OK,1.0,0.982,data/pose_features_multi\Kento_MOMOTA_CHOU_Tien_Chen_Denmark_Open_2018_Finals\net_shot\set3_rally8_ball5.npy
Kento_MOMOTA_CHOU_Tien_Chen_Denmark_Open_2018_Finals,data/clips_cropped_multi\Kento_MOMOTA_CHOU_Tien_Chen_Denmark_Open_2018_Finals\net_shot\set3_rally8_ball8.mp4,net_shot,OK,1.0,1.0,data/pose_features_multi\Kento_MOMOTA_CHOU_Tien_Chen_Denmark_Open_2018_Finals\net_shot\set3_rally8_ball8.npy
Kento_MOMOTA_CHOU_Tien_Chen_Denmark_Open_2018_Finals,data/clips_cropped_multi\Kento_MOMOTA_CHOU_Tien_Chen_Denmark_Open_2018_Finals\net_shot\set3_rally8_ball9.mp4,net_shot,OK,1.0,0.696,data/pose_features_multi\Kento_MOMOTA_CHOU_Tien_Chen_Denmark_Open_2018_Finals\net_shot\set3_rally8_ball9.npy
Kento_MOMOTA_CHOU_Tien_Chen_Denmark_Open_2018_Finals,data/clips_cropped_multi\Kento_MOMOTA_CHOU_Tien_Chen_Denmark_Open_2018_Finals\net_shot\set3_rally9_ball6.mp4,net_shot,OK,1.0,1.0,data/pose_features_multi\Kento_MOMOTA_CHOU_Tien_Chen_Denmark_Open_2018_Finals\net_shot\set3_rally9_ball6.npy
Kento_MOMOTA_CHOU_Tien_Chen_Denmark_Open_2018_Finals,data/clips_cropped_multi\Kento_MOMOTA_CHOU_Tien_Chen_Denmark_Open_2018_Finals\net_shot\set3_rally9_ball7.mp4,net_shot,OK,1.0,1.0,data/pose_features_multi\Kento_MOMOTA_CHOU_Tien_Chen_Denmark_Open_2018_Finals\net_shot\set3_rally9_ball7.npy
Kento_MOMOTA_CHOU_Tien_Chen_Denmark_Open_2018_Finals,data/clips_cropped_multi\Kento_MOMOTA_CHOU_Tien_Chen_Denmark_Open_2018_Finals\short_service\set1_rally10_ball1.0.mp4,short_service,OK,0.857,0.857,data/pose_features_multi\Kento_MOMOTA_CHOU_Tien_Chen_Denmark_Open_2018_Finals\short_service\set1_rally10_ball1.0.npy
Kento_MOMOTA_CHOU_Tien_Chen_Denmark_Open_2018_Finals,data/clips_cropped_multi\Kento_MOMOTA_CHOU_Tien_Chen_Denmark_Open_2018_Finals\short_service\set1_rally11_ball1.0.mp4,short_service,OK,1.0,1.0,data/pose_features_multi\Kento_MOMOTA_CHOU_Tien_Chen_Denmark_Open_2018_Finals\short_service\set1_rally11_ball1.0.npy
Kento_MOMOTA_CHOU_Tien_Chen_Denmark_Open_2018_Finals,data/clips_cropped_multi\Kento_MOMOTA_CHOU_Tien_Chen_Denmark_Open_2018_Finals\short_service\set1_rally12_ball1.0.mp4,short_service,OK,1.0,0.357,data/pose_features_multi\Kento_MOMOTA_CHOU_Tien_Chen_Denmark_Open_2018_Finals\short_service\set1_rally12_ball1.0.npy
Kento_MOMOTA_CHOU_Tien_Chen_Denmark_Open_2018_Finals,data/clips_cropped_multi\Kento_MOMOTA_CHOU_Tien_Chen_Denmark_Open_2018_Finals\short_service\set1_rally13_ball1.0.mp4,short_service,OK,1.0,1.0,data/pose_features_multi\Kento_MOMOTA_CHOU_Tien_Chen_Denmark_Open_2018_Finals\short_service\set1_rally13_ball1.0.npy
Kento_MOMOTA_CHOU_Tien_Chen_Denmark_Open_2018_Finals,data/clips_cropped_multi\Kento_MOMOTA_CHOU_Tien_Chen_Denmark_Open_2018_Finals\short_service\set1_rally14_ball1.0.mp4,short_service,OK,1.0,1.0,data/pose_features_multi\Kento_MOMOTA_CHOU_Tien_Chen_Denmark_Open_2018_Finals\short_service\set1_rally14_ball1.0.npy
Kento_MOMOTA_CHOU_Tien_Chen_Denmark_Open_2018_Finals,data/clips_cropped_multi\Kento_MOMOTA_CHOU_Tien_Chen_Denmark_Open_2018_Finals\short_service\set1_rally15_ball1.0.mp4,short_service,OK,1.0,1.0,data/pose_features_multi\Kento_MOMOTA_CHOU_Tien_Chen_Denmark_Open_2018_Finals\short_service\set1_rally15_ball1.0.npy
Kento_MOMOTA_CHOU_Tien_Chen_Denmark_Open_2018_Finals,data/clips_cropped_multi\Kento_MOMOTA_CHOU_Tien_Chen_Denmark_Open_2018_Finals\short_service\set1_rally16_ball1.0.mp4,short_service,OK,1.0,0.964,data/pose_features_multi\Kento_MOMOTA_CHOU_Tien_Chen_Denmark_Open_2018_Finals\short_service\set1_rally16_ball1.0.npy
Kento_MOMOTA_CHOU_Tien_Chen_Denmark_Open_2018_Finals,data/clips_cropped_multi\Kento_MOMOTA_CHOU_Tien_Chen_Denmark_Open_2018_Finals\short_service\set1_rally18_ball1.0.mp4,short_service,OK,1.0,1.0,data/pose_features_multi\Kento_MOMOTA_CHOU_Tien_Chen_Denmark_Open_2018_Finals\short_service\set1_rally18_ball1.0.npy
Kento_MOMOTA_CHOU_Tien_Chen_Denmark_Open_2018_Finals,data/clips_cropped_multi\Kento_MOMOTA_CHOU_Tien_Chen_Denmark_Open_2018_Finals\short_service\set1_rally19_ball1.0.mp4,short_service,OK,1.0,0.786,data/pose_features_multi\Kento_MOMOTA_CHOU_Tien_Chen_Denmark_Open_2018_Finals\short_service\set1_rally19_ball1.0.npy
Kento_MOMOTA_CHOU_Tien_Chen_Denmark_Open_2018_Finals,data/clips_cropped_multi\Kento_MOMOTA_CHOU_Tien_Chen_Denmark_Open_2018_Finals\short_service\set1_rally1_ball1.0.mp4,short_service,OK,1.0,1.0,data/pose_features_multi\Kento_MOMOTA_CHOU_Tien_Chen_Denmark_Open_2018_Finals\short_service\set1_rally1_ball1.0.npy
Kento_MOMOTA_CHOU_Tien_Chen_Denmark_Open_2018_Finals,data/clips_cropped_multi\Kento_MOMOTA_CHOU_Tien_Chen_Denmark_Open_2018_Finals\short_service\set1_rally20_ball1.0.mp4,short_service,POSE_INSUFFICIENT,0.107,0.107,data/pose_features_multi\Kento_MOMOTA_CHOU_Tien_Chen_Denmark_Open_2018_Finals\short_service\set1_rally20_ball1.0.npy
Kento_MOMOTA_CHOU_Tien_Chen_Denmark_Open_2018_Finals,data/clips_cropped_multi\Kento_MOMOTA_CHOU_Tien_Chen_Denmark_Open_2018_Finals\short_service\set1_rally21_ball1.0.mp4,short_service,OK,1.0,0.0,data/pose_features_multi\Kento_MOMOTA_CHOU_Tien_Chen_Denmark_Open_2018_Finals\short_service\set1_rally21_ball1.0.npy
Kento_MOMOTA_CHOU_Tien_Chen_Denmark_Open_2018_Finals,data/clips_cropped_multi\Kento_MOMOTA_CHOU_Tien_Chen_Denmark_Open_2018_Finals\short_service\set1_rally22_ball1.0.mp4,short_service,OK,1.0,0.714,data/pose_features_multi\Kento_MOMOTA_CHOU_Tien_Chen_Denmark_Open_2018_Finals\short_service\set1_rally22_ball1.0.npy
Kento_MOMOTA_CHOU_Tien_Chen_Denmark_Open_2018_Finals,data/clips_cropped_multi\Kento_MOMOTA_CHOU_Tien_Chen_Denmark_Open_2018_Finals\short_service\set1_rally23_ball1.0.mp4,short_service,OK,1.0,0.0,data/pose_features_multi\Kento_MOMOTA_CHOU_Tien_Chen_Denmark_Open_2018_Finals\short_service\set1_rally23_ball1.0.npy
Kento_MOMOTA_CHOU_Tien_Chen_Denmark_Open_2018_Finals,data/clips_cropped_multi\Kento_MOMOTA_CHOU_Tien_Chen_Denmark_Open_2018_Finals\short_service\set1_rally25_ball1.0.mp4,short_service,OK,1.0,0.464,data/pose_features_multi\Kento_MOMOTA_CHOU_Tien_Chen_Denmark_Open_2018_Finals\short_service\set1_rally25_ball1.0.npy
Kento_MOMOTA_CHOU_Tien_Chen_Denmark_Open_2018_Finals,data/clips_cropped_multi\Kento_MOMOTA_CHOU_Tien_Chen_Denmark_Open_2018_Finals\short_service\set1_rally26_ball1.0.mp4,short_service,OK,1.0,1.0,data/pose_features_multi\Kento_MOMOTA_CHOU_Tien_Chen_Denmark_Open_2018_Finals\short_service\set1_rally26_ball1.0.npy
Kento_MOMOTA_CHOU_Tien_Chen_Denmark_Open_2018_Finals,data/clips_cropped_multi\Kento_MOMOTA_CHOU_Tien_Chen_Denmark_Open_2018_Finals\short_service\set1_rally27_ball1.0.mp4,short_service,OK,1.0,1.0,data/pose_features_multi\Kento_MOMOTA_CHOU_Tien_Chen_Denmark_Open_2018_Finals\short_service\set1_rally27_ball1.0.npy
Kento_MOMOTA_CHOU_Tien_Chen_Denmark_Open_2018_Finals,data/clips_cropped_multi\Kento_MOMOTA_CHOU_Tien_Chen_Denmark_Open_2018_Finals\short_service\set1_rally28_ball1.0.mp4,short_service,OK,1.0,1.0,data/pose_features_multi\Kento_MOMOTA_CHOU_Tien_Chen_Denmark_Open_2018_Finals\short_service\set1_rally28_ball1.0.npy
Kento_MOMOTA_CHOU_Tien_Chen_Denmark_Open_2018_Finals,data/clips_cropped_multi\Kento_MOMOTA_CHOU_Tien_Chen_Denmark_Open_2018_Finals\short_service\set1_rally30_ball1.0.mp4,short_service,OK,1.0,1.0,data/pose_features_multi\Kento_MOMOTA_CHOU_Tien_Chen_Denmark_Open_2018_Finals\short_service\set1_rally30_ball1.0.npy
Kento_MOMOTA_CHOU_Tien_Chen_Denmark_Open_2018_Finals,data/clips_cropped_multi\Kento_MOMOTA_CHOU_Tien_Chen_Denmark_Open_2018_Finals\short_service\set1_rally31_ball1.0.mp4,short_service,OK,1.0,1.0,data/pose_features_multi\Kento_MOMOTA_CHOU_Tien_Chen_Denmark_Open_2018_Finals\short_service\set1_rally31_ball1.0.npy
Kento_MOMOTA_CHOU_Tien_Chen_Denmark_Open_2018_Finals,data/clips_cropped_multi\Kento_MOMOTA_CHOU_Tien_Chen_Denmark_Open_2018_Finals\short_service\set1_rally32_ball1.0.mp4,short_service,OK,1.0,1.0,data/pose_features_multi\Kento_MOMOTA_CHOU_Tien_Chen_Denmark_Open_2018_Finals\short_service\set1_rally32_ball1.0.npy
Kento_MOMOTA_CHOU_Tien_Chen_Denmark_Open_2018_Finals,data/clips_cropped_multi\Kento_MOMOTA_CHOU_Tien_Chen_Denmark_Open_2018_Finals\short_service\set1_rally33_ball1.0.mp4,short_service,OK,1.0,1.0,data/pose_features_multi\Kento_MOMOTA_CHOU_Tien_Chen_Denmark_Open_2018_Finals\short_service\set1_rally33_ball1.0.npy
Kento_MOMOTA_CHOU_Tien_Chen_Denmark_Open_2018_Finals,data/clips_cropped_multi\Kento_MOMOTA_CHOU_Tien_Chen_Denmark_Open_2018_Finals\short_service\set1_rally34_ball1.0.mp4,short_service,OK,1.0,1.0,data/pose_features_multi\Kento_MOMOTA_CHOU_Tien_Chen_Denmark_Open_2018_Finals\short_service\set1_rally34_ball1.0.npy
Kento_MOMOTA_CHOU_Tien_Chen_Denmark_Open_2018_Finals,data/clips_cropped_multi\Kento_MOMOTA_CHOU_Tien_Chen_Denmark_Open_2018_Finals\short_service\set1_rally35_ball1.0.mp4,short_service,OK,1.0,1.0,data/pose_features_multi\Kento_MOMOTA_CHOU_Tien_Chen_Denmark_Open_2018_Finals\short_service\set1_rally35_ball1.0.npy
Kento_MOMOTA_CHOU_Tien_Chen_Denmark_Open_2018_Finals,data/clips_cropped_multi\Kento_MOMOTA_CHOU_Tien_Chen_Denmark_Open_2018_Finals\short_service\set1_rally36_ball1.0.mp4,short_service,OK,1.0,0.464,data/pose_features_multi\Kento_MOMOTA_CHOU_Tien_Chen_Denmark_Open_2018_Finals\short_service\set1_rally36_ball1.0.npy
Kento_MOMOTA_CHOU_Tien_Chen_Denmark_Open_2018_Finals,data/clips_cropped_multi\Kento_MOMOTA_CHOU_Tien_Chen_Denmark_Open_2018_Finals\short_service\set1_rally37_ball1.0.mp4,short_service,OK,1.0,1.0,data/pose_features_multi\Kento_MOMOTA_CHOU_Tien_Chen_Denmark_Open_2018_Finals\short_service\set1_rally37_ball1.0.npy
Kento_MOMOTA_CHOU_Tien_Chen_Denmark_Open_2018_Finals,data/clips_cropped_multi\Kento_MOMOTA_CHOU_Tien_Chen_Denmark_Open_2018_Finals\short_service\set1_rally38_ball1.0.mp4,short_service,OK,1.0,1.0,data/pose_features_multi\Kento_MOMOTA_CHOU_Tien_Chen_Denmark_Open_2018_Finals\short_service\set1_rally38_ball1.0.npy
Kento_MOMOTA_CHOU_Tien_Chen_Denmark_Open_2018_Finals,data/clips_cropped_multi\Kento_MOMOTA_CHOU_Tien_Chen_Denmark_Open_2018_Finals\short_service\set1_rally39_ball1.0.mp4,short_service,OK,1.0,1.0,data/pose_features_multi\Kento_MOMOTA_CHOU_Tien_Chen_Denmark_Open_2018_Finals\short_service\set1_rally39_ball1.0.npy
Kento_MOMOTA_CHOU_Tien_Chen_Denmark_Open_2018_Finals,data/clips_cropped_multi\Kento_MOMOTA_CHOU_Tien_Chen_Denmark_Open_2018_Finals\short_service\set1_rally40_ball1.0.mp4,short_service,OK,1.0,0.0,data/pose_features_multi\Kento_MOMOTA_CHOU_Tien_Chen_Denmark_Open_2018_Finals\short_service\set1_rally40_ball1.0.npy
Kento_MOMOTA_CHOU_Tien_Chen_Denmark_Open_2018_Finals,data/clips_cropped_multi\Kento_MOMOTA_CHOU_Tien_Chen_Denmark_Open_2018_Finals\short_service\set1_rally41_ball1.0.mp4,short_service,OK,1.0,1.0,data/pose_features_multi\Kento_MOMOTA_CHOU_Tien_Chen_Denmark_Open_2018_Finals\short_service\set1_rally41_ball1.0.npy
Kento_MOMOTA_CHOU_Tien_Chen_Denmark_Open_2018_Finals,data/clips_cropped_multi\Kento_MOMOTA_CHOU_Tien_Chen_Denmark_Open_2018_Finals\short_service\set1_rally42_ball1.0.mp4,short_service,OK,1.0,1.0,data/pose_features_multi\Kento_MOMOTA_CHOU_Tien_Chen_Denmark_Open_2018_Finals\short_service\set1_rally42_ball1.0.npy
Kento_MOMOTA_CHOU_Tien_Chen_Denmark_Open_2018_Finals,data/clips_cropped_multi\Kento_MOMOTA_CHOU_Tien_Chen_Denmark_Open_2018_Finals\short_service\set1_rally4_ball1.0.mp4,short_service,OK,1.0,0.786,data/pose_features_multi\Kento_MOMOTA_CHOU_Tien_Chen_Denmark_Open_2018_Finals\short_service\set1_rally4_ball1.0.npy
Kento_MOMOTA_CHOU_Tien_Chen_Denmark_Open_2018_Finals,data/clips_cropped_multi\Kento_MOMOTA_CHOU_Tien_Chen_Denmark_Open_2018_Finals\short_service\set1_rally7_ball1.0.mp4,short_service,OK,1.0,1.0,data/pose_features_multi\Kento_MOMOTA_CHOU_Tien_Chen_Denmark_Open_2018_Finals\short_service\set1_rally7_ball1.0.npy
Kento_MOMOTA_CHOU_Tien_Chen_Denmark_Open_2018_Finals,data/clips_cropped_multi\Kento_MOMOTA_CHOU_Tien_Chen_Denmark_Open_2018_Finals\short_service\set1_rally8_ball1.0.mp4,short_service,OK,1.0,0.143,data/pose_features_multi\Kento_MOMOTA_CHOU_Tien_Chen_Denmark_Open_2018_Finals\short_service\set1_rally8_ball1.0.npy
Kento_MOMOTA_CHOU_Tien_Chen_Denmark_Open_2018_Finals,data/clips_cropped_multi\Kento_MOMOTA_CHOU_Tien_Chen_Denmark_Open_2018_Finals\short_service\set2_rally10_ball1.0.mp4,short_service,OK,1.0,1.0,data/pose_features_multi\Kento_MOMOTA_CHOU_Tien_Chen_Denmark_Open_2018_Finals\short_service\set2_rally10_ball1.0.npy
Kento_MOMOTA_CHOU_Tien_Chen_Denmark_Open_2018_Finals,data/clips_cropped_multi\Kento_MOMOTA_CHOU_Tien_Chen_Denmark_Open_2018_Finals\short_service\set2_rally11_ball1.0.mp4,short_service,OK,1.0,1.0,data/pose_features_multi\Kento_MOMOTA_CHOU_Tien_Chen_Denmark_Open_2018_Finals\short_service\set2_rally11_ball1.0.npy
Kento_MOMOTA_CHOU_Tien_Chen_Denmark_Open_2018_Finals,data/clips_cropped_multi\Kento_MOMOTA_CHOU_Tien_Chen_Denmark_Open_2018_Finals\short_service\set2_rally13_ball1.0.mp4,short_service,OK,1.0,0.0,data/pose_features_multi\Kento_MOMOTA_CHOU_Tien_Chen_Denmark_Open_2018_Finals\short_service\set2_rally13_ball1.0.npy
Kento_MOMOTA_CHOU_Tien_Chen_Denmark_Open_2018_Finals,data/clips_cropped_multi\Kento_MOMOTA_CHOU_Tien_Chen_Denmark_Open_2018_Finals\short_service\set2_rally15_ball1.0.mp4,short_service,OK,1.0,1.0,data/pose_features_multi\Kento_MOMOTA_CHOU_Tien_Chen_Denmark_Open_2018_Finals\short_service\set2_rally15_ball1.0.npy
Kento_MOMOTA_CHOU_Tien_Chen_Denmark_Open_2018_Finals,data/clips_cropped_multi\Kento_MOMOTA_CHOU_Tien_Chen_Denmark_Open_2018_Finals\short_service\set2_rally16_ball1.0.mp4,short_service,OK,1.0,1.0,data/pose_features_multi\Kento_MOMOTA_CHOU_Tien_Chen_Denmark_Open_2018_Finals\short_service\set2_rally16_ball1.0.npy
Kento_MOMOTA_CHOU_Tien_Chen_Denmark_Open_2018_Finals,data/clips_cropped_multi\Kento_MOMOTA_CHOU_Tien_Chen_Denmark_Open_2018_Finals\short_service\set2_rally17_ball1.0.mp4,short_service,OK,1.0,0.0,data/pose_features_multi\Kento_MOMOTA_CHOU_Tien_Chen_Denmark_Open_2018_Finals\short_service\set2_rally17_ball1.0.npy
Kento_MOMOTA_CHOU_Tien_Chen_Denmark_Open_2018_Finals,data/clips_cropped_multi\Kento_MOMOTA_CHOU_Tien_Chen_Denmark_Open_2018_Finals\short_service\set2_rally18_ball1.0.mp4,short_service,OK,1.0,1.0,data/pose_features_multi\Kento_MOMOTA_CHOU_Tien_Chen_Denmark_Open_2018_Finals\short_service\set2_rally18_ball1.0.npy
Kento_MOMOTA_CHOU_Tien_Chen_Denmark_Open_2018_Finals,data/clips_cropped_multi\Kento_MOMOTA_CHOU_Tien_Chen_Denmark_Open_2018_Finals\short_service\set2_rally19_ball1.0.mp4,short_service,OK,0.929,0.929,data/pose_features_multi\Kento_MOMOTA_CHOU_Tien_Chen_Denmark_Open_2018_Finals\short_service\set2_rally19_ball1.0.npy
Kento_MOMOTA_CHOU_Tien_Chen_Denmark_Open_2018_Finals,data/clips_cropped_multi\Kento_MOMOTA_CHOU_Tien_Chen_Denmark_Open_2018_Finals\short_service\set2_rally1_ball1.0.mp4,short_service,POSE_INSUFFICIENT,0.679,0.0,data/pose_features_multi\Kento_MOMOTA_CHOU_Tien_Chen_Denmark_Open_2018_Finals\short_service\set2_rally1_ball1.0.npy
Kento_MOMOTA_CHOU_Tien_Chen_Denmark_Open_2018_Finals,data/clips_cropped_multi\Kento_MOMOTA_CHOU_Tien_Chen_Denmark_Open_2018_Finals\short_service\set2_rally20_ball1.0.mp4,short_service,OK,1.0,0.0,data/pose_features_multi\Kento_MOMOTA_CHOU_Tien_Chen_Denmark_Open_2018_Finals\short_service\set2_rally20_ball1.0.npy
Kento_MOMOTA_CHOU_Tien_Chen_Denmark_Open_2018_Finals,data/clips_cropped_multi\Kento_MOMOTA_CHOU_Tien_Chen_Denmark_Open_2018_Finals\short_service\set2_rally21_ball1.0.mp4,short_service,POSE_INSUFFICIENT,0.464,0.464,data/pose_features_multi\Kento_MOMOTA_CHOU_Tien_Chen_Denmark_Open_2018_Finals\short_service\set2_rally21_ball1.0.npy
Kento_MOMOTA_CHOU_Tien_Chen_Denmark_Open_2018_Finals,data/clips_cropped_multi\Kento_MOMOTA_CHOU_Tien_Chen_Denmark_Open_2018_Finals\short_service\set2_rally22_ball1.0.mp4,short_service,OK,1.0,0.0,data/pose_features_multi\Kento_MOMOTA_CHOU_Tien_Chen_Denmark_Open_2018_Finals\short_service\set2_rally22_ball1.0.npy
Kento_MOMOTA_CHOU_Tien_Chen_Denmark_Open_2018_Finals,data/clips_cropped_multi\Kento_MOMOTA_CHOU_Tien_Chen_Denmark_Open_2018_Finals\short_service\set2_rally23_ball1.0.mp4,short_service,POSE_INSUFFICIENT,0.0,0.0,data/pose_features_multi\Kento_MOMOTA_CHOU_Tien_Chen_Denmark_Open_2018_Finals\short_service\set2_rally23_ball1.0.npy
Kento_MOMOTA_CHOU_Tien_Chen_Denmark_Open_2018_Finals,data/clips_cropped_multi\Kento_MOMOTA_CHOU_Tien_Chen_Denmark_Open_2018_Finals\short_service\set2_rally24_ball1.0.mp4,short_service,OK,1.0,0.0,data/pose_features_multi\Kento_MOMOTA_CHOU_Tien_Chen_Denmark_Open_2018_Finals\short_service\set2_rally24_ball1.0.npy
Kento_MOMOTA_CHOU_Tien_Chen_Denmark_Open_2018_Finals,data/clips_cropped_multi\Kento_MOMOTA_CHOU_Tien_Chen_Denmark_Open_2018_Finals\short_service\set2_rally25_ball1.0.mp4,short_service,OK,1.0,0.643,data/pose_features_multi\Kento_MOMOTA_CHOU_Tien_Chen_Denmark_Open_2018_Finals\short_service\set2_rally25_ball1.0.npy
Kento_MOMOTA_CHOU_Tien_Chen_Denmark_Open_2018_Finals,data/clips_cropped_multi\Kento_MOMOTA_CHOU_Tien_Chen_Denmark_Open_2018_Finals\short_service\set2_rally26_ball1.0.mp4,short_service,POSE_INSUFFICIENT,0.393,0.393,data/pose_features_multi\Kento_MOMOTA_CHOU_Tien_Chen_Denmark_Open_2018_Finals\short_service\set2_rally26_ball1.0.npy
Kento_MOMOTA_CHOU_Tien_Chen_Denmark_Open_2018_Finals,data/clips_cropped_multi\Kento_MOMOTA_CHOU_Tien_Chen_Denmark_Open_2018_Finals\short_service\set2_rally27_ball1.0.mp4,short_service,OK,0.893,0.0,data/pose_features_multi\Kento_MOMOTA_CHOU_Tien_Chen_Denmark_Open_2018_Finals\short_service\set2_rally27_ball1.0.npy
Kento_MOMOTA_CHOU_Tien_Chen_Denmark_Open_2018_Finals,data/clips_cropped_multi\Kento_MOMOTA_CHOU_Tien_Chen_Denmark_Open_2018_Finals\short_service\set2_rally28_ball1.0.mp4,short_service,OK,1.0,1.0,data/pose_features_multi\Kento_MOMOTA_CHOU_Tien_Chen_Denmark_Open_2018_Finals\short_service\set2_rally28_ball1.0.npy
Kento_MOMOTA_CHOU_Tien_Chen_Denmark_Open_2018_Finals,data/clips_cropped_multi\Kento_MOMOTA_CHOU_Tien_Chen_Denmark_Open_2018_Finals\short_service\set2_rally2_ball1.0.mp4,short_service,OK,1.0,1.0,data/pose_features_multi\Kento_MOMOTA_CHOU_Tien_Chen_Denmark_Open_2018_Finals\short_service\set2_rally2_ball1.0.npy
Kento_MOMOTA_CHOU_Tien_Chen_Denmark_Open_2018_Finals,data/clips_cropped_multi\Kento_MOMOTA_CHOU_Tien_Chen_Denmark_Open_2018_Finals\short_service\set2_rally30_ball1.0.mp4,short_service,OK,0.929,0.929,data/pose_features_multi\Kento_MOMOTA_CHOU_Tien_Chen_Denmark_Open_2018_Finals\short_service\set2_rally30_ball1.0.npy
Kento_MOMOTA_CHOU_Tien_Chen_Denmark_Open_2018_Finals,data/clips_cropped_multi\Kento_MOMOTA_CHOU_Tien_Chen_Denmark_Open_2018_Finals\short_service\set2_rally31_ball1.0.mp4,short_service,OK,1.0,0.929,data/pose_features_multi\Kento_MOMOTA_CHOU_Tien_Chen_Denmark_Open_2018_Finals\short_service\set2_rally31_ball1.0.npy
Kento_MOMOTA_CHOU_Tien_Chen_Denmark_Open_2018_Finals,data/clips_cropped_multi\Kento_MOMOTA_CHOU_Tien_Chen_Denmark_Open_2018_Finals\short_service\set2_rally32_ball1.0.mp4,short_service,POSE_INSUFFICIENT,0.536,0.536,data/pose_features_multi\Kento_MOMOTA_CHOU_Tien_Chen_Denmark_Open_2018_Finals\short_service\set2_rally32_ball1.0.npy
Kento_MOMOTA_CHOU_Tien_Chen_Denmark_Open_2018_Finals,data/clips_cropped_multi\Kento_MOMOTA_CHOU_Tien_Chen_Denmark_Open_2018_Finals\short_service\set2_rally33_ball1.0.mp4,short_service,OK,1.0,1.0,data/pose_features_multi\Kento_MOMOTA_CHOU_Tien_Chen_Denmark_Open_2018_Finals\short_service\set2_rally33_ball1.0.npy
Kento_MOMOTA_CHOU_Tien_Chen_Denmark_Open_2018_Finals,data/clips_cropped_multi\Kento_MOMOTA_CHOU_Tien_Chen_Denmark_Open_2018_Finals\short_service\set2_rally35_ball1.0.mp4,short_service,OK,1.0,0.571,data/pose_features_multi\Kento_MOMOTA_CHOU_Tien_Chen_Denmark_Open_2018_Finals\short_service\set2_rally35_ball1.0.npy
Kento_MOMOTA_CHOU_Tien_Chen_Denmark_Open_2018_Finals,data/clips_cropped_multi\Kento_MOMOTA_CHOU_Tien_Chen_Denmark_Open_2018_Finals\short_service\set2_rally36_ball1.0.mp4,short_service,OK,1.0,0.0,data/pose_features_multi\Kento_MOMOTA_CHOU_Tien_Chen_Denmark_Open_2018_Finals\short_service\set2_rally36_ball1.0.npy
Kento_MOMOTA_CHOU_Tien_Chen_Denmark_Open_2018_Finals,data/clips_cropped_multi\Kento_MOMOTA_CHOU_Tien_Chen_Denmark_Open_2018_Finals\short_service\set2_rally37_ball1.0.mp4,short_service,OK,1.0,0.0,data/pose_features_multi\Kento_MOMOTA_CHOU_Tien_Chen_Denmark_Open_2018_Finals\short_service\set2_rally37_ball1.0.npy
Kento_MOMOTA_CHOU_Tien_Chen_Denmark_Open_2018_Finals,data/clips_cropped_multi\Kento_MOMOTA_CHOU_Tien_Chen_Denmark_Open_2018_Finals\short_service\set2_rally3_ball1.0.mp4,short_service,POSE_INSUFFICIENT,0.036,0.036,data/pose_features_multi\Kento_MOMOTA_CHOU_Tien_Chen_Denmark_Open_2018_Finals\short_service\set2_rally3_ball1.0.npy
Kento_MOMOTA_CHOU_Tien_Chen_Denmark_Open_2018_Finals,data/clips_cropped_multi\Kento_MOMOTA_CHOU_Tien_Chen_Denmark_Open_2018_Finals\short_service\set2_rally4_ball1.0.mp4,short_service,OK,1.0,0.0,data/pose_features_multi\Kento_MOMOTA_CHOU_Tien_Chen_Denmark_Open_2018_Finals\short_service\set2_rally4_ball1.0.npy
Kento_MOMOTA_CHOU_Tien_Chen_Denmark_Open_2018_Finals,data/clips_cropped_multi\Kento_MOMOTA_CHOU_Tien_Chen_Denmark_Open_2018_Finals\short_service\set2_rally5_ball1.0.mp4,short_service,POSE_INSUFFICIENT,0.393,0.393,data/pose_features_multi\Kento_MOMOTA_CHOU_Tien_Chen_Denmark_Open_2018_Finals\short_service\set2_rally5_ball1.0.npy
Kento_MOMOTA_CHOU_Tien_Chen_Denmark_Open_2018_Finals,data/clips_cropped_multi\Kento_MOMOTA_CHOU_Tien_Chen_Denmark_Open_2018_Finals\short_service\set2_rally6_ball1.0.mp4,short_service,OK,1.0,0.071,data/pose_features_multi\Kento_MOMOTA_CHOU_Tien_Chen_Denmark_Open_2018_Finals\short_service\set2_rally6_ball1.0.npy
Kento_MOMOTA_CHOU_Tien_Chen_Denmark_Open_2018_Finals,data/clips_cropped_multi\Kento_MOMOTA_CHOU_Tien_Chen_Denmark_Open_2018_Finals\short_service\set2_rally7_ball1.0.mp4,short_service,OK,1.0,0.0,data/pose_features_multi\Kento_MOMOTA_CHOU_Tien_Chen_Denmark_Open_2018_Finals\short_service\set2_rally7_ball1.0.npy
Kento_MOMOTA_CHOU_Tien_Chen_Denmark_Open_2018_Finals,data/clips_cropped_multi\Kento_MOMOTA_CHOU_Tien_Chen_Denmark_Open_2018_Finals\short_service\set2_rally9_ball1.0.mp4,short_service,OK,0.75,0.75,data/pose_features_multi\Kento_MOMOTA_CHOU_Tien_Chen_Denmark_Open_2018_Finals\short_service\set2_rally9_ball1.0.npy
Kento_MOMOTA_CHOU_Tien_Chen_Denmark_Open_2018_Finals,data/clips_cropped_multi\Kento_MOMOTA_CHOU_Tien_Chen_Denmark_Open_2018_Finals\short_service\set3_rally10_ball1.mp4,short_service,POSE_INSUFFICIENT,0.321,0.321,data/pose_features_multi\Kento_MOMOTA_CHOU_Tien_Chen_Denmark_Open_2018_Finals\short_service\set3_rally10_ball1.npy
Kento_MOMOTA_CHOU_Tien_Chen_Denmark_Open_2018_Finals,data/clips_cropped_multi\Kento_MOMOTA_CHOU_Tien_Chen_Denmark_Open_2018_Finals\short_service\set3_rally11_ball1.mp4,short_service,OK,1.0,1.0,data/pose_features_multi\Kento_MOMOTA_CHOU_Tien_Chen_Denmark_Open_2018_Finals\short_service\set3_rally11_ball1.npy
Kento_MOMOTA_CHOU_Tien_Chen_Denmark_Open_2018_Finals,data/clips_cropped_multi\Kento_MOMOTA_CHOU_Tien_Chen_Denmark_Open_2018_Finals\short_service\set3_rally12_ball1.mp4,short_service,OK,1.0,0.0,data/pose_features_multi\Kento_MOMOTA_CHOU_Tien_Chen_Denmark_Open_2018_Finals\short_service\set3_rally12_ball1.npy
Kento_MOMOTA_CHOU_Tien_Chen_Denmark_Open_2018_Finals,data/clips_cropped_multi\Kento_MOMOTA_CHOU_Tien_Chen_Denmark_Open_2018_Finals\short_service\set3_rally13_ball1.mp4,short_service,OK,1.0,1.0,data/pose_features_multi\Kento_MOMOTA_CHOU_Tien_Chen_Denmark_Open_2018_Finals\short_service\set3_rally13_ball1.npy
Kento_MOMOTA_CHOU_Tien_Chen_Denmark_Open_2018_Finals,data/clips_cropped_multi\Kento_MOMOTA_CHOU_Tien_Chen_Denmark_Open_2018_Finals\short_service\set3_rally14_ball1.mp4,short_service,OK,0.857,0.571,data/pose_features_multi\Kento_MOMOTA_CHOU_Tien_Chen_Denmark_Open_2018_Finals\short_service\set3_rally14_ball1.npy
Kento_MOMOTA_CHOU_Tien_Chen_Denmark_Open_2018_Finals,data/clips_cropped_multi\Kento_MOMOTA_CHOU_Tien_Chen_Denmark_Open_2018_Finals\short_service\set3_rally15_ball1.mp4,short_service,OK,1.0,0.0,data/pose_features_multi\Kento_MOMOTA_CHOU_Tien_Chen_Denmark_Open_2018_Finals\short_service\set3_rally15_ball1.npy
Kento_MOMOTA_CHOU_Tien_Chen_Denmark_Open_2018_Finals,data/clips_cropped_multi\Kento_MOMOTA_CHOU_Tien_Chen_Denmark_Open_2018_Finals\short_service\set3_rally17_ball1.mp4,short_service,OK,1.0,1.0,data/pose_features_multi\Kento_MOMOTA_CHOU_Tien_Chen_Denmark_Open_2018_Finals\short_service\set3_rally17_ball1.npy
Kento_MOMOTA_CHOU_Tien_Chen_Denmark_Open_2018_Finals,data/clips_cropped_multi\Kento_MOMOTA_CHOU_Tien_Chen_Denmark_Open_2018_Finals\short_service\set3_rally18_ball1.mp4,short_service,OK,1.0,1.0,data/pose_features_multi\Kento_MOMOTA_CHOU_Tien_Chen_Denmark_Open_2018_Finals\short_service\set3_rally18_ball1.npy
Kento_MOMOTA_CHOU_Tien_Chen_Denmark_Open_2018_Finals,data/clips_cropped_multi\Kento_MOMOTA_CHOU_Tien_Chen_Denmark_Open_2018_Finals\short_service\set3_rally19_ball1.mp4,short_service,OK,1.0,0.0,data/pose_features_multi\Kento_MOMOTA_CHOU_Tien_Chen_Denmark_Open_2018_Finals\short_service\set3_rally19_ball1.npy
Kento_MOMOTA_CHOU_Tien_Chen_Denmark_Open_2018_Finals,data/clips_cropped_multi\Kento_MOMOTA_CHOU_Tien_Chen_Denmark_Open_2018_Finals\short_service\set3_rally1_ball1.mp4,short_service,OK,1.0,0.893,data/pose_features_multi\Kento_MOMOTA_CHOU_Tien_Chen_Denmark_Open_2018_Finals\short_service\set3_rally1_ball1.npy
Kento_MOMOTA_CHOU_Tien_Chen_Denmark_Open_2018_Finals,data/clips_cropped_multi\Kento_MOMOTA_CHOU_Tien_Chen_Denmark_Open_2018_Finals\short_service\set3_rally20_ball1.mp4,short_service,OK,1.0,1.0,data/pose_features_multi\Kento_MOMOTA_CHOU_Tien_Chen_Denmark_Open_2018_Finals\short_service\set3_rally20_ball1.npy
Kento_MOMOTA_CHOU_Tien_Chen_Denmark_Open_2018_Finals,data/clips_cropped_multi\Kento_MOMOTA_CHOU_Tien_Chen_Denmark_Open_2018_Finals\short_service\set3_rally21_ball1.mp4,short_service,OK,1.0,0.429,data/pose_features_multi\Kento_MOMOTA_CHOU_Tien_Chen_Denmark_Open_2018_Finals\short_service\set3_rally21_ball1.npy
Kento_MOMOTA_CHOU_Tien_Chen_Denmark_Open_2018_Finals,data/clips_cropped_multi\Kento_MOMOTA_CHOU_Tien_Chen_Denmark_Open_2018_Finals\short_service\set3_rally22_ball1.mp4,short_service,OK,1.0,0.0,data/pose_features_multi\Kento_MOMOTA_CHOU_Tien_Chen_Denmark_Open_2018_Finals\short_service\set3_rally22_ball1.npy
Kento_MOMOTA_CHOU_Tien_Chen_Denmark_Open_2018_Finals,data/clips_cropped_multi\Kento_MOMOTA_CHOU_Tien_Chen_Denmark_Open_2018_Finals\short_service\set3_rally23_ball1.mp4,short_service,OK,1.0,1.0,data/pose_features_multi\Kento_MOMOTA_CHOU_Tien_Chen_Denmark_Open_2018_Finals\short_service\set3_rally23_ball1.npy
Kento_MOMOTA_CHOU_Tien_Chen_Denmark_Open_2018_Finals,data/clips_cropped_multi\Kento_MOMOTA_CHOU_Tien_Chen_Denmark_Open_2018_Finals\short_service\set3_rally24_ball1.mp4,short_service,OK,1.0,1.0,data/pose_features_multi\Kento_MOMOTA_CHOU_Tien_Chen_Denmark_Open_2018_Finals\short_service\set3_rally24_ball1.npy
Kento_MOMOTA_CHOU_Tien_Chen_Denmark_Open_2018_Finals,data/clips_cropped_multi\Kento_MOMOTA_CHOU_Tien_Chen_Denmark_Open_2018_Finals\short_service\set3_rally25_ball1.mp4,short_service,OK,1.0,1.0,data/pose_features_multi\Kento_MOMOTA_CHOU_Tien_Chen_Denmark_Open_2018_Finals\short_service\set3_rally25_ball1.npy
Kento_MOMOTA_CHOU_Tien_Chen_Denmark_Open_2018_Finals,data/clips_cropped_multi\Kento_MOMOTA_CHOU_Tien_Chen_Denmark_Open_2018_Finals\short_service\set3_rally26_ball1.mp4,short_service,OK,1.0,0.0,data/pose_features_multi\Kento_MOMOTA_CHOU_Tien_Chen_Denmark_Open_2018_Finals\short_service\set3_rally26_ball1.npy
Kento_MOMOTA_CHOU_Tien_Chen_Denmark_Open_2018_Finals,data/clips_cropped_multi\Kento_MOMOTA_CHOU_Tien_Chen_Denmark_Open_2018_Finals\short_service\set3_rally27_ball1.mp4,short_service,OK,1.0,0.0,data/pose_features_multi\Kento_MOMOTA_CHOU_Tien_Chen_Denmark_Open_2018_Finals\short_service\set3_rally27_ball1.npy
Kento_MOMOTA_CHOU_Tien_Chen_Denmark_Open_2018_Finals,data/clips_cropped_multi\Kento_MOMOTA_CHOU_Tien_Chen_Denmark_Open_2018_Finals\short_service\set3_rally28_ball1.mp4,short_service,OK,1.0,0.0,data/pose_features_multi\Kento_MOMOTA_CHOU_Tien_Chen_Denmark_Open_2018_Finals\short_service\set3_rally28_ball1.npy
Kento_MOMOTA_CHOU_Tien_Chen_Denmark_Open_2018_Finals,data/clips_cropped_multi\Kento_MOMOTA_CHOU_Tien_Chen_Denmark_Open_2018_Finals\short_service\set3_rally29_ball1.mp4,short_service,OK,1.0,0.0,data/pose_features_multi\Kento_MOMOTA_CHOU_Tien_Chen_Denmark_Open_2018_Finals\short_service\set3_rally29_ball1.npy
Kento_MOMOTA_CHOU_Tien_Chen_Denmark_Open_2018_Finals,data/clips_cropped_multi\Kento_MOMOTA_CHOU_Tien_Chen_Denmark_Open_2018_Finals\short_service\set3_rally2_ball1.mp4,short_service,OK,1.0,0.571,data/pose_features_multi\Kento_MOMOTA_CHOU_Tien_Chen_Denmark_Open_2018_Finals\short_service\set3_rally2_ball1.npy
Kento_MOMOTA_CHOU_Tien_Chen_Denmark_Open_2018_Finals,data/clips_cropped_multi\Kento_MOMOTA_CHOU_Tien_Chen_Denmark_Open_2018_Finals\short_service\set3_rally30_ball1.mp4,short_service,OK,1.0,0.036,data/pose_features_multi\Kento_MOMOTA_CHOU_Tien_Chen_Denmark_Open_2018_Finals\short_service\set3_rally30_ball1.npy
Kento_MOMOTA_CHOU_Tien_Chen_Denmark_Open_2018_Finals,data/clips_cropped_multi\Kento_MOMOTA_CHOU_Tien_Chen_Denmark_Open_2018_Finals\short_service\set3_rally31_ball1.mp4,short_service,OK,1.0,1.0,data/pose_features_multi\Kento_MOMOTA_CHOU_Tien_Chen_Denmark_Open_2018_Finals\short_service\set3_rally31_ball1.npy
Kento_MOMOTA_CHOU_Tien_Chen_Denmark_Open_2018_Finals,data/clips_cropped_multi\Kento_MOMOTA_CHOU_Tien_Chen_Denmark_Open_2018_Finals\short_service\set3_rally32_ball1.mp4,short_service,OK,1.0,0.0,data/pose_features_multi\Kento_MOMOTA_CHOU_Tien_Chen_Denmark_Open_2018_Finals\short_service\set3_rally32_ball1.npy
Kento_MOMOTA_CHOU_Tien_Chen_Denmark_Open_2018_Finals,data/clips_cropped_multi\Kento_MOMOTA_CHOU_Tien_Chen_Denmark_Open_2018_Finals\short_service\set3_rally33_ball1.mp4,short_service,OK,1.0,0.0,data/pose_features_multi\Kento_MOMOTA_CHOU_Tien_Chen_Denmark_Open_2018_Finals\short_service\set3_rally33_ball1.npy
Kento_MOMOTA_CHOU_Tien_Chen_Denmark_Open_2018_Finals,data/clips_cropped_multi\Kento_MOMOTA_CHOU_Tien_Chen_Denmark_Open_2018_Finals\short_service\set3_rally34_ball1.mp4,short_service,OK,1.0,0.0,data/pose_features_multi\Kento_MOMOTA_CHOU_Tien_Chen_Denmark_Open_2018_Finals\short_service\set3_rally34_ball1.npy
Kento_MOMOTA_CHOU_Tien_Chen_Denmark_Open_2018_Finals,data/clips_cropped_multi\Kento_MOMOTA_CHOU_Tien_Chen_Denmark_Open_2018_Finals\short_service\set3_rally35_ball1.mp4,short_service,OK,1.0,1.0,data/pose_features_multi\Kento_MOMOTA_CHOU_Tien_Chen_Denmark_Open_2018_Finals\short_service\set3_rally35_ball1.npy
Kento_MOMOTA_CHOU_Tien_Chen_Denmark_Open_2018_Finals,data/clips_cropped_multi\Kento_MOMOTA_CHOU_Tien_Chen_Denmark_Open_2018_Finals\short_service\set3_rally36_ball1.mp4,short_service,OK,1.0,0.179,data/pose_features_multi\Kento_MOMOTA_CHOU_Tien_Chen_Denmark_Open_2018_Finals\short_service\set3_rally36_ball1.npy
Kento_MOMOTA_CHOU_Tien_Chen_Denmark_Open_2018_Finals,data/clips_cropped_multi\Kento_MOMOTA_CHOU_Tien_Chen_Denmark_Open_2018_Finals\short_service\set3_rally3_ball1.mp4,short_service,OK,1.0,1.0,data/pose_features_multi\Kento_MOMOTA_CHOU_Tien_Chen_Denmark_Open_2018_Finals\short_service\set3_rally3_ball1.npy
Kento_MOMOTA_CHOU_Tien_Chen_Denmark_Open_2018_Finals,data/clips_cropped_multi\Kento_MOMOTA_CHOU_Tien_Chen_Denmark_Open_2018_Finals\short_service\set3_rally5_ball1.mp4,short_service,OK,1.0,1.0,data/pose_features_multi\Kento_MOMOTA_CHOU_Tien_Chen_Denmark_Open_2018_Finals\short_service\set3_rally5_ball1.npy
Kento_MOMOTA_CHOU_Tien_Chen_Denmark_Open_2018_Finals,data/clips_cropped_multi\Kento_MOMOTA_CHOU_Tien_Chen_Denmark_Open_2018_Finals\short_service\set3_rally6_ball1.mp4,short_service,OK,1.0,0.0,data/pose_features_multi\Kento_MOMOTA_CHOU_Tien_Chen_Denmark_Open_2018_Finals\short_service\set3_rally6_ball1.npy
Kento_MOMOTA_CHOU_Tien_Chen_Denmark_Open_2018_Finals,data/clips_cropped_multi\Kento_MOMOTA_CHOU_Tien_Chen_Denmark_Open_2018_Finals\short_service\set3_rally7_ball1.mp4,short_service,POSE_INSUFFICIENT,0.357,0.357,data/pose_features_multi\Kento_MOMOTA_CHOU_Tien_Chen_Denmark_Open_2018_Finals\short_service\set3_rally7_ball1.npy
Kento_MOMOTA_CHOU_Tien_Chen_Denmark_Open_2018_Finals,data/clips_cropped_multi\Kento_MOMOTA_CHOU_Tien_Chen_Denmark_Open_2018_Finals\short_service\set3_rally8_ball1.mp4,short_service,OK,1.0,1.0,data/pose_features_multi\Kento_MOMOTA_CHOU_Tien_Chen_Denmark_Open_2018_Finals\short_service\set3_rally8_ball1.npy
Kento_MOMOTA_CHOU_Tien_Chen_Denmark_Open_2018_Finals,data/clips_cropped_multi\Kento_MOMOTA_CHOU_Tien_Chen_Denmark_Open_2018_Finals\short_service\set3_rally9_ball1.mp4,short_service,OK,1.0,1.0,data/pose_features_multi\Kento_MOMOTA_CHOU_Tien_Chen_Denmark_Open_2018_Finals\short_service\set3_rally9_ball1.npy
Kento_MOMOTA_CHOU_Tien_Chen_Denmark_Open_2018_Finals,data/clips_cropped_multi\Kento_MOMOTA_CHOU_Tien_Chen_Denmark_Open_2018_Finals\smash\set1_rally10_ball4.0.mp4,smash,OK,1.0,0.732,data/pose_features_multi\Kento_MOMOTA_CHOU_Tien_Chen_Denmark_Open_2018_Finals\smash\set1_rally10_ball4.0.npy
Kento_MOMOTA_CHOU_Tien_Chen_Denmark_Open_2018_Finals,data/clips_cropped_multi\Kento_MOMOTA_CHOU_Tien_Chen_Denmark_Open_2018_Finals\smash\set1_rally11_ball3.0.mp4,smash,OK,0.839,0.839,data/pose_features_multi\Kento_MOMOTA_CHOU_Tien_Chen_Denmark_Open_2018_Finals\smash\set1_rally11_ball3.0.npy
Kento_MOMOTA_CHOU_Tien_Chen_Denmark_Open_2018_Finals,data/clips_cropped_multi\Kento_MOMOTA_CHOU_Tien_Chen_Denmark_Open_2018_Finals\smash\set1_rally11_ball8.0.mp4,smash,OK,1.0,1.0,data/pose_features_multi\Kento_MOMOTA_CHOU_Tien_Chen_Denmark_Open_2018_Finals\smash\set1_rally11_ball8.0.npy
Kento_MOMOTA_CHOU_Tien_Chen_Denmark_Open_2018_Finals,data/clips_cropped_multi\Kento_MOMOTA_CHOU_Tien_Chen_Denmark_Open_2018_Finals\smash\set1_rally15_ball16.0.mp4,smash,OK,1.0,0.857,data/pose_features_multi\Kento_MOMOTA_CHOU_Tien_Chen_Denmark_Open_2018_Finals\smash\set1_rally15_ball16.0.npy
Kento_MOMOTA_CHOU_Tien_Chen_Denmark_Open_2018_Finals,data/clips_cropped_multi\Kento_MOMOTA_CHOU_Tien_Chen_Denmark_Open_2018_Finals\smash\set1_rally15_ball33.0.mp4,smash,OK,1.0,1.0,data/pose_features_multi\Kento_MOMOTA_CHOU_Tien_Chen_Denmark_Open_2018_Finals\smash\set1_rally15_ball33.0.npy
Kento_MOMOTA_CHOU_Tien_Chen_Denmark_Open_2018_Finals,data/clips_cropped_multi\Kento_MOMOTA_CHOU_Tien_Chen_Denmark_Open_2018_Finals\smash\set1_rally16_ball9.0.mp4,smash,OK,1.0,0.696,data/pose_features_multi\Kento_MOMOTA_CHOU_Tien_Chen_Denmark_Open_2018_Finals\smash\set1_rally16_ball9.0.npy
Kento_MOMOTA_CHOU_Tien_Chen_Denmark_Open_2018_Finals,data/clips_cropped_multi\Kento_MOMOTA_CHOU_Tien_Chen_Denmark_Open_2018_Finals\smash\set1_rally17_ball2.0.mp4,smash,OK,1.0,1.0,data/pose_features_multi\Kento_MOMOTA_CHOU_Tien_Chen_Denmark_Open_2018_Finals\smash\set1_rally17_ball2.0.npy
Kento_MOMOTA_CHOU_Tien_Chen_Denmark_Open_2018_Finals,data/clips_cropped_multi\Kento_MOMOTA_CHOU_Tien_Chen_Denmark_Open_2018_Finals\smash\set1_rally18_ball14.0.mp4,smash,OK,1.0,0.875,data/pose_features_multi\Kento_MOMOTA_CHOU_Tien_Chen_Denmark_Open_2018_Finals\smash\set1_rally18_ball14.0.npy
Kento_MOMOTA_CHOU_Tien_Chen_Denmark_Open_2018_Finals,data/clips_cropped_multi\Kento_MOMOTA_CHOU_Tien_Chen_Denmark_Open_2018_Finals\smash\set1_rally18_ball30.0.mp4,smash,OK,1.0,0.893,data/pose_features_multi\Kento_MOMOTA_CHOU_Tien_Chen_Denmark_Open_2018_Finals\smash\set1_rally18_ball30.0.npy
Kento_MOMOTA_CHOU_Tien_Chen_Denmark_Open_2018_Finals,data/clips_cropped_multi\Kento_MOMOTA_CHOU_Tien_Chen_Denmark_Open_2018_Finals\smash\set1_rally22_ball29.0.mp4,smash,OK,0.857,0.589,data/pose_features_multi\Kento_MOMOTA_CHOU_Tien_Chen_Denmark_Open_2018_Finals\smash\set1_rally22_ball29.0.npy
Kento_MOMOTA_CHOU_Tien_Chen_Denmark_Open_2018_Finals,data/clips_cropped_multi\Kento_MOMOTA_CHOU_Tien_Chen_Denmark_Open_2018_Finals\smash\set1_rally22_ball33.0.mp4,smash,OK,1.0,0.571,data/pose_features_multi\Kento_MOMOTA_CHOU_Tien_Chen_Denmark_Open_2018_Finals\smash\set1_rally22_ball33.0.npy
Kento_MOMOTA_CHOU_Tien_Chen_Denmark_Open_2018_Finals,data/clips_cropped_multi\Kento_MOMOTA_CHOU_Tien_Chen_Denmark_Open_2018_Finals\smash\set1_rally23_ball8.0.mp4,smash,POSE_INSUFFICIENT,0.321,0.339,data/pose_features_multi\Kento_MOMOTA_CHOU_Tien_Chen_Denmark_Open_2018_Finals\smash\set1_rally23_ball8.0.npy
Kento_MOMOTA_CHOU_Tien_Chen_Denmark_Open_2018_Finals,data/clips_cropped_multi\Kento_MOMOTA_CHOU_Tien_Chen_Denmark_Open_2018_Finals\smash\set1_rally26_ball5.0.mp4,smash,POSE_INSUFFICIENT,0.125,0.232,data/pose_features_multi\Kento_MOMOTA_CHOU_Tien_Chen_Denmark_Open_2018_Finals\smash\set1_rally26_ball5.0.npy
Kento_MOMOTA_CHOU_Tien_Chen_Denmark_Open_2018_Finals,data/clips_cropped_multi\Kento_MOMOTA_CHOU_Tien_Chen_Denmark_Open_2018_Finals\smash\set1_rally27_ball12.0.mp4,smash,OK,1.0,0.946,data/pose_features_multi\Kento_MOMOTA_CHOU_Tien_Chen_Denmark_Open_2018_Finals\smash\set1_rally27_ball12.0.npy
Kento_MOMOTA_CHOU_Tien_Chen_Denmark_Open_2018_Finals,data/clips_cropped_multi\Kento_MOMOTA_CHOU_Tien_Chen_Denmark_Open_2018_Finals\smash\set1_rally28_ball4.0.mp4,smash,OK,1.0,0.804,data/pose_features_multi\Kento_MOMOTA_CHOU_Tien_Chen_Denmark_Open_2018_Finals\smash\set1_rally28_ball4.0.npy
Kento_MOMOTA_CHOU_Tien_Chen_Denmark_Open_2018_Finals,data/clips_cropped_multi\Kento_MOMOTA_CHOU_Tien_Chen_Denmark_Open_2018_Finals\smash\set1_rally2_ball11.0.mp4,smash,OK,1.0,1.0,data/pose_features_multi\Kento_MOMOTA_CHOU_Tien_Chen_Denmark_Open_2018_Finals\smash\set1_rally2_ball11.0.npy
Kento_MOMOTA_CHOU_Tien_Chen_Denmark_Open_2018_Finals,data/clips_cropped_multi\Kento_MOMOTA_CHOU_Tien_Chen_Denmark_Open_2018_Finals\smash\set1_rally31_ball3.0.mp4,smash,OK,1.0,1.0,data/pose_features_multi\Kento_MOMOTA_CHOU_Tien_Chen_Denmark_Open_2018_Finals\smash\set1_rally31_ball3.0.npy
Kento_MOMOTA_CHOU_Tien_Chen_Denmark_Open_2018_Finals,data/clips_cropped_multi\Kento_MOMOTA_CHOU_Tien_Chen_Denmark_Open_2018_Finals\smash\set1_rally32_ball5.0.mp4,smash,OK,1.0,1.0,data/pose_features_multi\Kento_MOMOTA_CHOU_Tien_Chen_Denmark_Open_2018_Finals\smash\set1_rally32_ball5.0.npy
Kento_MOMOTA_CHOU_Tien_Chen_Denmark_Open_2018_Finals,data/clips_cropped_multi\Kento_MOMOTA_CHOU_Tien_Chen_Denmark_Open_2018_Finals\smash\set1_rally33_ball14.0.mp4,smash,OK,1.0,0.946,data/pose_features_multi\Kento_MOMOTA_CHOU_Tien_Chen_Denmark_Open_2018_Finals\smash\set1_rally33_ball14.0.npy
Kento_MOMOTA_CHOU_Tien_Chen_Denmark_Open_2018_Finals,data/clips_cropped_multi\Kento_MOMOTA_CHOU_Tien_Chen_Denmark_Open_2018_Finals\smash\set1_rally33_ball5.0.mp4,smash,POSE_INSUFFICIENT,0.696,0.696,data/pose_features_multi\Kento_MOMOTA_CHOU_Tien_Chen_Denmark_Open_2018_Finals\smash\set1_rally33_ball5.0.npy
Kento_MOMOTA_CHOU_Tien_Chen_Denmark_Open_2018_Finals,data/clips_cropped_multi\Kento_MOMOTA_CHOU_Tien_Chen_Denmark_Open_2018_Finals\smash\set1_rally33_ball9.0.mp4,smash,OK,0.893,0.893,data/pose_features_multi\Kento_MOMOTA_CHOU_Tien_Chen_Denmark_Open_2018_Finals\smash\set1_rally33_ball9.0.npy
Kento_MOMOTA_CHOU_Tien_Chen_Denmark_Open_2018_Finals,data/clips_cropped_multi\Kento_MOMOTA_CHOU_Tien_Chen_Denmark_Open_2018_Finals\smash\set1_rally34_ball17.0.mp4,smash,OK,1.0,0.821,data/pose_features_multi\Kento_MOMOTA_CHOU_Tien_Chen_Denmark_Open_2018_Finals\smash\set1_rally34_ball17.0.npy
Kento_MOMOTA_CHOU_Tien_Chen_Denmark_Open_2018_Finals,data/clips_cropped_multi\Kento_MOMOTA_CHOU_Tien_Chen_Denmark_Open_2018_Finals\smash\set1_rally35_ball8.0.mp4,smash,OK,1.0,0.857,data/pose_features_multi\Kento_MOMOTA_CHOU_Tien_Chen_Denmark_Open_2018_Finals\smash\set1_rally35_ball8.0.npy
Kento_MOMOTA_CHOU_Tien_Chen_Denmark_Open_2018_Finals,data/clips_cropped_multi\Kento_MOMOTA_CHOU_Tien_Chen_Denmark_Open_2018_Finals\smash\set1_rally36_ball4.0.mp4,smash,POSE_INSUFFICIENT,0.5,0.5,data/pose_features_multi\Kento_MOMOTA_CHOU_Tien_Chen_Denmark_Open_2018_Finals\smash\set1_rally36_ball4.0.npy
Kento_MOMOTA_CHOU_Tien_Chen_Denmark_Open_2018_Finals,data/clips_cropped_multi\Kento_MOMOTA_CHOU_Tien_Chen_Denmark_Open_2018_Finals\smash\set1_rally40_ball5.0.mp4,smash,OK,1.0,1.0,data/pose_features_multi\Kento_MOMOTA_CHOU_Tien_Chen_Denmark_Open_2018_Finals\smash\set1_rally40_ball5.0.npy
Kento_MOMOTA_CHOU_Tien_Chen_Denmark_Open_2018_Finals,data/clips_cropped_multi\Kento_MOMOTA_CHOU_Tien_Chen_Denmark_Open_2018_Finals\smash\set1_rally40_ball9.0.mp4,smash,OK,1.0,0.661,data/pose_features_multi\Kento_MOMOTA_CHOU_Tien_Chen_Denmark_Open_2018_Finals\smash\set1_rally40_ball9.0.npy
Kento_MOMOTA_CHOU_Tien_Chen_Denmark_Open_2018_Finals,data/clips_cropped_multi\Kento_MOMOTA_CHOU_Tien_Chen_Denmark_Open_2018_Finals\smash\set1_rally4_ball13.0.mp4,smash,OK,1.0,0.875,data/pose_features_multi\Kento_MOMOTA_CHOU_Tien_Chen_Denmark_Open_2018_Finals\smash\set1_rally4_ball13.0.npy
Kento_MOMOTA_CHOU_Tien_Chen_Denmark_Open_2018_Finals,data/clips_cropped_multi\Kento_MOMOTA_CHOU_Tien_Chen_Denmark_Open_2018_Finals\smash\set1_rally4_ball23.0.mp4,smash,OK,1.0,0.911,data/pose_features_multi\Kento_MOMOTA_CHOU_Tien_Chen_Denmark_Open_2018_Finals\smash\set1_rally4_ball23.0.npy
Kento_MOMOTA_CHOU_Tien_Chen_Denmark_Open_2018_Finals,data/clips_cropped_multi\Kento_MOMOTA_CHOU_Tien_Chen_Denmark_Open_2018_Finals\smash\set1_rally4_ball30.0.mp4,smash,OK,1.0,1.0,data/pose_features_multi\Kento_MOMOTA_CHOU_Tien_Chen_Denmark_Open_2018_Finals\smash\set1_rally4_ball30.0.npy
Kento_MOMOTA_CHOU_Tien_Chen_Denmark_Open_2018_Finals,data/clips_cropped_multi\Kento_MOMOTA_CHOU_Tien_Chen_Denmark_Open_2018_Finals\smash\set1_rally4_ball6.0.mp4,smash,OK,1.0,1.0,data/pose_features_multi\Kento_MOMOTA_CHOU_Tien_Chen_Denmark_Open_2018_Finals\smash\set1_rally4_ball6.0.npy
Kento_MOMOTA_CHOU_Tien_Chen_Denmark_Open_2018_Finals,data/clips_cropped_multi\Kento_MOMOTA_CHOU_Tien_Chen_Denmark_Open_2018_Finals\smash\set1_rally5_ball12.0.mp4,smash,OK,1.0,1.0,data/pose_features_multi\Kento_MOMOTA_CHOU_Tien_Chen_Denmark_Open_2018_Finals\smash\set1_rally5_ball12.0.npy
Kento_MOMOTA_CHOU_Tien_Chen_Denmark_Open_2018_Finals,data/clips_cropped_multi\Kento_MOMOTA_CHOU_Tien_Chen_Denmark_Open_2018_Finals\smash\set1_rally6_ball2.0.mp4,smash,OK,1.0,1.0,data/pose_features_multi\Kento_MOMOTA_CHOU_Tien_Chen_Denmark_Open_2018_Finals\smash\set1_rally6_ball2.0.npy
Kento_MOMOTA_CHOU_Tien_Chen_Denmark_Open_2018_Finals,data/clips_cropped_multi\Kento_MOMOTA_CHOU_Tien_Chen_Denmark_Open_2018_Finals\smash\set1_rally8_ball4.0.mp4,smash,OK,0.768,0.768,data/pose_features_multi\Kento_MOMOTA_CHOU_Tien_Chen_Denmark_Open_2018_Finals\smash\set1_rally8_ball4.0.npy
Kento_MOMOTA_CHOU_Tien_Chen_Denmark_Open_2018_Finals,data/clips_cropped_multi\Kento_MOMOTA_CHOU_Tien_Chen_Denmark_Open_2018_Finals\smash\set2_rally10_ball36.0.mp4,smash,OK,0.75,0.75,data/pose_features_multi\Kento_MOMOTA_CHOU_Tien_Chen_Denmark_Open_2018_Finals\smash\set2_rally10_ball36.0.npy
Kento_MOMOTA_CHOU_Tien_Chen_Denmark_Open_2018_Finals,data/clips_cropped_multi\Kento_MOMOTA_CHOU_Tien_Chen_Denmark_Open_2018_Finals\smash\set2_rally14_ball10.0.mp4,smash,OK,0.982,0.982,data/pose_features_multi\Kento_MOMOTA_CHOU_Tien_Chen_Denmark_Open_2018_Finals\smash\set2_rally14_ball10.0.npy
Kento_MOMOTA_CHOU_Tien_Chen_Denmark_Open_2018_Finals,data/clips_cropped_multi\Kento_MOMOTA_CHOU_Tien_Chen_Denmark_Open_2018_Finals\smash\set2_rally14_ball2.0.mp4,smash,POSE_INSUFFICIENT,0.518,0.518,data/pose_features_multi\Kento_MOMOTA_CHOU_Tien_Chen_Denmark_Open_2018_Finals\smash\set2_rally14_ball2.0.npy
Kento_MOMOTA_CHOU_Tien_Chen_Denmark_Open_2018_Finals,data/clips_cropped_multi\Kento_MOMOTA_CHOU_Tien_Chen_Denmark_Open_2018_Finals\smash\set2_rally16_ball3.0.mp4,smash,OK,1.0,1.0,data/pose_features_multi\Kento_MOMOTA_CHOU_Tien_Chen_Denmark_Open_2018_Finals\smash\set2_rally16_ball3.0.npy
Kento_MOMOTA_CHOU_Tien_Chen_Denmark_Open_2018_Finals,data/clips_cropped_multi\Kento_MOMOTA_CHOU_Tien_Chen_Denmark_Open_2018_Finals\smash\set2_rally21_ball17.0.mp4,smash,OK,1.0,1.0,data/pose_features_multi\Kento_MOMOTA_CHOU_Tien_Chen_Denmark_Open_2018_Finals\smash\set2_rally21_ball17.0.npy
Kento_MOMOTA_CHOU_Tien_Chen_Denmark_Open_2018_Finals,data/clips_cropped_multi\Kento_MOMOTA_CHOU_Tien_Chen_Denmark_Open_2018_Finals\smash\set2_rally21_ball4.0.mp4,smash,OK,1.0,1.0,data/pose_features_multi\Kento_MOMOTA_CHOU_Tien_Chen_Denmark_Open_2018_Finals\smash\set2_rally21_ball4.0.npy
Kento_MOMOTA_CHOU_Tien_Chen_Denmark_Open_2018_Finals,data/clips_cropped_multi\Kento_MOMOTA_CHOU_Tien_Chen_Denmark_Open_2018_Finals\smash\set2_rally21_ball7.0.mp4,smash,OK,1.0,1.0,data/pose_features_multi\Kento_MOMOTA_CHOU_Tien_Chen_Denmark_Open_2018_Finals\smash\set2_rally21_ball7.0.npy
Kento_MOMOTA_CHOU_Tien_Chen_Denmark_Open_2018_Finals,data/clips_cropped_multi\Kento_MOMOTA_CHOU_Tien_Chen_Denmark_Open_2018_Finals\smash\set2_rally2_ball9.0.mp4,smash,OK,1.0,1.0,data/pose_features_multi\Kento_MOMOTA_CHOU_Tien_Chen_Denmark_Open_2018_Finals\smash\set2_rally2_ball9.0.npy
Kento_MOMOTA_CHOU_Tien_Chen_Denmark_Open_2018_Finals,data/clips_cropped_multi\Kento_MOMOTA_CHOU_Tien_Chen_Denmark_Open_2018_Finals\smash\set2_rally30_ball7.0.mp4,smash,OK,1.0,1.0,data/pose_features_multi\Kento_MOMOTA_CHOU_Tien_Chen_Denmark_Open_2018_Finals\smash\set2_rally30_ball7.0.npy
Kento_MOMOTA_CHOU_Tien_Chen_Denmark_Open_2018_Finals,data/clips_cropped_multi\Kento_MOMOTA_CHOU_Tien_Chen_Denmark_Open_2018_Finals\smash\set2_rally35_ball8.0.mp4,smash,OK,1.0,1.0,data/pose_features_multi\Kento_MOMOTA_CHOU_Tien_Chen_Denmark_Open_2018_Finals\smash\set2_rally35_ball8.0.npy
Kento_MOMOTA_CHOU_Tien_Chen_Denmark_Open_2018_Finals,data/clips_cropped_multi\Kento_MOMOTA_CHOU_Tien_Chen_Denmark_Open_2018_Finals\smash\set2_rally3_ball20.0.mp4,smash,OK,1.0,0.5,data/pose_features_multi\Kento_MOMOTA_CHOU_Tien_Chen_Denmark_Open_2018_Finals\smash\set2_rally3_ball20.0.npy
Kento_MOMOTA_CHOU_Tien_Chen_Denmark_Open_2018_Finals,data/clips_cropped_multi\Kento_MOMOTA_CHOU_Tien_Chen_Denmark_Open_2018_Finals\smash\set2_rally4_ball18.0.mp4,smash,OK,1.0,1.0,data/pose_features_multi\Kento_MOMOTA_CHOU_Tien_Chen_Denmark_Open_2018_Finals\smash\set2_rally4_ball18.0.npy
Kento_MOMOTA_CHOU_Tien_Chen_Denmark_Open_2018_Finals,data/clips_cropped_multi\Kento_MOMOTA_CHOU_Tien_Chen_Denmark_Open_2018_Finals\smash\set2_rally5_ball10.0.mp4,smash,OK,1.0,0.768,data/pose_features_multi\Kento_MOMOTA_CHOU_Tien_Chen_Denmark_Open_2018_Finals\smash\set2_rally5_ball10.0.npy
Kento_MOMOTA_CHOU_Tien_Chen_Denmark_Open_2018_Finals,data/clips_cropped_multi\Kento_MOMOTA_CHOU_Tien_Chen_Denmark_Open_2018_Finals\smash\set2_rally6_ball5.0.mp4,smash,OK,1.0,1.0,data/pose_features_multi\Kento_MOMOTA_CHOU_Tien_Chen_Denmark_Open_2018_Finals\smash\set2_rally6_ball5.0.npy
Kento_MOMOTA_CHOU_Tien_Chen_Denmark_Open_2018_Finals,data/clips_cropped_multi\Kento_MOMOTA_CHOU_Tien_Chen_Denmark_Open_2018_Finals\smash\set3_rally11_ball14.mp4,smash,OK,1.0,0.893,data/pose_features_multi\Kento_MOMOTA_CHOU_Tien_Chen_Denmark_Open_2018_Finals\smash\set3_rally11_ball14.npy
Kento_MOMOTA_CHOU_Tien_Chen_Denmark_Open_2018_Finals,data/clips_cropped_multi\Kento_MOMOTA_CHOU_Tien_Chen_Denmark_Open_2018_Finals\smash\set3_rally12_ball5.mp4,smash,OK,1.0,0.929,data/pose_features_multi\Kento_MOMOTA_CHOU_Tien_Chen_Denmark_Open_2018_Finals\smash\set3_rally12_ball5.npy
Kento_MOMOTA_CHOU_Tien_Chen_Denmark_Open_2018_Finals,data/clips_cropped_multi\Kento_MOMOTA_CHOU_Tien_Chen_Denmark_Open_2018_Finals\smash\set3_rally13_ball20.mp4,smash,OK,1.0,0.857,data/pose_features_multi\Kento_MOMOTA_CHOU_Tien_Chen_Denmark_Open_2018_Finals\smash\set3_rally13_ball20.npy
Kento_MOMOTA_CHOU_Tien_Chen_Denmark_Open_2018_Finals,data/clips_cropped_multi\Kento_MOMOTA_CHOU_Tien_Chen_Denmark_Open_2018_Finals\smash\set3_rally13_ball24.mp4,smash,OK,1.0,0.839,data/pose_features_multi\Kento_MOMOTA_CHOU_Tien_Chen_Denmark_Open_2018_Finals\smash\set3_rally13_ball24.npy
Kento_MOMOTA_CHOU_Tien_Chen_Denmark_Open_2018_Finals,data/clips_cropped_multi\Kento_MOMOTA_CHOU_Tien_Chen_Denmark_Open_2018_Finals\smash\set3_rally13_ball42.mp4,smash,OK,1.0,0.732,data/pose_features_multi\Kento_MOMOTA_CHOU_Tien_Chen_Denmark_Open_2018_Finals\smash\set3_rally13_ball42.npy
Kento_MOMOTA_CHOU_Tien_Chen_Denmark_Open_2018_Finals,data/clips_cropped_multi\Kento_MOMOTA_CHOU_Tien_Chen_Denmark_Open_2018_Finals\smash\set3_rally13_ball5.mp4,smash,OK,1.0,1.0,data/pose_features_multi\Kento_MOMOTA_CHOU_Tien_Chen_Denmark_Open_2018_Finals\smash\set3_rally13_ball5.npy
Kento_MOMOTA_CHOU_Tien_Chen_Denmark_Open_2018_Finals,data/clips_cropped_multi\Kento_MOMOTA_CHOU_Tien_Chen_Denmark_Open_2018_Finals\smash\set3_rally17_ball7.mp4,smash,OK,1.0,0.107,data/pose_features_multi\Kento_MOMOTA_CHOU_Tien_Chen_Denmark_Open_2018_Finals\smash\set3_rally17_ball7.npy
Kento_MOMOTA_CHOU_Tien_Chen_Denmark_Open_2018_Finals,data/clips_cropped_multi\Kento_MOMOTA_CHOU_Tien_Chen_Denmark_Open_2018_Finals\smash\set3_rally18_ball14.mp4,smash,OK,1.0,1.0,data/pose_features_multi\Kento_MOMOTA_CHOU_Tien_Chen_Denmark_Open_2018_Finals\smash\set3_rally18_ball14.npy
Kento_MOMOTA_CHOU_Tien_Chen_Denmark_Open_2018_Finals,data/clips_cropped_multi\Kento_MOMOTA_CHOU_Tien_Chen_Denmark_Open_2018_Finals\smash\set3_rally18_ball9.mp4,smash,OK,1.0,0.929,data/pose_features_multi\Kento_MOMOTA_CHOU_Tien_Chen_Denmark_Open_2018_Finals\smash\set3_rally18_ball9.npy
Kento_MOMOTA_CHOU_Tien_Chen_Denmark_Open_2018_Finals,data/clips_cropped_multi\Kento_MOMOTA_CHOU_Tien_Chen_Denmark_Open_2018_Finals\smash\set3_rally19_ball4.mp4,smash,OK,0.964,0.964,data/pose_features_multi\Kento_MOMOTA_CHOU_Tien_Chen_Denmark_Open_2018_Finals\smash\set3_rally19_ball4.npy
Kento_MOMOTA_CHOU_Tien_Chen_Denmark_Open_2018_Finals,data/clips_cropped_multi\Kento_MOMOTA_CHOU_Tien_Chen_Denmark_Open_2018_Finals\smash\set3_rally1_ball24.mp4,smash,POSE_INSUFFICIENT,0.375,0.464,data/pose_features_multi\Kento_MOMOTA_CHOU_Tien_Chen_Denmark_Open_2018_Finals\smash\set3_rally1_ball24.npy
Kento_MOMOTA_CHOU_Tien_Chen_Denmark_Open_2018_Finals,data/clips_cropped_multi\Kento_MOMOTA_CHOU_Tien_Chen_Denmark_Open_2018_Finals\smash\set3_rally1_ball29.mp4,smash,OK,1.0,0.911,data/pose_features_multi\Kento_MOMOTA_CHOU_Tien_Chen_Denmark_Open_2018_Finals\smash\set3_rally1_ball29.npy
Kento_MOMOTA_CHOU_Tien_Chen_Denmark_Open_2018_Finals,data/clips_cropped_multi\Kento_MOMOTA_CHOU_Tien_Chen_Denmark_Open_2018_Finals\smash\set3_rally20_ball7.mp4,smash,OK,1.0,1.0,data/pose_features_multi\Kento_MOMOTA_CHOU_Tien_Chen_Denmark_Open_2018_Finals\smash\set3_rally20_ball7.npy
Kento_MOMOTA_CHOU_Tien_Chen_Denmark_Open_2018_Finals,data/clips_cropped_multi\Kento_MOMOTA_CHOU_Tien_Chen_Denmark_Open_2018_Finals\smash\set3_rally22_ball24.mp4,smash,OK,1.0,1.0,data/pose_features_multi\Kento_MOMOTA_CHOU_Tien_Chen_Denmark_Open_2018_Finals\smash\set3_rally22_ball24.npy
Kento_MOMOTA_CHOU_Tien_Chen_Denmark_Open_2018_Finals,data/clips_cropped_multi\Kento_MOMOTA_CHOU_Tien_Chen_Denmark_Open_2018_Finals\smash\set3_rally23_ball33.mp4,smash,OK,1.0,1.0,data/pose_features_multi\Kento_MOMOTA_CHOU_Tien_Chen_Denmark_Open_2018_Finals\smash\set3_rally23_ball33.npy
Kento_MOMOTA_CHOU_Tien_Chen_Denmark_Open_2018_Finals,data/clips_cropped_multi\Kento_MOMOTA_CHOU_Tien_Chen_Denmark_Open_2018_Finals\smash\set3_rally23_ball4.mp4,smash,OK,1.0,0.786,data/pose_features_multi\Kento_MOMOTA_CHOU_Tien_Chen_Denmark_Open_2018_Finals\smash\set3_rally23_ball4.npy
Kento_MOMOTA_CHOU_Tien_Chen_Denmark_Open_2018_Finals,data/clips_cropped_multi\Kento_MOMOTA_CHOU_Tien_Chen_Denmark_Open_2018_Finals\smash\set3_rally23_ball8.mp4,smash,OK,1.0,0.911,data/pose_features_multi\Kento_MOMOTA_CHOU_Tien_Chen_Denmark_Open_2018_Finals\smash\set3_rally23_ball8.npy
Kento_MOMOTA_CHOU_Tien_Chen_Denmark_Open_2018_Finals,data/clips_cropped_multi\Kento_MOMOTA_CHOU_Tien_Chen_Denmark_Open_2018_Finals\smash\set3_rally24_ball4.mp4,smash,OK,1.0,1.0,data/pose_features_multi\Kento_MOMOTA_CHOU_Tien_Chen_Denmark_Open_2018_Finals\smash\set3_rally24_ball4.npy
Kento_MOMOTA_CHOU_Tien_Chen_Denmark_Open_2018_Finals,data/clips_cropped_multi\Kento_MOMOTA_CHOU_Tien_Chen_Denmark_Open_2018_Finals\smash\set3_rally24_ball9.mp4,smash,OK,0.911,0.911,data/pose_features_multi\Kento_MOMOTA_CHOU_Tien_Chen_Denmark_Open_2018_Finals\smash\set3_rally24_ball9.npy
Kento_MOMOTA_CHOU_Tien_Chen_Denmark_Open_2018_Finals,data/clips_cropped_multi\Kento_MOMOTA_CHOU_Tien_Chen_Denmark_Open_2018_Finals\smash\set3_rally27_ball7.mp4,smash,OK,1.0,0.893,data/pose_features_multi\Kento_MOMOTA_CHOU_Tien_Chen_Denmark_Open_2018_Finals\smash\set3_rally27_ball7.npy
Kento_MOMOTA_CHOU_Tien_Chen_Denmark_Open_2018_Finals,data/clips_cropped_multi\Kento_MOMOTA_CHOU_Tien_Chen_Denmark_Open_2018_Finals\smash\set3_rally28_ball5.mp4,smash,OK,1.0,0.929,data/pose_features_multi\Kento_MOMOTA_CHOU_Tien_Chen_Denmark_Open_2018_Finals\smash\set3_rally28_ball5.npy
Kento_MOMOTA_CHOU_Tien_Chen_Denmark_Open_2018_Finals,data/clips_cropped_multi\Kento_MOMOTA_CHOU_Tien_Chen_Denmark_Open_2018_Finals\smash\set3_rally29_ball9.mp4,smash,OK,1.0,0.679,data/pose_features_multi\Kento_MOMOTA_CHOU_Tien_Chen_Denmark_Open_2018_Finals\smash\set3_rally29_ball9.npy
Kento_MOMOTA_CHOU_Tien_Chen_Denmark_Open_2018_Finals,data/clips_cropped_multi\Kento_MOMOTA_CHOU_Tien_Chen_Denmark_Open_2018_Finals\smash\set3_rally2_ball11.mp4,smash,OK,1.0,0.875,data/pose_features_multi\Kento_MOMOTA_CHOU_Tien_Chen_Denmark_Open_2018_Finals\smash\set3_rally2_ball11.npy
Kento_MOMOTA_CHOU_Tien_Chen_Denmark_Open_2018_Finals,data/clips_cropped_multi\Kento_MOMOTA_CHOU_Tien_Chen_Denmark_Open_2018_Finals\smash\set3_rally30_ball10.mp4,smash,OK,1.0,1.0,data/pose_features_multi\Kento_MOMOTA_CHOU_Tien_Chen_Denmark_Open_2018_Finals\smash\set3_rally30_ball10.npy
Kento_MOMOTA_CHOU_Tien_Chen_Denmark_Open_2018_Finals,data/clips_cropped_multi\Kento_MOMOTA_CHOU_Tien_Chen_Denmark_Open_2018_Finals\smash\set3_rally33_ball6.mp4,smash,OK,1.0,1.0,data/pose_features_multi\Kento_MOMOTA_CHOU_Tien_Chen_Denmark_Open_2018_Finals\smash\set3_rally33_ball6.npy
Kento_MOMOTA_CHOU_Tien_Chen_Denmark_Open_2018_Finals,data/clips_cropped_multi\Kento_MOMOTA_CHOU_Tien_Chen_Denmark_Open_2018_Finals\smash\set3_rally34_ball4.mp4,smash,OK,1.0,1.0,data/pose_features_multi\Kento_MOMOTA_CHOU_Tien_Chen_Denmark_Open_2018_Finals\smash\set3_rally34_ball4.npy
Kento_MOMOTA_CHOU_Tien_Chen_Denmark_Open_2018_Finals,data/clips_cropped_multi\Kento_MOMOTA_CHOU_Tien_Chen_Denmark_Open_2018_Finals\smash\set3_rally35_ball12.mp4,smash,OK,1.0,0.661,data/pose_features_multi\Kento_MOMOTA_CHOU_Tien_Chen_Denmark_Open_2018_Finals\smash\set3_rally35_ball12.npy
Kento_MOMOTA_CHOU_Tien_Chen_Denmark_Open_2018_Finals,data/clips_cropped_multi\Kento_MOMOTA_CHOU_Tien_Chen_Denmark_Open_2018_Finals\smash\set3_rally35_ball6.mp4,smash,OK,1.0,0.768,data/pose_features_multi\Kento_MOMOTA_CHOU_Tien_Chen_Denmark_Open_2018_Finals\smash\set3_rally35_ball6.npy
Kento_MOMOTA_CHOU_Tien_Chen_Denmark_Open_2018_Finals,data/clips_cropped_multi\Kento_MOMOTA_CHOU_Tien_Chen_Denmark_Open_2018_Finals\smash\set3_rally6_ball6.mp4,smash,OK,0.911,0.911,data/pose_features_multi\Kento_MOMOTA_CHOU_Tien_Chen_Denmark_Open_2018_Finals\smash\set3_rally6_ball6.npy
Kento_MOMOTA_CHOU_Tien_Chen_Denmark_Open_2018_Finals,data/clips_cropped_multi\Kento_MOMOTA_CHOU_Tien_Chen_Denmark_Open_2018_Finals\smash\set3_rally9_ball3.mp4,smash,OK,1.0,1.0,data/pose_features_multi\Kento_MOMOTA_CHOU_Tien_Chen_Denmark_Open_2018_Finals\smash\set3_rally9_ball3.npy
Kento_MOMOTA_CHOU_Tien_Chen_Fuzhou_Open_2019_Finals,data\clips_cropped_multi\Kento_MOMOTA_CHOU_Tien_Chen_Fuzhou_Open_2019_Finals\clear\set1_rally11_ball19.0.mp4,clear,OK,1.0,1.0,data\pose_features_multi\Kento_MOMOTA_CHOU_Tien_Chen_Fuzhou_Open_2019_Finals\clear\set1_rally11_ball19.0.npy
Kento_MOMOTA_CHOU_Tien_Chen_Fuzhou_Open_2019_Finals,data\clips_cropped_multi\Kento_MOMOTA_CHOU_Tien_Chen_Fuzhou_Open_2019_Finals\clear\set1_rally11_ball20.0.mp4,clear,OK,1.0,1.0,data\pose_features_multi\Kento_MOMOTA_CHOU_Tien_Chen_Fuzhou_Open_2019_Finals\clear\set1_rally11_ball20.0.npy
Kento_MOMOTA_CHOU_Tien_Chen_Fuzhou_Open_2019_Finals,data\clips_cropped_multi\Kento_MOMOTA_CHOU_Tien_Chen_Fuzhou_Open_2019_Finals\clear\set1_rally11_ball25.0.mp4,clear,OK,1.0,0.821,data\pose_features_multi\Kento_MOMOTA_CHOU_Tien_Chen_Fuzhou_Open_2019_Finals\clear\set1_rally11_ball25.0.npy
Kento_MOMOTA_CHOU_Tien_Chen_Fuzhou_Open_2019_Finals,data\clips_cropped_multi\Kento_MOMOTA_CHOU_Tien_Chen_Fuzhou_Open_2019_Finals\clear\set1_rally11_ball26.0.mp4,clear,OK,1.0,1.0,data\pose_features_multi\Kento_MOMOTA_CHOU_Tien_Chen_Fuzhou_Open_2019_Finals\clear\set1_rally11_ball26.0.npy
Kento_MOMOTA_CHOU_Tien_Chen_Fuzhou_Open_2019_Finals,data\clips_cropped_multi\Kento_MOMOTA_CHOU_Tien_Chen_Fuzhou_Open_2019_Finals\clear\set1_rally11_ball30.0.mp4,clear,OK,1.0,1.0,data\pose_features_multi\Kento_MOMOTA_CHOU_Tien_Chen_Fuzhou_Open_2019_Finals\clear\set1_rally11_ball30.0.npy
Kento_MOMOTA_CHOU_Tien_Chen_Fuzhou_Open_2019_Finals,data\clips_cropped_multi\Kento_MOMOTA_CHOU_Tien_Chen_Fuzhou_Open_2019_Finals\clear\set1_rally11_ball31.0.mp4,clear,OK,1.0,1.0,data\pose_features_multi\Kento_MOMOTA_CHOU_Tien_Chen_Fuzhou_Open_2019_Finals\clear\set1_rally11_ball31.0.npy
Kento_MOMOTA_CHOU_Tien_Chen_Fuzhou_Open_2019_Finals,data\clips_cropped_multi\Kento_MOMOTA_CHOU_Tien_Chen_Fuzhou_Open_2019_Finals\clear\set1_rally11_ball35.0.mp4,clear,OK,1.0,0.893,data\pose_features_multi\Kento_MOMOTA_CHOU_Tien_Chen_Fuzhou_Open_2019_Finals\clear\set1_rally11_ball35.0.npy
Kento_MOMOTA_CHOU_Tien_Chen_Fuzhou_Open_2019_Finals,data\clips_cropped_multi\Kento_MOMOTA_CHOU_Tien_Chen_Fuzhou_Open_2019_Finals\clear\set1_rally11_ball36.0.mp4,clear,OK,1.0,1.0,data\pose_features_multi\Kento_MOMOTA_CHOU_Tien_Chen_Fuzhou_Open_2019_Finals\clear\set1_rally11_ball36.0.npy
Kento_MOMOTA_CHOU_Tien_Chen_Fuzhou_Open_2019_Finals,data\clips_cropped_multi\Kento_MOMOTA_CHOU_Tien_Chen_Fuzhou_Open_2019_Finals\clear\set1_rally11_ball37.0.mp4,clear,OK,1.0,0.804,data\pose_features_multi\Kento_MOMOTA_CHOU_Tien_Chen_Fuzhou_Open_2019_Finals\clear\set1_rally11_ball37.0.npy
Kento_MOMOTA_CHOU_Tien_Chen_Fuzhou_Open_2019_Finals,data\clips_cropped_multi\Kento_MOMOTA_CHOU_Tien_Chen_Fuzhou_Open_2019_Finals\clear\set1_rally11_ball38.0.mp4,clear,OK,1.0,1.0,data\pose_features_multi\Kento_MOMOTA_CHOU_Tien_Chen_Fuzhou_Open_2019_Finals\clear\set1_rally11_ball38.0.npy
Kento_MOMOTA_CHOU_Tien_Chen_Fuzhou_Open_2019_Finals,data\clips_cropped_multi\Kento_MOMOTA_CHOU_Tien_Chen_Fuzhou_Open_2019_Finals\clear\set1_rally11_ball39.0.mp4,clear,OK,1.0,0.893,data\pose_features_multi\Kento_MOMOTA_CHOU_Tien_Chen_Fuzhou_Open_2019_Finals\clear\set1_rally11_ball39.0.npy
Kento_MOMOTA_CHOU_Tien_Chen_Fuzhou_Open_2019_Finals,data\clips_cropped_multi\Kento_MOMOTA_CHOU_Tien_Chen_Fuzhou_Open_2019_Finals\clear\set1_rally11_ball40.0.mp4,clear,OK,1.0,0.875,data\pose_features_multi\Kento_MOMOTA_CHOU_Tien_Chen_Fuzhou_Open_2019_Finals\clear\set1_rally11_ball40.0.npy
Kento_MOMOTA_CHOU_Tien_Chen_Fuzhou_Open_2019_Finals,data\clips_cropped_multi\Kento_MOMOTA_CHOU_Tien_Chen_Fuzhou_Open_2019_Finals\clear\set1_rally11_ball8.0.mp4,clear,POSE_INSUFFICIENT,0.411,0.411,data\pose_features_multi\Kento_MOMOTA_CHOU_Tien_Chen_Fuzhou_Open_2019_Finals\clear\set1_rally11_ball8.0.npy
Kento_MOMOTA_CHOU_Tien_Chen_Fuzhou_Open_2019_Finals,data\clips_cropped_multi\Kento_MOMOTA_CHOU_Tien_Chen_Fuzhou_Open_2019_Finals\clear\set1_rally12_ball15.0.mp4,clear,OK,1.0,1.0,data\pose_features_multi\Kento_MOMOTA_CHOU_Tien_Chen_Fuzhou_Open_2019_Finals\clear\set1_rally12_ball15.0.npy
Kento_MOMOTA_CHOU_Tien_Chen_Fuzhou_Open_2019_Finals,data\clips_cropped_multi\Kento_MOMOTA_CHOU_Tien_Chen_Fuzhou_Open_2019_Finals\clear\set1_rally12_ball16.0.mp4,clear,OK,1.0,0.893,data\pose_features_multi\Kento_MOMOTA_CHOU_Tien_Chen_Fuzhou_Open_2019_Finals\clear\set1_rally12_ball16.0.npy
Kento_MOMOTA_CHOU_Tien_Chen_Fuzhou_Open_2019_Finals,data\clips_cropped_multi\Kento_MOMOTA_CHOU_Tien_Chen_Fuzhou_Open_2019_Finals\clear\set1_rally12_ball20.0.mp4,clear,OK,1.0,0.946,data\pose_features_multi\Kento_MOMOTA_CHOU_Tien_Chen_Fuzhou_Open_2019_Finals\clear\set1_rally12_ball20.0.npy
Kento_MOMOTA_CHOU_Tien_Chen_Fuzhou_Open_2019_Finals,data\clips_cropped_multi\Kento_MOMOTA_CHOU_Tien_Chen_Fuzhou_Open_2019_Finals\clear\set1_rally12_ball21.0.mp4,clear,OK,1.0,1.0,data\pose_features_multi\Kento_MOMOTA_CHOU_Tien_Chen_Fuzhou_Open_2019_Finals\clear\set1_rally12_ball21.0.npy
Kento_MOMOTA_CHOU_Tien_Chen_Fuzhou_Open_2019_Finals,data\clips_cropped_multi\Kento_MOMOTA_CHOU_Tien_Chen_Fuzhou_Open_2019_Finals\clear\set1_rally12_ball22.0.mp4,clear,OK,1.0,0.679,data\pose_features_multi\Kento_MOMOTA_CHOU_Tien_Chen_Fuzhou_Open_2019_Finals\clear\set1_rally12_ball22.0.npy
Kento_MOMOTA_CHOU_Tien_Chen_Fuzhou_Open_2019_Finals,data\clips_cropped_multi\Kento_MOMOTA_CHOU_Tien_Chen_Fuzhou_Open_2019_Finals\clear\set1_rally12_ball3.0.mp4,clear,OK,1.0,1.0,data\pose_features_multi\Kento_MOMOTA_CHOU_Tien_Chen_Fuzhou_Open_2019_Finals\clear\set1_rally12_ball3.0.npy
Kento_MOMOTA_CHOU_Tien_Chen_Fuzhou_Open_2019_Finals,data\clips_cropped_multi\Kento_MOMOTA_CHOU_Tien_Chen_Fuzhou_Open_2019_Finals\clear\set1_rally12_ball7.0.mp4,clear,OK,1.0,0.875,data\pose_features_multi\Kento_MOMOTA_CHOU_Tien_Chen_Fuzhou_Open_2019_Finals\clear\set1_rally12_ball7.0.npy
Kento_MOMOTA_CHOU_Tien_Chen_Fuzhou_Open_2019_Finals,data\clips_cropped_multi\Kento_MOMOTA_CHOU_Tien_Chen_Fuzhou_Open_2019_Finals\clear\set1_rally13_ball16.0.mp4,clear,OK,1.0,0.643,data\pose_features_multi\Kento_MOMOTA_CHOU_Tien_Chen_Fuzhou_Open_2019_Finals\clear\set1_rally13_ball16.0.npy
Kento_MOMOTA_CHOU_Tien_Chen_Fuzhou_Open_2019_Finals,data\clips_cropped_multi\Kento_MOMOTA_CHOU_Tien_Chen_Fuzhou_Open_2019_Finals\clear\set1_rally13_ball19.0.mp4,clear,OK,1.0,1.0,data\pose_features_multi\Kento_MOMOTA_CHOU_Tien_Chen_Fuzhou_Open_2019_Finals\clear\set1_rally13_ball19.0.npy
Kento_MOMOTA_CHOU_Tien_Chen_Fuzhou_Open_2019_Finals,data\clips_cropped_multi\Kento_MOMOTA_CHOU_Tien_Chen_Fuzhou_Open_2019_Finals\clear\set1_rally13_ball20.0.mp4,clear,OK,1.0,0.893,data\pose_features_multi\Kento_MOMOTA_CHOU_Tien_Chen_Fuzhou_Open_2019_Finals\clear\set1_rally13_ball20.0.npy
Kento_MOMOTA_CHOU_Tien_Chen_Fuzhou_Open_2019_Finals,data\clips_cropped_multi\Kento_MOMOTA_CHOU_Tien_Chen_Fuzhou_Open_2019_Finals\clear\set1_rally13_ball21.0.mp4,clear,OK,1.0,1.0,data\pose_features_multi\Kento_MOMOTA_CHOU_Tien_Chen_Fuzhou_Open_2019_Finals\clear\set1_rally13_ball21.0.npy
Kento_MOMOTA_CHOU_Tien_Chen_Fuzhou_Open_2019_Finals,data\clips_cropped_multi\Kento_MOMOTA_CHOU_Tien_Chen_Fuzhou_Open_2019_Finals\clear\set1_rally13_ball22.0.mp4,clear,OK,1.0,0.821,data\pose_features_multi\Kento_MOMOTA_CHOU_Tien_Chen_Fuzhou_Open_2019_Finals\clear\set1_rally13_ball22.0.npy
Kento_MOMOTA_CHOU_Tien_Chen_Fuzhou_Open_2019_Finals,data\clips_cropped_multi\Kento_MOMOTA_CHOU_Tien_Chen_Fuzhou_Open_2019_Finals\clear\set1_rally13_ball3.0.mp4,clear,OK,1.0,1.0,data\pose_features_multi\Kento_MOMOTA_CHOU_Tien_Chen_Fuzhou_Open_2019_Finals\clear\set1_rally13_ball3.0.npy
Kento_MOMOTA_CHOU_Tien_Chen_Fuzhou_Open_2019_Finals,data\clips_cropped_multi\Kento_MOMOTA_CHOU_Tien_Chen_Fuzhou_Open_2019_Finals\clear\set1_rally13_ball36.0.mp4,clear,OK,1.0,0.75,data\pose_features_multi\Kento_MOMOTA_CHOU_Tien_Chen_Fuzhou_Open_2019_Finals\clear\set1_rally13_ball36.0.npy
Kento_MOMOTA_CHOU_Tien_Chen_Fuzhou_Open_2019_Finals,data\clips_cropped_multi\Kento_MOMOTA_CHOU_Tien_Chen_Fuzhou_Open_2019_Finals\clear\set1_rally13_ball37.0.mp4,clear,OK,1.0,1.0,data\pose_features_multi\Kento_MOMOTA_CHOU_Tien_Chen_Fuzhou_Open_2019_Finals\clear\set1_rally13_ball37.0.npy
Kento_MOMOTA_CHOU_Tien_Chen_Fuzhou_Open_2019_Finals,data\clips_cropped_multi\Kento_MOMOTA_CHOU_Tien_Chen_Fuzhou_Open_2019_Finals\clear\set1_rally13_ball38.0.mp4,clear,OK,1.0,0.768,data\pose_features_multi\Kento_MOMOTA_CHOU_Tien_Chen_Fuzhou_Open_2019_Finals\clear\set1_rally13_ball38.0.npy
Kento_MOMOTA_CHOU_Tien_Chen_Fuzhou_Open_2019_Finals,data\clips_cropped_multi\Kento_MOMOTA_CHOU_Tien_Chen_Fuzhou_Open_2019_Finals\clear\set1_rally13_ball9.0.mp4,clear,OK,1.0,1.0,data\pose_features_multi\Kento_MOMOTA_CHOU_Tien_Chen_Fuzhou_Open_2019_Finals\clear\set1_rally13_ball9.0.npy
Kento_MOMOTA_CHOU_Tien_Chen_Fuzhou_Open_2019_Finals,data\clips_cropped_multi\Kento_MOMOTA_CHOU_Tien_Chen_Fuzhou_Open_2019_Finals\clear\set1_rally14_ball13.0.mp4,clear,OK,1.0,1.0,data\pose_features_multi\Kento_MOMOTA_CHOU_Tien_Chen_Fuzhou_Open_2019_Finals\clear\set1_rally14_ball13.0.npy
Kento_MOMOTA_CHOU_Tien_Chen_Fuzhou_Open_2019_Finals,data\clips_cropped_multi\Kento_MOMOTA_CHOU_Tien_Chen_Fuzhou_Open_2019_Finals\clear\set1_rally14_ball8.0.mp4,clear,OK,1.0,1.0,data\pose_features_multi\Kento_MOMOTA_CHOU_Tien_Chen_Fuzhou_Open_2019_Finals\clear\set1_rally14_ball8.0.npy
Kento_MOMOTA_CHOU_Tien_Chen_Fuzhou_Open_2019_Finals,data\clips_cropped_multi\Kento_MOMOTA_CHOU_Tien_Chen_Fuzhou_Open_2019_Finals\clear\set1_rally14_ball9.0.mp4,clear,OK,1.0,1.0,data\pose_features_multi\Kento_MOMOTA_CHOU_Tien_Chen_Fuzhou_Open_2019_Finals\clear\set1_rally14_ball9.0.npy
Kento_MOMOTA_CHOU_Tien_Chen_Fuzhou_Open_2019_Finals,data\clips_cropped_multi\Kento_MOMOTA_CHOU_Tien_Chen_Fuzhou_Open_2019_Finals\clear\set1_rally15_ball3.0.mp4,clear,OK,1.0,1.0,data\pose_features_multi\Kento_MOMOTA_CHOU_Tien_Chen_Fuzhou_Open_2019_Finals\clear\set1_rally15_ball3.0.npy
Kento_MOMOTA_CHOU_Tien_Chen_Fuzhou_Open_2019_Finals,data\clips_cropped_multi\Kento_MOMOTA_CHOU_Tien_Chen_Fuzhou_Open_2019_Finals\clear\set1_rally15_ball4.0.mp4,clear,OK,1.0,1.0,data\pose_features_multi\Kento_MOMOTA_CHOU_Tien_Chen_Fuzhou_Open_2019_Finals\clear\set1_rally15_ball4.0.npy
Kento_MOMOTA_CHOU_Tien_Chen_Fuzhou_Open_2019_Finals,data\clips_cropped_multi\Kento_MOMOTA_CHOU_Tien_Chen_Fuzhou_Open_2019_Finals\clear\set1_rally15_ball8.0.mp4,clear,OK,1.0,1.0,data\pose_features_multi\Kento_MOMOTA_CHOU_Tien_Chen_Fuzhou_Open_2019_Finals\clear\set1_rally15_ball8.0.npy
Kento_MOMOTA_CHOU_Tien_Chen_Fuzhou_Open_2019_Finals,data\clips_cropped_multi\Kento_MOMOTA_CHOU_Tien_Chen_Fuzhou_Open_2019_Finals\clear\set1_rally16_ball12.0.mp4,clear,OK,1.0,1.0,data\pose_features_multi\Kento_MOMOTA_CHOU_Tien_Chen_Fuzhou_Open_2019_Finals\clear\set1_rally16_ball12.0.npy
Kento_MOMOTA_CHOU_Tien_Chen_Fuzhou_Open_2019_Finals,data\clips_cropped_multi\Kento_MOMOTA_CHOU_Tien_Chen_Fuzhou_Open_2019_Finals\clear\set1_rally16_ball13.0.mp4,clear,OK,1.0,0.929,data\pose_features_multi\Kento_MOMOTA_CHOU_Tien_Chen_Fuzhou_Open_2019_Finals\clear\set1_rally16_ball13.0.npy
Kento_MOMOTA_CHOU_Tien_Chen_Fuzhou_Open_2019_Finals,data\clips_cropped_multi\Kento_MOMOTA_CHOU_Tien_Chen_Fuzhou_Open_2019_Finals\clear\set1_rally16_ball14.0.mp4,clear,OK,1.0,1.0,data\pose_features_multi\Kento_MOMOTA_CHOU_Tien_Chen_Fuzhou_Open_2019_Finals\clear\set1_rally16_ball14.0.npy
Kento_MOMOTA_CHOU_Tien_Chen_Fuzhou_Open_2019_Finals,data\clips_cropped_multi\Kento_MOMOTA_CHOU_Tien_Chen_Fuzhou_Open_2019_Finals\clear\set1_rally16_ball17.0.mp4,clear,OK,1.0,0.821,data\pose_features_multi\Kento_MOMOTA_CHOU_Tien_Chen_Fuzhou_Open_2019_Finals\clear\set1_rally16_ball17.0.npy
Kento_MOMOTA_CHOU_Tien_Chen_Fuzhou_Open_2019_Finals,data\clips_cropped_multi\Kento_MOMOTA_CHOU_Tien_Chen_Fuzhou_Open_2019_Finals\clear\set1_rally16_ball27.0.mp4,clear,OK,1.0,0.786,data\pose_features_multi\Kento_MOMOTA_CHOU_Tien_Chen_Fuzhou_Open_2019_Finals\clear\set1_rally16_ball27.0.npy
Kento_MOMOTA_CHOU_Tien_Chen_Fuzhou_Open_2019_Finals,data\clips_cropped_multi\Kento_MOMOTA_CHOU_Tien_Chen_Fuzhou_Open_2019_Finals\clear\set1_rally16_ball32.0.mp4,clear,OK,1.0,1.0,data\pose_features_multi\Kento_MOMOTA_CHOU_Tien_Chen_Fuzhou_Open_2019_Finals\clear\set1_rally16_ball32.0.npy
Kento_MOMOTA_CHOU_Tien_Chen_Fuzhou_Open_2019_Finals,data\clips_cropped_multi\Kento_MOMOTA_CHOU_Tien_Chen_Fuzhou_Open_2019_Finals\clear\set1_rally16_ball8.0.mp4,clear,OK,1.0,1.0,data\pose_features_multi\Kento_MOMOTA_CHOU_Tien_Chen_Fuzhou_Open_2019_Finals\clear\set1_rally16_ball8.0.npy
Kento_MOMOTA_CHOU_Tien_Chen_Fuzhou_Open_2019_Finals,data\clips_cropped_multi\Kento_MOMOTA_CHOU_Tien_Chen_Fuzhou_Open_2019_Finals\clear\set1_rally17_ball3.0.mp4,clear,OK,1.0,1.0,data\pose_features_multi\Kento_MOMOTA_CHOU_Tien_Chen_Fuzhou_Open_2019_Finals\clear\set1_rally17_ball3.0.npy
Kento_MOMOTA_CHOU_Tien_Chen_Fuzhou_Open_2019_Finals,data\clips_cropped_multi\Kento_MOMOTA_CHOU_Tien_Chen_Fuzhou_Open_2019_Finals\clear\set1_rally17_ball8.0.mp4,clear,OK,0.946,0.839,data\pose_features_multi\Kento_MOMOTA_CHOU_Tien_Chen_Fuzhou_Open_2019_Finals\clear\set1_rally17_ball8.0.npy
Kento_MOMOTA_CHOU_Tien_Chen_Fuzhou_Open_2019_Finals,data\clips_cropped_multi\Kento_MOMOTA_CHOU_Tien_Chen_Fuzhou_Open_2019_Finals\clear\set1_rally18_ball11.0.mp4,clear,OK,1.0,1.0,data\pose_features_multi\Kento_MOMOTA_CHOU_Tien_Chen_Fuzhou_Open_2019_Finals\clear\set1_rally18_ball11.0.npy
Kento_MOMOTA_CHOU_Tien_Chen_Fuzhou_Open_2019_Finals,data\clips_cropped_multi\Kento_MOMOTA_CHOU_Tien_Chen_Fuzhou_Open_2019_Finals\clear\set1_rally18_ball12.0.mp4,clear,OK,1.0,0.964,data\pose_features_multi\Kento_MOMOTA_CHOU_Tien_Chen_Fuzhou_Open_2019_Finals\clear\set1_rally18_ball12.0.npy
Kento_MOMOTA_CHOU_Tien_Chen_Fuzhou_Open_2019_Finals,data\clips_cropped_multi\Kento_MOMOTA_CHOU_Tien_Chen_Fuzhou_Open_2019_Finals\clear\set1_rally18_ball13.0.mp4,clear,OK,1.0,1.0,data\pose_features_multi\Kento_MOMOTA_CHOU_Tien_Chen_Fuzhou_Open_2019_Finals\clear\set1_rally18_ball13.0.npy
Kento_MOMOTA_CHOU_Tien_Chen_Fuzhou_Open_2019_Finals,data\clips_cropped_multi\Kento_MOMOTA_CHOU_Tien_Chen_Fuzhou_Open_2019_Finals\clear\set1_rally18_ball17.0.mp4,clear,OK,0.964,0.964,data\pose_features_multi\Kento_MOMOTA_CHOU_Tien_Chen_Fuzhou_Open_2019_Finals\clear\set1_rally18_ball17.0.npy
Kento_MOMOTA_CHOU_Tien_Chen_Fuzhou_Open_2019_Finals,data\clips_cropped_multi\Kento_MOMOTA_CHOU_Tien_Chen_Fuzhou_Open_2019_Finals\clear\set1_rally18_ball3.0.mp4,clear,OK,1.0,1.0,data\pose_features_multi\Kento_MOMOTA_CHOU_Tien_Chen_Fuzhou_Open_2019_Finals\clear\set1_rally18_ball3.0.npy
Kento_MOMOTA_CHOU_Tien_Chen_Fuzhou_Open_2019_Finals,data\clips_cropped_multi\Kento_MOMOTA_CHOU_Tien_Chen_Fuzhou_Open_2019_Finals\clear\set1_rally19_ball4.0.mp4,clear,OK,1.0,0.5,data\pose_features_multi\Kento_MOMOTA_CHOU_Tien_Chen_Fuzhou_Open_2019_Finals\clear\set1_rally19_ball4.0.npy
Kento_MOMOTA_CHOU_Tien_Chen_Fuzhou_Open_2019_Finals,data\clips_cropped_multi\Kento_MOMOTA_CHOU_Tien_Chen_Fuzhou_Open_2019_Finals\clear\set1_rally19_ball5.0.mp4,clear,OK,1.0,1.0,data\pose_features_multi\Kento_MOMOTA_CHOU_Tien_Chen_Fuzhou_Open_2019_Finals\clear\set1_rally19_ball5.0.npy
Kento_MOMOTA_CHOU_Tien_Chen_Fuzhou_Open_2019_Finals,data\clips_cropped_multi\Kento_MOMOTA_CHOU_Tien_Chen_Fuzhou_Open_2019_Finals\clear\set1_rally19_ball6.0.mp4,clear,OK,1.0,0.893,data\pose_features_multi\Kento_MOMOTA_CHOU_Tien_Chen_Fuzhou_Open_2019_Finals\clear\set1_rally19_ball6.0.npy
Kento_MOMOTA_CHOU_Tien_Chen_Fuzhou_Open_2019_Finals,data\clips_cropped_multi\Kento_MOMOTA_CHOU_Tien_Chen_Fuzhou_Open_2019_Finals\clear\set1_rally19_ball7.0.mp4,clear,OK,0.768,0.768,data\pose_features_multi\Kento_MOMOTA_CHOU_Tien_Chen_Fuzhou_Open_2019_Finals\clear\set1_rally19_ball7.0.npy
Kento_MOMOTA_CHOU_Tien_Chen_Fuzhou_Open_2019_Finals,data\clips_cropped_multi\Kento_MOMOTA_CHOU_Tien_Chen_Fuzhou_Open_2019_Finals\clear\set1_rally1_ball2.0.mp4,clear,OK,1.0,1.0,data\pose_features_multi\Kento_MOMOTA_CHOU_Tien_Chen_Fuzhou_Open_2019_Finals\clear\set1_rally1_ball2.0.npy
Kento_MOMOTA_CHOU_Tien_Chen_Fuzhou_Open_2019_Finals,data\clips_cropped_multi\Kento_MOMOTA_CHOU_Tien_Chen_Fuzhou_Open_2019_Finals\clear\set1_rally20_ball2.0.mp4,clear,OK,0.714,0.714,data\pose_features_multi\Kento_MOMOTA_CHOU_Tien_Chen_Fuzhou_Open_2019_Finals\clear\set1_rally20_ball2.0.npy
Kento_MOMOTA_CHOU_Tien_Chen_Fuzhou_Open_2019_Finals,data\clips_cropped_multi\Kento_MOMOTA_CHOU_Tien_Chen_Fuzhou_Open_2019_Finals\clear\set1_rally22_ball10.0.mp4,clear,OK,1.0,1.0,data\pose_features_multi\Kento_MOMOTA_CHOU_Tien_Chen_Fuzhou_Open_2019_Finals\clear\set1_rally22_ball10.0.npy
Kento_MOMOTA_CHOU_Tien_Chen_Fuzhou_Open_2019_Finals,data\clips_cropped_multi\Kento_MOMOTA_CHOU_Tien_Chen_Fuzhou_Open_2019_Finals\clear\set1_rally23_ball4.0.mp4,clear,OK,1.0,1.0,data\pose_features_multi\Kento_MOMOTA_CHOU_Tien_Chen_Fuzhou_Open_2019_Finals\clear\set1_rally23_ball4.0.npy
Kento_MOMOTA_CHOU_Tien_Chen_Fuzhou_Open_2019_Finals,data\clips_cropped_multi\Kento_MOMOTA_CHOU_Tien_Chen_Fuzhou_Open_2019_Finals\clear\set1_rally24_ball11.0.mp4,clear,OK,1.0,1.0,data\pose_features_multi\Kento_MOMOTA_CHOU_Tien_Chen_Fuzhou_Open_2019_Finals\clear\set1_rally24_ball11.0.npy
Kento_MOMOTA_CHOU_Tien_Chen_Fuzhou_Open_2019_Finals,data\clips_cropped_multi\Kento_MOMOTA_CHOU_Tien_Chen_Fuzhou_Open_2019_Finals\clear\set1_rally24_ball12.0.mp4,clear,OK,1.0,1.0,data\pose_features_multi\Kento_MOMOTA_CHOU_Tien_Chen_Fuzhou_Open_2019_Finals\clear\set1_rally24_ball12.0.npy
Kento_MOMOTA_CHOU_Tien_Chen_Fuzhou_Open_2019_Finals,data\clips_cropped_multi\Kento_MOMOTA_CHOU_Tien_Chen_Fuzhou_Open_2019_Finals\clear\set1_rally24_ball13.0.mp4,clear,OK,1.0,0.821,data\pose_features_multi\Kento_MOMOTA_CHOU_Tien_Chen_Fuzhou_Open_2019_Finals\clear\set1_rally24_ball13.0.npy
Kento_MOMOTA_CHOU_Tien_Chen_Fuzhou_Open_2019_Finals,data\clips_cropped_multi\Kento_MOMOTA_CHOU_Tien_Chen_Fuzhou_Open_2019_Finals\clear\set1_rally24_ball14.0.mp4,clear,OK,1.0,1.0,data\pose_features_multi\Kento_MOMOTA_CHOU_Tien_Chen_Fuzhou_Open_2019_Finals\clear\set1_rally24_ball14.0.npy
Kento_MOMOTA_CHOU_Tien_Chen_Fuzhou_Open_2019_Finals,data\clips_cropped_multi\Kento_MOMOTA_CHOU_Tien_Chen_Fuzhou_Open_2019_Finals\clear\set1_rally24_ball17.0.mp4,clear,OK,1.0,0.625,data\pose_features_multi\Kento_MOMOTA_CHOU_Tien_Chen_Fuzhou_Open_2019_Finals\clear\set1_rally24_ball17.0.npy
Kento_MOMOTA_CHOU_Tien_Chen_Fuzhou_Open_2019_Finals,data\clips_cropped_multi\Kento_MOMOTA_CHOU_Tien_Chen_Fuzhou_Open_2019_Finals\clear\set1_rally24_ball3.0.mp4,clear,OK,1.0,1.0,data\pose_features_multi\Kento_MOMOTA_CHOU_Tien_Chen_Fuzhou_Open_2019_Finals\clear\set1_rally24_ball3.0.npy
Kento_MOMOTA_CHOU_Tien_Chen_Fuzhou_Open_2019_Finals,data\clips_cropped_multi\Kento_MOMOTA_CHOU_Tien_Chen_Fuzhou_Open_2019_Finals\clear\set1_rally24_ball7.0.mp4,clear,OK,1.0,0.875,data\pose_features_multi\Kento_MOMOTA_CHOU_Tien_Chen_Fuzhou_Open_2019_Finals\clear\set1_rally24_ball7.0.npy
Kento_MOMOTA_CHOU_Tien_Chen_Fuzhou_Open_2019_Finals,data\clips_cropped_multi\Kento_MOMOTA_CHOU_Tien_Chen_Fuzhou_Open_2019_Finals\clear\set1_rally27_ball10.0.mp4,clear,OK,1.0,1.0,data\pose_features_multi\Kento_MOMOTA_CHOU_Tien_Chen_Fuzhou_Open_2019_Finals\clear\set1_rally27_ball10.0.npy
Kento_MOMOTA_CHOU_Tien_Chen_Fuzhou_Open_2019_Finals,data\clips_cropped_multi\Kento_MOMOTA_CHOU_Tien_Chen_Fuzhou_Open_2019_Finals\clear\set1_rally27_ball14.0.mp4,clear,OK,1.0,0.875,data\pose_features_multi\Kento_MOMOTA_CHOU_Tien_Chen_Fuzhou_Open_2019_Finals\clear\set1_rally27_ball14.0.npy
Kento_MOMOTA_CHOU_Tien_Chen_Fuzhou_Open_2019_Finals,data\clips_cropped_multi\Kento_MOMOTA_CHOU_Tien_Chen_Fuzhou_Open_2019_Finals\clear\set1_rally27_ball15.0.mp4,clear,OK,1.0,0.875,data\pose_features_multi\Kento_MOMOTA_CHOU_Tien_Chen_Fuzhou_Open_2019_Finals\clear\set1_rally27_ball15.0.npy
Kento_MOMOTA_CHOU_Tien_Chen_Fuzhou_Open_2019_Finals,data\clips_cropped_multi\Kento_MOMOTA_CHOU_Tien_Chen_Fuzhou_Open_2019_Finals\clear\set1_rally27_ball16.0.mp4,clear,OK,1.0,1.0,data\pose_features_multi\Kento_MOMOTA_CHOU_Tien_Chen_Fuzhou_Open_2019_Finals\clear\set1_rally27_ball16.0.npy
Kento_MOMOTA_CHOU_Tien_Chen_Fuzhou_Open_2019_Finals,data\clips_cropped_multi\Kento_MOMOTA_CHOU_Tien_Chen_Fuzhou_Open_2019_Finals\clear\set1_rally27_ball21.0.mp4,clear,OK,1.0,1.0,data\pose_features_multi\Kento_MOMOTA_CHOU_Tien_Chen_Fuzhou_Open_2019_Finals\clear\set1_rally27_ball21.0.npy
Kento_MOMOTA_CHOU_Tien_Chen_Fuzhou_Open_2019_Finals,data\clips_cropped_multi\Kento_MOMOTA_CHOU_Tien_Chen_Fuzhou_Open_2019_Finals\clear\set1_rally27_ball30.0.mp4,clear,OK,1.0,1.0,data\pose_features_multi\Kento_MOMOTA_CHOU_Tien_Chen_Fuzhou_Open_2019_Finals\clear\set1_rally27_ball30.0.npy
Kento_MOMOTA_CHOU_Tien_Chen_Fuzhou_Open_2019_Finals,data\clips_cropped_multi\Kento_MOMOTA_CHOU_Tien_Chen_Fuzhou_Open_2019_Finals\clear\set1_rally27_ball34.0.mp4,clear,OK,0.929,0.929,data\pose_features_multi\Kento_MOMOTA_CHOU_Tien_Chen_Fuzhou_Open_2019_Finals\clear\set1_rally27_ball34.0.npy
Kento_MOMOTA_CHOU_Tien_Chen_Fuzhou_Open_2019_Finals,data\clips_cropped_multi\Kento_MOMOTA_CHOU_Tien_Chen_Fuzhou_Open_2019_Finals\clear\set1_rally27_ball35.0.mp4,clear,OK,1.0,0.911,data\pose_features_multi\Kento_MOMOTA_CHOU_Tien_Chen_Fuzhou_Open_2019_Finals\clear\set1_rally27_ball35.0.npy
Kento_MOMOTA_CHOU_Tien_Chen_Fuzhou_Open_2019_Finals,data\clips_cropped_multi\Kento_MOMOTA_CHOU_Tien_Chen_Fuzhou_Open_2019_Finals\clear\set1_rally27_ball36.0.mp4,clear,OK,1.0,1.0,data\pose_features_multi\Kento_MOMOTA_CHOU_Tien_Chen_Fuzhou_Open_2019_Finals\clear\set1_rally27_ball36.0.npy
Kento_MOMOTA_CHOU_Tien_Chen_Fuzhou_Open_2019_Finals,data\clips_cropped_multi\Kento_MOMOTA_CHOU_Tien_Chen_Fuzhou_Open_2019_Finals\clear\set1_rally27_ball44.0.mp4,clear,OK,1.0,1.0,data\pose_features_multi\Kento_MOMOTA_CHOU_Tien_Chen_Fuzhou_Open_2019_Finals\clear\set1_rally27_ball44.0.npy
Kento_MOMOTA_CHOU_Tien_Chen_Fuzhou_Open_2019_Finals,data\clips_cropped_multi\Kento_MOMOTA_CHOU_Tien_Chen_Fuzhou_Open_2019_Finals\clear\set1_rally28_ball4.0.mp4,clear,OK,1.0,1.0,data\pose_features_multi\Kento_MOMOTA_CHOU_Tien_Chen_Fuzhou_Open_2019_Finals\clear\set1_rally28_ball4.0.npy
Kento_MOMOTA_CHOU_Tien_Chen_Fuzhou_Open_2019_Finals,data\clips_cropped_multi\Kento_MOMOTA_CHOU_Tien_Chen_Fuzhou_Open_2019_Finals\clear\set1_rally29_ball15.0.mp4,clear,OK,1.0,1.0,data\pose_features_multi\Kento_MOMOTA_CHOU_Tien_Chen_Fuzhou_Open_2019_Finals\clear\set1_rally29_ball15.0.npy
Kento_MOMOTA_CHOU_Tien_Chen_Fuzhou_Open_2019_Finals,data\clips_cropped_multi\Kento_MOMOTA_CHOU_Tien_Chen_Fuzhou_Open_2019_Finals\clear\set1_rally30_ball17.0.mp4,clear,POSE_INSUFFICIENT,0.339,0.036,data\pose_features_multi\Kento_MOMOTA_CHOU_Tien_Chen_Fuzhou_Open_2019_Finals\clear\set1_rally30_ball17.0.npy
Kento_MOMOTA_CHOU_Tien_Chen_Fuzhou_Open_2019_Finals,data\clips_cropped_multi\Kento_MOMOTA_CHOU_Tien_Chen_Fuzhou_Open_2019_Finals\clear\set1_rally30_ball18.0.mp4,clear,OK,1.0,0.893,data\pose_features_multi\Kento_MOMOTA_CHOU_Tien_Chen_Fuzhou_Open_2019_Finals\clear\set1_rally30_ball18.0.npy
Kento_MOMOTA_CHOU_Tien_Chen_Fuzhou_Open_2019_Finals,data\clips_cropped_multi\Kento_MOMOTA_CHOU_Tien_Chen_Fuzhou_Open_2019_Finals\clear\set1_rally30_ball22.0.mp4,clear,OK,0.911,0.696,data\pose_features_multi\Kento_MOMOTA_CHOU_Tien_Chen_Fuzhou_Open_2019_Finals\clear\set1_rally30_ball22.0.npy
Kento_MOMOTA_CHOU_Tien_Chen_Fuzhou_Open_2019_Finals,data\clips_cropped_multi\Kento_MOMOTA_CHOU_Tien_Chen_Fuzhou_Open_2019_Finals\clear\set1_rally30_ball23.0.mp4,clear,OK,0.929,0.804,data\pose_features_multi\Kento_MOMOTA_CHOU_Tien_Chen_Fuzhou_Open_2019_Finals\clear\set1_rally30_ball23.0.npy
Kento_MOMOTA_CHOU_Tien_Chen_Fuzhou_Open_2019_Finals,data\clips_cropped_multi\Kento_MOMOTA_CHOU_Tien_Chen_Fuzhou_Open_2019_Finals\clear\set1_rally32_ball3.0.mp4,clear,OK,1.0,0.679,data\pose_features_multi\Kento_MOMOTA_CHOU_Tien_Chen_Fuzhou_Open_2019_Finals\clear\set1_rally32_ball3.0.npy
Kento_MOMOTA_CHOU_Tien_Chen_Fuzhou_Open_2019_Finals,data\clips_cropped_multi\Kento_MOMOTA_CHOU_Tien_Chen_Fuzhou_Open_2019_Finals\clear\set1_rally32_ball7.0.mp4,clear,OK,1.0,0.786,data\pose_features_multi\Kento_MOMOTA_CHOU_Tien_Chen_Fuzhou_Open_2019_Finals\clear\set1_rally32_ball7.0.npy
Kento_MOMOTA_CHOU_Tien_Chen_Fuzhou_Open_2019_Finals,data\clips_cropped_multi\Kento_MOMOTA_CHOU_Tien_Chen_Fuzhou_Open_2019_Finals\clear\set1_rally33_ball3.0.mp4,clear,OK,1.0,0.946,data\pose_features_multi\Kento_MOMOTA_CHOU_Tien_Chen_Fuzhou_Open_2019_Finals\clear\set1_rally33_ball3.0.npy
Kento_MOMOTA_CHOU_Tien_Chen_Fuzhou_Open_2019_Finals,data\clips_cropped_multi\Kento_MOMOTA_CHOU_Tien_Chen_Fuzhou_Open_2019_Finals\clear\set1_rally34_ball3.0.mp4,clear,OK,1.0,1.0,data\pose_features_multi\Kento_MOMOTA_CHOU_Tien_Chen_Fuzhou_Open_2019_Finals\clear\set1_rally34_ball3.0.npy
Kento_MOMOTA_CHOU_Tien_Chen_Fuzhou_Open_2019_Finals,data\clips_cropped_multi\Kento_MOMOTA_CHOU_Tien_Chen_Fuzhou_Open_2019_Finals\clear\set1_rally35_ball2.0.mp4,clear,OK,0.714,0.446,data\pose_features_multi\Kento_MOMOTA_CHOU_Tien_Chen_Fuzhou_Open_2019_Finals\clear\set1_rally35_ball2.0.npy
Kento_MOMOTA_CHOU_Tien_Chen_Fuzhou_Open_2019_Finals,data\clips_cropped_multi\Kento_MOMOTA_CHOU_Tien_Chen_Fuzhou_Open_2019_Finals\clear\set1_rally36_ball14.0.mp4,clear,OK,1.0,1.0,data\pose_features_multi\Kento_MOMOTA_CHOU_Tien_Chen_Fuzhou_Open_2019_Finals\clear\set1_rally36_ball14.0.npy
Kento_MOMOTA_CHOU_Tien_Chen_Fuzhou_Open_2019_Finals,data\clips_cropped_multi\Kento_MOMOTA_CHOU_Tien_Chen_Fuzhou_Open_2019_Finals\clear\set1_rally36_ball6.0.mp4,clear,OK,1.0,0.643,data\pose_features_multi\Kento_MOMOTA_CHOU_Tien_Chen_Fuzhou_Open_2019_Finals\clear\set1_rally36_ball6.0.npy
Kento_MOMOTA_CHOU_Tien_Chen_Fuzhou_Open_2019_Finals,data\clips_cropped_multi\Kento_MOMOTA_CHOU_Tien_Chen_Fuzhou_Open_2019_Finals\clear\set1_rally36_ball7.0.mp4,clear,OK,1.0,1.0,data\pose_features_multi\Kento_MOMOTA_CHOU_Tien_Chen_Fuzhou_Open_2019_Finals\clear\set1_rally36_ball7.0.npy
Kento_MOMOTA_CHOU_Tien_Chen_Fuzhou_Open_2019_Finals,data\clips_cropped_multi\Kento_MOMOTA_CHOU_Tien_Chen_Fuzhou_Open_2019_Finals\clear\set1_rally3_ball18.0.mp4,clear,OK,0.857,0.857,data\pose_features_multi\Kento_MOMOTA_CHOU_Tien_Chen_Fuzhou_Open_2019_Finals\clear\set1_rally3_ball18.0.npy
Kento_MOMOTA_CHOU_Tien_Chen_Fuzhou_Open_2019_Finals,data\clips_cropped_multi\Kento_MOMOTA_CHOU_Tien_Chen_Fuzhou_Open_2019_Finals\clear\set1_rally3_ball19.0.mp4,clear,OK,1.0,0.839,data\pose_features_multi\Kento_MOMOTA_CHOU_Tien_Chen_Fuzhou_Open_2019_Finals\clear\set1_rally3_ball19.0.npy
Kento_MOMOTA_CHOU_Tien_Chen_Fuzhou_Open_2019_Finals,data\clips_cropped_multi\Kento_MOMOTA_CHOU_Tien_Chen_Fuzhou_Open_2019_Finals\clear\set1_rally3_ball23.0.mp4,clear,OK,1.0,1.0,data\pose_features_multi\Kento_MOMOTA_CHOU_Tien_Chen_Fuzhou_Open_2019_Finals\clear\set1_rally3_ball23.0.npy
Kento_MOMOTA_CHOU_Tien_Chen_Fuzhou_Open_2019_Finals,data\clips_cropped_multi\Kento_MOMOTA_CHOU_Tien_Chen_Fuzhou_Open_2019_Finals\clear\set1_rally5_ball11.0.mp4,clear,OK,1.0,1.0,data\pose_features_multi\Kento_MOMOTA_CHOU_Tien_Chen_Fuzhou_Open_2019_Finals\clear\set1_rally5_ball11.0.npy
Kento_MOMOTA_CHOU_Tien_Chen_Fuzhou_Open_2019_Finals,data\clips_cropped_multi\Kento_MOMOTA_CHOU_Tien_Chen_Fuzhou_Open_2019_Finals\clear\set1_rally5_ball7.0.mp4,clear,OK,1.0,0.964,data\pose_features_multi\Kento_MOMOTA_CHOU_Tien_Chen_Fuzhou_Open_2019_Finals\clear\set1_rally5_ball7.0.npy
Kento_MOMOTA_CHOU_Tien_Chen_Fuzhou_Open_2019_Finals,data\clips_cropped_multi\Kento_MOMOTA_CHOU_Tien_Chen_Fuzhou_Open_2019_Finals\clear\set1_rally9_ball12.0.mp4,clear,OK,1.0,1.0,data\pose_features_multi\Kento_MOMOTA_CHOU_Tien_Chen_Fuzhou_Open_2019_Finals\clear\set1_rally9_ball12.0.npy
Kento_MOMOTA_CHOU_Tien_Chen_Fuzhou_Open_2019_Finals,data\clips_cropped_multi\Kento_MOMOTA_CHOU_Tien_Chen_Fuzhou_Open_2019_Finals\clear\set1_rally9_ball18.0.mp4,clear,OK,0.786,0.786,data\pose_features_multi\Kento_MOMOTA_CHOU_Tien_Chen_Fuzhou_Open_2019_Finals\clear\set1_rally9_ball18.0.npy
Kento_MOMOTA_CHOU_Tien_Chen_Fuzhou_Open_2019_Finals,data\clips_cropped_multi\Kento_MOMOTA_CHOU_Tien_Chen_Fuzhou_Open_2019_Finals\clear\set1_rally9_ball8.0.mp4,clear,OK,1.0,1.0,data\pose_features_multi\Kento_MOMOTA_CHOU_Tien_Chen_Fuzhou_Open_2019_Finals\clear\set1_rally9_ball8.0.npy
Kento_MOMOTA_CHOU_Tien_Chen_Fuzhou_Open_2019_Finals,data\clips_cropped_multi\Kento_MOMOTA_CHOU_Tien_Chen_Fuzhou_Open_2019_Finals\clear\set2_rally10_ball11.0.mp4,clear,OK,1.0,1.0,data\pose_features_multi\Kento_MOMOTA_CHOU_Tien_Chen_Fuzhou_Open_2019_Finals\clear\set2_rally10_ball11.0.npy
Kento_MOMOTA_CHOU_Tien_Chen_Fuzhou_Open_2019_Finals,data\clips_cropped_multi\Kento_MOMOTA_CHOU_Tien_Chen_Fuzhou_Open_2019_Finals\clear\set2_rally10_ball6.0.mp4,clear,OK,1.0,1.0,data\pose_features_multi\Kento_MOMOTA_CHOU_Tien_Chen_Fuzhou_Open_2019_Finals\clear\set2_rally10_ball6.0.npy
Kento_MOMOTA_CHOU_Tien_Chen_Fuzhou_Open_2019_Finals,data\clips_cropped_multi\Kento_MOMOTA_CHOU_Tien_Chen_Fuzhou_Open_2019_Finals\clear\set2_rally10_ball7.0.mp4,clear,OK,1.0,1.0,data\pose_features_multi\Kento_MOMOTA_CHOU_Tien_Chen_Fuzhou_Open_2019_Finals\clear\set2_rally10_ball7.0.npy
Kento_MOMOTA_CHOU_Tien_Chen_Fuzhou_Open_2019_Finals,data\clips_cropped_multi\Kento_MOMOTA_CHOU_Tien_Chen_Fuzhou_Open_2019_Finals\clear\set2_rally11_ball10.0.mp4,clear,OK,0.929,0.929,data\pose_features_multi\Kento_MOMOTA_CHOU_Tien_Chen_Fuzhou_Open_2019_Finals\clear\set2_rally11_ball10.0.npy
Kento_MOMOTA_CHOU_Tien_Chen_Fuzhou_Open_2019_Finals,data\clips_cropped_multi\Kento_MOMOTA_CHOU_Tien_Chen_Fuzhou_Open_2019_Finals\clear\set2_rally12_ball2.0.mp4,clear,OK,0.839,0.839,data\pose_features_multi\Kento_MOMOTA_CHOU_Tien_Chen_Fuzhou_Open_2019_Finals\clear\set2_rally12_ball2.0.npy
Kento_MOMOTA_CHOU_Tien_Chen_Fuzhou_Open_2019_Finals,data\clips_cropped_multi\Kento_MOMOTA_CHOU_Tien_Chen_Fuzhou_Open_2019_Finals\clear\set2_rally12_ball8.0.mp4,clear,OK,1.0,1.0,data\pose_features_multi\Kento_MOMOTA_CHOU_Tien_Chen_Fuzhou_Open_2019_Finals\clear\set2_rally12_ball8.0.npy
Kento_MOMOTA_CHOU_Tien_Chen_Fuzhou_Open_2019_Finals,data\clips_cropped_multi\Kento_MOMOTA_CHOU_Tien_Chen_Fuzhou_Open_2019_Finals\clear\set2_rally14_ball3.0.mp4,clear,OK,1.0,1.0,data\pose_features_multi\Kento_MOMOTA_CHOU_Tien_Chen_Fuzhou_Open_2019_Finals\clear\set2_rally14_ball3.0.npy
Kento_MOMOTA_CHOU_Tien_Chen_Fuzhou_Open_2019_Finals,data\clips_cropped_multi\Kento_MOMOTA_CHOU_Tien_Chen_Fuzhou_Open_2019_Finals\clear\set2_rally15_ball10.0.mp4,clear,OK,1.0,1.0,data\pose_features_multi\Kento_MOMOTA_CHOU_Tien_Chen_Fuzhou_Open_2019_Finals\clear\set2_rally15_ball10.0.npy
Kento_MOMOTA_CHOU_Tien_Chen_Fuzhou_Open_2019_Finals,data\clips_cropped_multi\Kento_MOMOTA_CHOU_Tien_Chen_Fuzhou_Open_2019_Finals\clear\set2_rally16_ball10.0.mp4,clear,OK,1.0,1.0,data\pose_features_multi\Kento_MOMOTA_CHOU_Tien_Chen_Fuzhou_Open_2019_Finals\clear\set2_rally16_ball10.0.npy
Kento_MOMOTA_CHOU_Tien_Chen_Fuzhou_Open_2019_Finals,data\clips_cropped_multi\Kento_MOMOTA_CHOU_Tien_Chen_Fuzhou_Open_2019_Finals\clear\set2_rally16_ball5.0.mp4,clear,OK,1.0,0.982,data\pose_features_multi\Kento_MOMOTA_CHOU_Tien_Chen_Fuzhou_Open_2019_Finals\clear\set2_rally16_ball5.0.npy
Kento_MOMOTA_CHOU_Tien_Chen_Fuzhou_Open_2019_Finals,data\clips_cropped_multi\Kento_MOMOTA_CHOU_Tien_Chen_Fuzhou_Open_2019_Finals\clear\set2_rally16_ball9.0.mp4,clear,OK,1.0,0.839,data\pose_features_multi\Kento_MOMOTA_CHOU_Tien_Chen_Fuzhou_Open_2019_Finals\clear\set2_rally16_ball9.0.npy
Kento_MOMOTA_CHOU_Tien_Chen_Fuzhou_Open_2019_Finals,data\clips_cropped_multi\Kento_MOMOTA_CHOU_Tien_Chen_Fuzhou_Open_2019_Finals\clear\set2_rally19_ball13.0.mp4,clear,OK,1.0,1.0,data\pose_features_multi\Kento_MOMOTA_CHOU_Tien_Chen_Fuzhou_Open_2019_Finals\clear\set2_rally19_ball13.0.npy
Kento_MOMOTA_CHOU_Tien_Chen_Fuzhou_Open_2019_Finals,data\clips_cropped_multi\Kento_MOMOTA_CHOU_Tien_Chen_Fuzhou_Open_2019_Finals\clear\set2_rally19_ball14.0.mp4,clear,OK,1.0,1.0,data\pose_features_multi\Kento_MOMOTA_CHOU_Tien_Chen_Fuzhou_Open_2019_Finals\clear\set2_rally19_ball14.0.npy
Kento_MOMOTA_CHOU_Tien_Chen_Fuzhou_Open_2019_Finals,data\clips_cropped_multi\Kento_MOMOTA_CHOU_Tien_Chen_Fuzhou_Open_2019_Finals\clear\set2_rally19_ball15.0.mp4,clear,OK,0.946,0.946,data\pose_features_multi\Kento_MOMOTA_CHOU_Tien_Chen_Fuzhou_Open_2019_Finals\clear\set2_rally19_ball15.0.npy
Kento_MOMOTA_CHOU_Tien_Chen_Fuzhou_Open_2019_Finals,data\clips_cropped_multi\Kento_MOMOTA_CHOU_Tien_Chen_Fuzhou_Open_2019_Finals\clear\set2_rally19_ball3.0.mp4,clear,OK,1.0,1.0,data\pose_features_multi\Kento_MOMOTA_CHOU_Tien_Chen_Fuzhou_Open_2019_Finals\clear\set2_rally19_ball3.0.npy
Kento_MOMOTA_CHOU_Tien_Chen_Fuzhou_Open_2019_Finals,data\clips_cropped_multi\Kento_MOMOTA_CHOU_Tien_Chen_Fuzhou_Open_2019_Finals\clear\set2_rally19_ball9.0.mp4,clear,OK,1.0,1.0,data\pose_features_multi\Kento_MOMOTA_CHOU_Tien_Chen_Fuzhou_Open_2019_Finals\clear\set2_rally19_ball9.0.npy
Kento_MOMOTA_CHOU_Tien_Chen_Fuzhou_Open_2019_Finals,data\clips_cropped_multi\Kento_MOMOTA_CHOU_Tien_Chen_Fuzhou_Open_2019_Finals\clear\set2_rally1_ball3.0.mp4,clear,OK,1.0,1.0,data\pose_features_multi\Kento_MOMOTA_CHOU_Tien_Chen_Fuzhou_Open_2019_Finals\clear\set2_rally1_ball3.0.npy
Kento_MOMOTA_CHOU_Tien_Chen_Fuzhou_Open_2019_Finals,data\clips_cropped_multi\Kento_MOMOTA_CHOU_Tien_Chen_Fuzhou_Open_2019_Finals\clear\set2_rally21_ball3.0.mp4,clear,OK,1.0,1.0,data\pose_features_multi\Kento_MOMOTA_CHOU_Tien_Chen_Fuzhou_Open_2019_Finals\clear\set2_rally21_ball3.0.npy
Kento_MOMOTA_CHOU_Tien_Chen_Fuzhou_Open_2019_Finals,data\clips_cropped_multi\Kento_MOMOTA_CHOU_Tien_Chen_Fuzhou_Open_2019_Finals\clear\set2_rally21_ball4.0.mp4,clear,OK,1.0,0.929,data\pose_features_multi\Kento_MOMOTA_CHOU_Tien_Chen_Fuzhou_Open_2019_Finals\clear\set2_rally21_ball4.0.npy
Kento_MOMOTA_CHOU_Tien_Chen_Fuzhou_Open_2019_Finals,data\clips_cropped_multi\Kento_MOMOTA_CHOU_Tien_Chen_Fuzhou_Open_2019_Finals\clear\set2_rally24_ball11.0.mp4,clear,OK,1.0,1.0,data\pose_features_multi\Kento_MOMOTA_CHOU_Tien_Chen_Fuzhou_Open_2019_Finals\clear\set2_rally24_ball11.0.npy
Kento_MOMOTA_CHOU_Tien_Chen_Fuzhou_Open_2019_Finals,data\clips_cropped_multi\Kento_MOMOTA_CHOU_Tien_Chen_Fuzhou_Open_2019_Finals\clear\set2_rally24_ball20.0.mp4,clear,OK,1.0,1.0,data\pose_features_multi\Kento_MOMOTA_CHOU_Tien_Chen_Fuzhou_Open_2019_Finals\clear\set2_rally24_ball20.0.npy
Kento_MOMOTA_CHOU_Tien_Chen_Fuzhou_Open_2019_Finals,data\clips_cropped_multi\Kento_MOMOTA_CHOU_Tien_Chen_Fuzhou_Open_2019_Finals\clear\set2_rally24_ball21.0.mp4,clear,OK,1.0,0.929,data\pose_features_multi\Kento_MOMOTA_CHOU_Tien_Chen_Fuzhou_Open_2019_Finals\clear\set2_rally24_ball21.0.npy
Kento_MOMOTA_CHOU_Tien_Chen_Fuzhou_Open_2019_Finals,data\clips_cropped_multi\Kento_MOMOTA_CHOU_Tien_Chen_Fuzhou_Open_2019_Finals\clear\set2_rally24_ball33.0.mp4,clear,OK,1.0,1.0,data\pose_features_multi\Kento_MOMOTA_CHOU_Tien_Chen_Fuzhou_Open_2019_Finals\clear\set2_rally24_ball33.0.npy
Kento_MOMOTA_CHOU_Tien_Chen_Fuzhou_Open_2019_Finals,data\clips_cropped_multi\Kento_MOMOTA_CHOU_Tien_Chen_Fuzhou_Open_2019_Finals\clear\set2_rally24_ball34.0.mp4,clear,OK,1.0,1.0,data\pose_features_multi\Kento_MOMOTA_CHOU_Tien_Chen_Fuzhou_Open_2019_Finals\clear\set2_rally24_ball34.0.npy
Kento_MOMOTA_CHOU_Tien_Chen_Fuzhou_Open_2019_Finals,data\clips_cropped_multi\Kento_MOMOTA_CHOU_Tien_Chen_Fuzhou_Open_2019_Finals\clear\set2_rally24_ball38.0.mp4,clear,OK,0.982,0.982,data\pose_features_multi\Kento_MOMOTA_CHOU_Tien_Chen_Fuzhou_Open_2019_Finals\clear\set2_rally24_ball38.0.npy
Kento_MOMOTA_CHOU_Tien_Chen_Fuzhou_Open_2019_Finals,data\clips_cropped_multi\Kento_MOMOTA_CHOU_Tien_Chen_Fuzhou_Open_2019_Finals\clear\set2_rally24_ball39.0.mp4,clear,OK,1.0,0.679,data\pose_features_multi\Kento_MOMOTA_CHOU_Tien_Chen_Fuzhou_Open_2019_Finals\clear\set2_rally24_ball39.0.npy
Kento_MOMOTA_CHOU_Tien_Chen_Fuzhou_Open_2019_Finals,data\clips_cropped_multi\Kento_MOMOTA_CHOU_Tien_Chen_Fuzhou_Open_2019_Finals\clear\set2_rally25_ball18.0.mp4,clear,OK,1.0,1.0,data\pose_features_multi\Kento_MOMOTA_CHOU_Tien_Chen_Fuzhou_Open_2019_Finals\clear\set2_rally25_ball18.0.npy
Kento_MOMOTA_CHOU_Tien_Chen_Fuzhou_Open_2019_Finals,data\clips_cropped_multi\Kento_MOMOTA_CHOU_Tien_Chen_Fuzhou_Open_2019_Finals\clear\set2_rally25_ball19.0.mp4,clear,OK,1.0,1.0,data\pose_features_multi\Kento_MOMOTA_CHOU_Tien_Chen_Fuzhou_Open_2019_Finals\clear\set2_rally25_ball19.0.npy
Kento_MOMOTA_CHOU_Tien_Chen_Fuzhou_Open_2019_Finals,data\clips_cropped_multi\Kento_MOMOTA_CHOU_Tien_Chen_Fuzhou_Open_2019_Finals\clear\set2_rally25_ball20.0.mp4,clear,OK,1.0,0.946,data\pose_features_multi\Kento_MOMOTA_CHOU_Tien_Chen_Fuzhou_Open_2019_Finals\clear\set2_rally25_ball20.0.npy
Kento_MOMOTA_CHOU_Tien_Chen_Fuzhou_Open_2019_Finals,data\clips_cropped_multi\Kento_MOMOTA_CHOU_Tien_Chen_Fuzhou_Open_2019_Finals\clear\set2_rally25_ball31.0.mp4,clear,OK,0.929,0.696,data\pose_features_multi\Kento_MOMOTA_CHOU_Tien_Chen_Fuzhou_Open_2019_Finals\clear\set2_rally25_ball31.0.npy
Kento_MOMOTA_CHOU_Tien_Chen_Fuzhou_Open_2019_Finals,data\clips_cropped_multi\Kento_MOMOTA_CHOU_Tien_Chen_Fuzhou_Open_2019_Finals\clear\set2_rally26_ball2.0.mp4,clear,POSE_INSUFFICIENT,0.339,0.25,data\pose_features_multi\Kento_MOMOTA_CHOU_Tien_Chen_Fuzhou_Open_2019_Finals\clear\set2_rally26_ball2.0.npy
Kento_MOMOTA_CHOU_Tien_Chen_Fuzhou_Open_2019_Finals,data\clips_cropped_multi\Kento_MOMOTA_CHOU_Tien_Chen_Fuzhou_Open_2019_Finals\clear\set2_rally26_ball5.0.mp4,clear,OK,1.0,0.911,data\pose_features_multi\Kento_MOMOTA_CHOU_Tien_Chen_Fuzhou_Open_2019_Finals\clear\set2_rally26_ball5.0.npy
Kento_MOMOTA_CHOU_Tien_Chen_Fuzhou_Open_2019_Finals,data\clips_cropped_multi\Kento_MOMOTA_CHOU_Tien_Chen_Fuzhou_Open_2019_Finals\clear\set2_rally26_ball6.0.mp4,clear,OK,1.0,1.0,data\pose_features_multi\Kento_MOMOTA_CHOU_Tien_Chen_Fuzhou_Open_2019_Finals\clear\set2_rally26_ball6.0.npy
Kento_MOMOTA_CHOU_Tien_Chen_Fuzhou_Open_2019_Finals,data\clips_cropped_multi\Kento_MOMOTA_CHOU_Tien_Chen_Fuzhou_Open_2019_Finals\clear\set2_rally27_ball2.0.mp4,clear,OK,0.929,0.929,data\pose_features_multi\Kento_MOMOTA_CHOU_Tien_Chen_Fuzhou_Open_2019_Finals\clear\set2_rally27_ball2.0.npy
Kento_MOMOTA_CHOU_Tien_Chen_Fuzhou_Open_2019_Finals,data\clips_cropped_multi\Kento_MOMOTA_CHOU_Tien_Chen_Fuzhou_Open_2019_Finals\clear\set2_rally27_ball3.0.mp4,clear,OK,1.0,0.857,data\pose_features_multi\Kento_MOMOTA_CHOU_Tien_Chen_Fuzhou_Open_2019_Finals\clear\set2_rally27_ball3.0.npy
Kento_MOMOTA_CHOU_Tien_Chen_Fuzhou_Open_2019_Finals,data\clips_cropped_multi\Kento_MOMOTA_CHOU_Tien_Chen_Fuzhou_Open_2019_Finals\clear\set2_rally27_ball7.0.mp4,clear,OK,1.0,0.786,data\pose_features_multi\Kento_MOMOTA_CHOU_Tien_Chen_Fuzhou_Open_2019_Finals\clear\set2_rally27_ball7.0.npy
Kento_MOMOTA_CHOU_Tien_Chen_Fuzhou_Open_2019_Finals,data\clips_cropped_multi\Kento_MOMOTA_CHOU_Tien_Chen_Fuzhou_Open_2019_Finals\clear\set2_rally28_ball15.0.mp4,clear,OK,1.0,1.0,data\pose_features_multi\Kento_MOMOTA_CHOU_Tien_Chen_Fuzhou_Open_2019_Finals\clear\set2_rally28_ball15.0.npy
Kento_MOMOTA_CHOU_Tien_Chen_Fuzhou_Open_2019_Finals,data\clips_cropped_multi\Kento_MOMOTA_CHOU_Tien_Chen_Fuzhou_Open_2019_Finals\clear\set2_rally28_ball19.0.mp4,clear,OK,1.0,1.0,data\pose_features_multi\Kento_MOMOTA_CHOU_Tien_Chen_Fuzhou_Open_2019_Finals\clear\set2_rally28_ball19.0.npy
Kento_MOMOTA_CHOU_Tien_Chen_Fuzhou_Open_2019_Finals,data\clips_cropped_multi\Kento_MOMOTA_CHOU_Tien_Chen_Fuzhou_Open_2019_Finals\clear\set2_rally28_ball20.0.mp4,clear,OK,1.0,0.946,data\pose_features_multi\Kento_MOMOTA_CHOU_Tien_Chen_Fuzhou_Open_2019_Finals\clear\set2_rally28_ball20.0.npy
Kento_MOMOTA_CHOU_Tien_Chen_Fuzhou_Open_2019_Finals,data\clips_cropped_multi\Kento_MOMOTA_CHOU_Tien_Chen_Fuzhou_Open_2019_Finals\clear\set2_rally28_ball23.0.mp4,clear,OK,0.964,0.964,data\pose_features_multi\Kento_MOMOTA_CHOU_Tien_Chen_Fuzhou_Open_2019_Finals\clear\set2_rally28_ball23.0.npy
Kento_MOMOTA_CHOU_Tien_Chen_Fuzhou_Open_2019_Finals,data\clips_cropped_multi\Kento_MOMOTA_CHOU_Tien_Chen_Fuzhou_Open_2019_Finals\clear\set2_rally28_ball28.0.mp4,clear,OK,1.0,0.911,data\pose_features_multi\Kento_MOMOTA_CHOU_Tien_Chen_Fuzhou_Open_2019_Finals\clear\set2_rally28_ball28.0.npy
Kento_MOMOTA_CHOU_Tien_Chen_Fuzhou_Open_2019_Finals,data\clips_cropped_multi\Kento_MOMOTA_CHOU_Tien_Chen_Fuzhou_Open_2019_Finals\clear\set2_rally28_ball33.0.mp4,clear,OK,1.0,1.0,data\pose_features_multi\Kento_MOMOTA_CHOU_Tien_Chen_Fuzhou_Open_2019_Finals\clear\set2_rally28_ball33.0.npy
Kento_MOMOTA_CHOU_Tien_Chen_Fuzhou_Open_2019_Finals,data\clips_cropped_multi\Kento_MOMOTA_CHOU_Tien_Chen_Fuzhou_Open_2019_Finals\clear\set2_rally28_ball34.0.mp4,clear,OK,1.0,1.0,data\pose_features_multi\Kento_MOMOTA_CHOU_Tien_Chen_Fuzhou_Open_2019_Finals\clear\set2_rally28_ball34.0.npy
Kento_MOMOTA_CHOU_Tien_Chen_Fuzhou_Open_2019_Finals,data\clips_cropped_multi\Kento_MOMOTA_CHOU_Tien_Chen_Fuzhou_Open_2019_Finals\clear\set2_rally28_ball35.0.mp4,clear,OK,0.946,0.946,data\pose_features_multi\Kento_MOMOTA_CHOU_Tien_Chen_Fuzhou_Open_2019_Finals\clear\set2_rally28_ball35.0.npy
Kento_MOMOTA_CHOU_Tien_Chen_Fuzhou_Open_2019_Finals,data\clips_cropped_multi\Kento_MOMOTA_CHOU_Tien_Chen_Fuzhou_Open_2019_Finals\clear\set2_rally28_ball36.0.mp4,clear,OK,1.0,0.732,data\pose_features_multi\Kento_MOMOTA_CHOU_Tien_Chen_Fuzhou_Open_2019_Finals\clear\set2_rally28_ball36.0.npy
Kento_MOMOTA_CHOU_Tien_Chen_Fuzhou_Open_2019_Finals,data\clips_cropped_multi\Kento_MOMOTA_CHOU_Tien_Chen_Fuzhou_Open_2019_Finals\clear\set2_rally28_ball37.0.mp4,clear,OK,1.0,1.0,data\pose_features_multi\Kento_MOMOTA_CHOU_Tien_Chen_Fuzhou_Open_2019_Finals\clear\set2_rally28_ball37.0.npy
Kento_MOMOTA_CHOU_Tien_Chen_Fuzhou_Open_2019_Finals,data\clips_cropped_multi\Kento_MOMOTA_CHOU_Tien_Chen_Fuzhou_Open_2019_Finals\clear\set2_rally29_ball3.0.mp4,clear,OK,1.0,1.0,data\pose_features_multi\Kento_MOMOTA_CHOU_Tien_Chen_Fuzhou_Open_2019_Finals\clear\set2_rally29_ball3.0.npy
Kento_MOMOTA_CHOU_Tien_Chen_Fuzhou_Open_2019_Finals,data\clips_cropped_multi\Kento_MOMOTA_CHOU_Tien_Chen_Fuzhou_Open_2019_Finals\clear\set2_rally30_ball15.0.mp4,clear,OK,1.0,1.0,data\pose_features_multi\Kento_MOMOTA_CHOU_Tien_Chen_Fuzhou_Open_2019_Finals\clear\set2_rally30_ball15.0.npy
Kento_MOMOTA_CHOU_Tien_Chen_Fuzhou_Open_2019_Finals,data\clips_cropped_multi\Kento_MOMOTA_CHOU_Tien_Chen_Fuzhou_Open_2019_Finals\clear\set2_rally30_ball19.0.mp4,clear,OK,1.0,0.661,data\pose_features_multi\Kento_MOMOTA_CHOU_Tien_Chen_Fuzhou_Open_2019_Finals\clear\set2_rally30_ball19.0.npy
Kento_MOMOTA_CHOU_Tien_Chen_Fuzhou_Open_2019_Finals,data\clips_cropped_multi\Kento_MOMOTA_CHOU_Tien_Chen_Fuzhou_Open_2019_Finals\clear\set2_rally30_ball20.0.mp4,clear,OK,0.964,0.964,data\pose_features_multi\Kento_MOMOTA_CHOU_Tien_Chen_Fuzhou_Open_2019_Finals\clear\set2_rally30_ball20.0.npy
Kento_MOMOTA_CHOU_Tien_Chen_Fuzhou_Open_2019_Finals,data\clips_cropped_multi\Kento_MOMOTA_CHOU_Tien_Chen_Fuzhou_Open_2019_Finals\clear\set2_rally31_ball3.0.mp4,clear,OK,1.0,0.804,data\pose_features_multi\Kento_MOMOTA_CHOU_Tien_Chen_Fuzhou_Open_2019_Finals\clear\set2_rally31_ball3.0.npy
Kento_MOMOTA_CHOU_Tien_Chen_Fuzhou_Open_2019_Finals,data\clips_cropped_multi\Kento_MOMOTA_CHOU_Tien_Chen_Fuzhou_Open_2019_Finals\clear\set2_rally33_ball17.0.mp4,clear,OK,1.0,0.696,data\pose_features_multi\Kento_MOMOTA_CHOU_Tien_Chen_Fuzhou_Open_2019_Finals\clear\set2_rally33_ball17.0.npy
Kento_MOMOTA_CHOU_Tien_Chen_Fuzhou_Open_2019_Finals,data\clips_cropped_multi\Kento_MOMOTA_CHOU_Tien_Chen_Fuzhou_Open_2019_Finals\clear\set2_rally33_ball5.0.mp4,clear,OK,1.0,0.946,data\pose_features_multi\Kento_MOMOTA_CHOU_Tien_Chen_Fuzhou_Open_2019_Finals\clear\set2_rally33_ball5.0.npy
Kento_MOMOTA_CHOU_Tien_Chen_Fuzhou_Open_2019_Finals,data\clips_cropped_multi\Kento_MOMOTA_CHOU_Tien_Chen_Fuzhou_Open_2019_Finals\clear\set2_rally33_ball9.0.mp4,clear,OK,1.0,0.893,data\pose_features_multi\Kento_MOMOTA_CHOU_Tien_Chen_Fuzhou_Open_2019_Finals\clear\set2_rally33_ball9.0.npy
Kento_MOMOTA_CHOU_Tien_Chen_Fuzhou_Open_2019_Finals,data\clips_cropped_multi\Kento_MOMOTA_CHOU_Tien_Chen_Fuzhou_Open_2019_Finals\clear\set2_rally34_ball17.0.mp4,clear,OK,1.0,1.0,data\pose_features_multi\Kento_MOMOTA_CHOU_Tien_Chen_Fuzhou_Open_2019_Finals\clear\set2_rally34_ball17.0.npy
Kento_MOMOTA_CHOU_Tien_Chen_Fuzhou_Open_2019_Finals,data\clips_cropped_multi\Kento_MOMOTA_CHOU_Tien_Chen_Fuzhou_Open_2019_Finals\clear\set2_rally34_ball18.0.mp4,clear,OK,1.0,1.0,data\pose_features_multi\Kento_MOMOTA_CHOU_Tien_Chen_Fuzhou_Open_2019_Finals\clear\set2_rally34_ball18.0.npy
Kento_MOMOTA_CHOU_Tien_Chen_Fuzhou_Open_2019_Finals,data\clips_cropped_multi\Kento_MOMOTA_CHOU_Tien_Chen_Fuzhou_Open_2019_Finals\clear\set2_rally34_ball19.0.mp4,clear,OK,1.0,1.0,data\pose_features_multi\Kento_MOMOTA_CHOU_Tien_Chen_Fuzhou_Open_2019_Finals\clear\set2_rally34_ball19.0.npy
Kento_MOMOTA_CHOU_Tien_Chen_Fuzhou_Open_2019_Finals,data\clips_cropped_multi\Kento_MOMOTA_CHOU_Tien_Chen_Fuzhou_Open_2019_Finals\clear\set2_rally34_ball26.0.mp4,clear,OK,1.0,0.839,data\pose_features_multi\Kento_MOMOTA_CHOU_Tien_Chen_Fuzhou_Open_2019_Finals\clear\set2_rally34_ball26.0.npy
Kento_MOMOTA_CHOU_Tien_Chen_Fuzhou_Open_2019_Finals,data\clips_cropped_multi\Kento_MOMOTA_CHOU_Tien_Chen_Fuzhou_Open_2019_Finals\clear\set2_rally34_ball3.0.mp4,clear,OK,0.946,0.946,data\pose_features_multi\Kento_MOMOTA_CHOU_Tien_Chen_Fuzhou_Open_2019_Finals\clear\set2_rally34_ball3.0.npy
Kento_MOMOTA_CHOU_Tien_Chen_Fuzhou_Open_2019_Finals,data\clips_cropped_multi\Kento_MOMOTA_CHOU_Tien_Chen_Fuzhou_Open_2019_Finals\clear\set2_rally36_ball26.0.mp4,clear,OK,1.0,1.0,data\pose_features_multi\Kento_MOMOTA_CHOU_Tien_Chen_Fuzhou_Open_2019_Finals\clear\set2_rally36_ball26.0.npy
Kento_MOMOTA_CHOU_Tien_Chen_Fuzhou_Open_2019_Finals,data\clips_cropped_multi\Kento_MOMOTA_CHOU_Tien_Chen_Fuzhou_Open_2019_Finals\clear\set2_rally9_ball12.0.mp4,clear,OK,1.0,1.0,data\pose_features_multi\Kento_MOMOTA_CHOU_Tien_Chen_Fuzhou_Open_2019_Finals\clear\set2_rally9_ball12.0.npy
Kento_MOMOTA_CHOU_Tien_Chen_Fuzhou_Open_2019_Finals,data\clips_cropped_multi\Kento_MOMOTA_CHOU_Tien_Chen_Fuzhou_Open_2019_Finals\clear\set2_rally9_ball16.0.mp4,clear,OK,1.0,1.0,data\pose_features_multi\Kento_MOMOTA_CHOU_Tien_Chen_Fuzhou_Open_2019_Finals\clear\set2_rally9_ball16.0.npy
Kento_MOMOTA_CHOU_Tien_Chen_Fuzhou_Open_2019_Finals,data\clips_cropped_multi\Kento_MOMOTA_CHOU_Tien_Chen_Fuzhou_Open_2019_Finals\clear\set2_rally9_ball22.0.mp4,clear,OK,1.0,0.893,data\pose_features_multi\Kento_MOMOTA_CHOU_Tien_Chen_Fuzhou_Open_2019_Finals\clear\set2_rally9_ball22.0.npy
Kento_MOMOTA_CHOU_Tien_Chen_Fuzhou_Open_2019_Finals,data\clips_cropped_multi\Kento_MOMOTA_CHOU_Tien_Chen_Fuzhou_Open_2019_Finals\clear\set2_rally9_ball28.0.mp4,clear,OK,1.0,0.857,data\pose_features_multi\Kento_MOMOTA_CHOU_Tien_Chen_Fuzhou_Open_2019_Finals\clear\set2_rally9_ball28.0.npy
Kento_MOMOTA_CHOU_Tien_Chen_Fuzhou_Open_2019_Finals,data\clips_cropped_multi\Kento_MOMOTA_CHOU_Tien_Chen_Fuzhou_Open_2019_Finals\clear\set2_rally9_ball33.0.mp4,clear,OK,1.0,1.0,data\pose_features_multi\Kento_MOMOTA_CHOU_Tien_Chen_Fuzhou_Open_2019_Finals\clear\set2_rally9_ball33.0.npy
Kento_MOMOTA_CHOU_Tien_Chen_Fuzhou_Open_2019_Finals,data\clips_cropped_multi\Kento_MOMOTA_CHOU_Tien_Chen_Fuzhou_Open_2019_Finals\clear\set2_rally9_ball4.0.mp4,clear,OK,1.0,1.0,data\pose_features_multi\Kento_MOMOTA_CHOU_Tien_Chen_Fuzhou_Open_2019_Finals\clear\set2_rally9_ball4.0.npy
Kento_MOMOTA_CHOU_Tien_Chen_Fuzhou_Open_2019_Finals,data\clips_cropped_multi\Kento_MOMOTA_CHOU_Tien_Chen_Fuzhou_Open_2019_Finals\clear\set3_rally10_ball15.0.mp4,clear,OK,1.0,0.804,data\pose_features_multi\Kento_MOMOTA_CHOU_Tien_Chen_Fuzhou_Open_2019_Finals\clear\set3_rally10_ball15.0.npy
Kento_MOMOTA_CHOU_Tien_Chen_Fuzhou_Open_2019_Finals,data\clips_cropped_multi\Kento_MOMOTA_CHOU_Tien_Chen_Fuzhou_Open_2019_Finals\clear\set3_rally10_ball18.0.mp4,clear,OK,1.0,1.0,data\pose_features_multi\Kento_MOMOTA_CHOU_Tien_Chen_Fuzhou_Open_2019_Finals\clear\set3_rally10_ball18.0.npy
Kento_MOMOTA_CHOU_Tien_Chen_Fuzhou_Open_2019_Finals,data\clips_cropped_multi\Kento_MOMOTA_CHOU_Tien_Chen_Fuzhou_Open_2019_Finals\clear\set3_rally11_ball10.0.mp4,clear,OK,0.964,0.964,data\pose_features_multi\Kento_MOMOTA_CHOU_Tien_Chen_Fuzhou_Open_2019_Finals\clear\set3_rally11_ball10.0.npy
Kento_MOMOTA_CHOU_Tien_Chen_Fuzhou_Open_2019_Finals,data\clips_cropped_multi\Kento_MOMOTA_CHOU_Tien_Chen_Fuzhou_Open_2019_Finals\clear\set3_rally11_ball6.0.mp4,clear,OK,1.0,1.0,data\pose_features_multi\Kento_MOMOTA_CHOU_Tien_Chen_Fuzhou_Open_2019_Finals\clear\set3_rally11_ball6.0.npy
Kento_MOMOTA_CHOU_Tien_Chen_Fuzhou_Open_2019_Finals,data\clips_cropped_multi\Kento_MOMOTA_CHOU_Tien_Chen_Fuzhou_Open_2019_Finals\clear\set3_rally12_ball2.0.mp4,clear,OK,1.0,0.536,data\pose_features_multi\Kento_MOMOTA_CHOU_Tien_Chen_Fuzhou_Open_2019_Finals\clear\set3_rally12_ball2.0.npy
Kento_MOMOTA_CHOU_Tien_Chen_Fuzhou_Open_2019_Finals,data\clips_cropped_multi\Kento_MOMOTA_CHOU_Tien_Chen_Fuzhou_Open_2019_Finals\clear\set3_rally13_ball2.0.mp4,clear,OK,1.0,0.464,data\pose_features_multi\Kento_MOMOTA_CHOU_Tien_Chen_Fuzhou_Open_2019_Finals\clear\set3_rally13_ball2.0.npy
Kento_MOMOTA_CHOU_Tien_Chen_Fuzhou_Open_2019_Finals,data\clips_cropped_multi\Kento_MOMOTA_CHOU_Tien_Chen_Fuzhou_Open_2019_Finals\clear\set3_rally17_ball10.0.mp4,clear,OK,1.0,0.893,data\pose_features_multi\Kento_MOMOTA_CHOU_Tien_Chen_Fuzhou_Open_2019_Finals\clear\set3_rally17_ball10.0.npy
Kento_MOMOTA_CHOU_Tien_Chen_Fuzhou_Open_2019_Finals,data\clips_cropped_multi\Kento_MOMOTA_CHOU_Tien_Chen_Fuzhou_Open_2019_Finals\clear\set3_rally20_ball13.0.mp4,clear,OK,1.0,1.0,data\pose_features_multi\Kento_MOMOTA_CHOU_Tien_Chen_Fuzhou_Open_2019_Finals\clear\set3_rally20_ball13.0.npy
Kento_MOMOTA_CHOU_Tien_Chen_Fuzhou_Open_2019_Finals,data\clips_cropped_multi\Kento_MOMOTA_CHOU_Tien_Chen_Fuzhou_Open_2019_Finals\clear\set3_rally20_ball2.0.mp4,clear,OK,0.946,0.607,data\pose_features_multi\Kento_MOMOTA_CHOU_Tien_Chen_Fuzhou_Open_2019_Finals\clear\set3_rally20_ball2.0.npy
Kento_MOMOTA_CHOU_Tien_Chen_Fuzhou_Open_2019_Finals,data\clips_cropped_multi\Kento_MOMOTA_CHOU_Tien_Chen_Fuzhou_Open_2019_Finals\clear\set3_rally22_ball10.0.mp4,clear,OK,1.0,0.804,data\pose_features_multi\Kento_MOMOTA_CHOU_Tien_Chen_Fuzhou_Open_2019_Finals\clear\set3_rally22_ball10.0.npy
Kento_MOMOTA_CHOU_Tien_Chen_Fuzhou_Open_2019_Finals,data\clips_cropped_multi\Kento_MOMOTA_CHOU_Tien_Chen_Fuzhou_Open_2019_Finals\clear\set3_rally22_ball11.0.mp4,clear,OK,1.0,1.0,data\pose_features_multi\Kento_MOMOTA_CHOU_Tien_Chen_Fuzhou_Open_2019_Finals\clear\set3_rally22_ball11.0.npy
Kento_MOMOTA_CHOU_Tien_Chen_Fuzhou_Open_2019_Finals,data\clips_cropped_multi\Kento_MOMOTA_CHOU_Tien_Chen_Fuzhou_Open_2019_Finals\clear\set3_rally22_ball12.0.mp4,clear,OK,1.0,0.982,data\pose_features_multi\Kento_MOMOTA_CHOU_Tien_Chen_Fuzhou_Open_2019_Finals\clear\set3_rally22_ball12.0.npy
Kento_MOMOTA_CHOU_Tien_Chen_Fuzhou_Open_2019_Finals,data\clips_cropped_multi\Kento_MOMOTA_CHOU_Tien_Chen_Fuzhou_Open_2019_Finals\clear\set3_rally22_ball16.0.mp4,clear,OK,1.0,1.0,data\pose_features_multi\Kento_MOMOTA_CHOU_Tien_Chen_Fuzhou_Open_2019_Finals\clear\set3_rally22_ball16.0.npy
Kento_MOMOTA_CHOU_Tien_Chen_Fuzhou_Open_2019_Finals,data\clips_cropped_multi\Kento_MOMOTA_CHOU_Tien_Chen_Fuzhou_Open_2019_Finals\clear\set3_rally22_ball3.0.mp4,clear,OK,0.893,0.893,data\pose_features_multi\Kento_MOMOTA_CHOU_Tien_Chen_Fuzhou_Open_2019_Finals\clear\set3_rally22_ball3.0.npy
Kento_MOMOTA_CHOU_Tien_Chen_Fuzhou_Open_2019_Finals,data\clips_cropped_multi\Kento_MOMOTA_CHOU_Tien_Chen_Fuzhou_Open_2019_Finals\clear\set3_rally22_ball4.0.mp4,clear,OK,1.0,0.786,data\pose_features_multi\Kento_MOMOTA_CHOU_Tien_Chen_Fuzhou_Open_2019_Finals\clear\set3_rally22_ball4.0.npy
Kento_MOMOTA_CHOU_Tien_Chen_Fuzhou_Open_2019_Finals,data\clips_cropped_multi\Kento_MOMOTA_CHOU_Tien_Chen_Fuzhou_Open_2019_Finals\clear\set3_rally23_ball10.0.mp4,clear,OK,1.0,1.0,data\pose_features_multi\Kento_MOMOTA_CHOU_Tien_Chen_Fuzhou_Open_2019_Finals\clear\set3_rally23_ball10.0.npy
Kento_MOMOTA_CHOU_Tien_Chen_Fuzhou_Open_2019_Finals,data\clips_cropped_multi\Kento_MOMOTA_CHOU_Tien_Chen_Fuzhou_Open_2019_Finals\clear\set3_rally23_ball16.0.mp4,clear,OK,1.0,0.643,data\pose_features_multi\Kento_MOMOTA_CHOU_Tien_Chen_Fuzhou_Open_2019_Finals\clear\set3_rally23_ball16.0.npy
Kento_MOMOTA_CHOU_Tien_Chen_Fuzhou_Open_2019_Finals,data\clips_cropped_multi\Kento_MOMOTA_CHOU_Tien_Chen_Fuzhou_Open_2019_Finals\clear\set3_rally23_ball19.0.mp4,clear,OK,0.964,0.964,data\pose_features_multi\Kento_MOMOTA_CHOU_Tien_Chen_Fuzhou_Open_2019_Finals\clear\set3_rally23_ball19.0.npy
Kento_MOMOTA_CHOU_Tien_Chen_Fuzhou_Open_2019_Finals,data\clips_cropped_multi\Kento_MOMOTA_CHOU_Tien_Chen_Fuzhou_Open_2019_Finals\clear\set3_rally24_ball3.0.mp4,clear,OK,1.0,0.929,data\pose_features_multi\Kento_MOMOTA_CHOU_Tien_Chen_Fuzhou_Open_2019_Finals\clear\set3_rally24_ball3.0.npy
Kento_MOMOTA_CHOU_Tien_Chen_Fuzhou_Open_2019_Finals,data\clips_cropped_multi\Kento_MOMOTA_CHOU_Tien_Chen_Fuzhou_Open_2019_Finals\clear\set3_rally25_ball10.0.mp4,clear,POSE_INSUFFICIENT,0.0,0.054,data\pose_features_multi\Kento_MOMOTA_CHOU_Tien_Chen_Fuzhou_Open_2019_Finals\clear\set3_rally25_ball10.0.npy
Kento_MOMOTA_CHOU_Tien_Chen_Fuzhou_Open_2019_Finals,data\clips_cropped_multi\Kento_MOMOTA_CHOU_Tien_Chen_Fuzhou_Open_2019_Finals\clear\set3_rally25_ball23.0.mp4,clear,OK,1.0,0.804,data\pose_features_multi\Kento_MOMOTA_CHOU_Tien_Chen_Fuzhou_Open_2019_Finals\clear\set3_rally25_ball23.0.npy
Kento_MOMOTA_CHOU_Tien_Chen_Fuzhou_Open_2019_Finals,data\clips_cropped_multi\Kento_MOMOTA_CHOU_Tien_Chen_Fuzhou_Open_2019_Finals\clear\set3_rally26_ball20.0.mp4,clear,OK,1.0,1.0,data\pose_features_multi\Kento_MOMOTA_CHOU_Tien_Chen_Fuzhou_Open_2019_Finals\clear\set3_rally26_ball20.0.npy
Kento_MOMOTA_CHOU_Tien_Chen_Fuzhou_Open_2019_Finals,data\clips_cropped_multi\Kento_MOMOTA_CHOU_Tien_Chen_Fuzhou_Open_2019_Finals\clear\set3_rally26_ball24.0.mp4,clear,OK,1.0,1.0,data\pose_features_multi\Kento_MOMOTA_CHOU_Tien_Chen_Fuzhou_Open_2019_Finals\clear\set3_rally26_ball24.0.npy
Kento_MOMOTA_CHOU_Tien_Chen_Fuzhou_Open_2019_Finals,data\clips_cropped_multi\Kento_MOMOTA_CHOU_Tien_Chen_Fuzhou_Open_2019_Finals\clear\set3_rally26_ball25.0.mp4,clear,OK,1.0,1.0,data\pose_features_multi\Kento_MOMOTA_CHOU_Tien_Chen_Fuzhou_Open_2019_Finals\clear\set3_rally26_ball25.0.npy
Kento_MOMOTA_CHOU_Tien_Chen_Fuzhou_Open_2019_Finals,data\clips_cropped_multi\Kento_MOMOTA_CHOU_Tien_Chen_Fuzhou_Open_2019_Finals\clear\set3_rally26_ball30.0.mp4,clear,OK,1.0,0.893,data\pose_features_multi\Kento_MOMOTA_CHOU_Tien_Chen_Fuzhou_Open_2019_Finals\clear\set3_rally26_ball30.0.npy
Kento_MOMOTA_CHOU_Tien_Chen_Fuzhou_Open_2019_Finals,data\clips_cropped_multi\Kento_MOMOTA_CHOU_Tien_Chen_Fuzhou_Open_2019_Finals\clear\set3_rally26_ball40.0.mp4,clear,OK,1.0,0.732,data\pose_features_multi\Kento_MOMOTA_CHOU_Tien_Chen_Fuzhou_Open_2019_Finals\clear\set3_rally26_ball40.0.npy
Kento_MOMOTA_CHOU_Tien_Chen_Fuzhou_Open_2019_Finals,data\clips_cropped_multi\Kento_MOMOTA_CHOU_Tien_Chen_Fuzhou_Open_2019_Finals\clear\set3_rally26_ball41.0.mp4,clear,OK,0.911,0.893,data\pose_features_multi\Kento_MOMOTA_CHOU_Tien_Chen_Fuzhou_Open_2019_Finals\clear\set3_rally26_ball41.0.npy
Kento_MOMOTA_CHOU_Tien_Chen_Fuzhou_Open_2019_Finals,data\clips_cropped_multi\Kento_MOMOTA_CHOU_Tien_Chen_Fuzhou_Open_2019_Finals\clear\set3_rally29_ball2.0.mp4,clear,OK,0.946,0.946,data\pose_features_multi\Kento_MOMOTA_CHOU_Tien_Chen_Fuzhou_Open_2019_Finals\clear\set3_rally29_ball2.0.npy
Kento_MOMOTA_CHOU_Tien_Chen_Fuzhou_Open_2019_Finals,data\clips_cropped_multi\Kento_MOMOTA_CHOU_Tien_Chen_Fuzhou_Open_2019_Finals\clear\set3_rally29_ball3.0.mp4,clear,OK,1.0,0.679,data\pose_features_multi\Kento_MOMOTA_CHOU_Tien_Chen_Fuzhou_Open_2019_Finals\clear\set3_rally29_ball3.0.npy
Kento_MOMOTA_CHOU_Tien_Chen_Fuzhou_Open_2019_Finals,data\clips_cropped_multi\Kento_MOMOTA_CHOU_Tien_Chen_Fuzhou_Open_2019_Finals\clear\set3_rally29_ball4.0.mp4,clear,OK,0.804,0.804,data\pose_features_multi\Kento_MOMOTA_CHOU_Tien_Chen_Fuzhou_Open_2019_Finals\clear\set3_rally29_ball4.0.npy
Kento_MOMOTA_CHOU_Tien_Chen_Fuzhou_Open_2019_Finals,data\clips_cropped_multi\Kento_MOMOTA_CHOU_Tien_Chen_Fuzhou_Open_2019_Finals\clear\set3_rally29_ball8.0.mp4,clear,OK,0.804,0.804,data\pose_features_multi\Kento_MOMOTA_CHOU_Tien_Chen_Fuzhou_Open_2019_Finals\clear\set3_rally29_ball8.0.npy
Kento_MOMOTA_CHOU_Tien_Chen_Fuzhou_Open_2019_Finals,data\clips_cropped_multi\Kento_MOMOTA_CHOU_Tien_Chen_Fuzhou_Open_2019_Finals\clear\set3_rally2_ball13.0.mp4,clear,OK,1.0,1.0,data\pose_features_multi\Kento_MOMOTA_CHOU_Tien_Chen_Fuzhou_Open_2019_Finals\clear\set3_rally2_ball13.0.npy
Kento_MOMOTA_CHOU_Tien_Chen_Fuzhou_Open_2019_Finals,data\clips_cropped_multi\Kento_MOMOTA_CHOU_Tien_Chen_Fuzhou_Open_2019_Finals\clear\set3_rally30_ball18.0.mp4,clear,OK,1.0,1.0,data\pose_features_multi\Kento_MOMOTA_CHOU_Tien_Chen_Fuzhou_Open_2019_Finals\clear\set3_rally30_ball18.0.npy
Kento_MOMOTA_CHOU_Tien_Chen_Fuzhou_Open_2019_Finals,data\clips_cropped_multi\Kento_MOMOTA_CHOU_Tien_Chen_Fuzhou_Open_2019_Finals\clear\set3_rally30_ball9.0.mp4,clear,OK,1.0,1.0,data\pose_features_multi\Kento_MOMOTA_CHOU_Tien_Chen_Fuzhou_Open_2019_Finals\clear\set3_rally30_ball9.0.npy
Kento_MOMOTA_CHOU_Tien_Chen_Fuzhou_Open_2019_Finals,data\clips_cropped_multi\Kento_MOMOTA_CHOU_Tien_Chen_Fuzhou_Open_2019_Finals\clear\set3_rally31_ball10.0.mp4,clear,OK,1.0,1.0,data\pose_features_multi\Kento_MOMOTA_CHOU_Tien_Chen_Fuzhou_Open_2019_Finals\clear\set3_rally31_ball10.0.npy
Kento_MOMOTA_CHOU_Tien_Chen_Fuzhou_Open_2019_Finals,data\clips_cropped_multi\Kento_MOMOTA_CHOU_Tien_Chen_Fuzhou_Open_2019_Finals\clear\set3_rally31_ball15.0.mp4,clear,OK,1.0,0.911,data\pose_features_multi\Kento_MOMOTA_CHOU_Tien_Chen_Fuzhou_Open_2019_Finals\clear\set3_rally31_ball15.0.npy
Kento_MOMOTA_CHOU_Tien_Chen_Fuzhou_Open_2019_Finals,data\clips_cropped_multi\Kento_MOMOTA_CHOU_Tien_Chen_Fuzhou_Open_2019_Finals\clear\set3_rally31_ball20.0.mp4,clear,OK,1.0,1.0,data\pose_features_multi\Kento_MOMOTA_CHOU_Tien_Chen_Fuzhou_Open_2019_Finals\clear\set3_rally31_ball20.0.npy
Kento_MOMOTA_CHOU_Tien_Chen_Fuzhou_Open_2019_Finals,data\clips_cropped_multi\Kento_MOMOTA_CHOU_Tien_Chen_Fuzhou_Open_2019_Finals\clear\set3_rally31_ball27.0.mp4,clear,OK,1.0,1.0,data\pose_features_multi\Kento_MOMOTA_CHOU_Tien_Chen_Fuzhou_Open_2019_Finals\clear\set3_rally31_ball27.0.npy
Kento_MOMOTA_CHOU_Tien_Chen_Fuzhou_Open_2019_Finals,data\clips_cropped_multi\Kento_MOMOTA_CHOU_Tien_Chen_Fuzhou_Open_2019_Finals\clear\set3_rally31_ball5.0.mp4,clear,OK,1.0,0.679,data\pose_features_multi\Kento_MOMOTA_CHOU_Tien_Chen_Fuzhou_Open_2019_Finals\clear\set3_rally31_ball5.0.npy
Kento_MOMOTA_CHOU_Tien_Chen_Fuzhou_Open_2019_Finals,data\clips_cropped_multi\Kento_MOMOTA_CHOU_Tien_Chen_Fuzhou_Open_2019_Finals\clear\set3_rally35_ball17.0.mp4,clear,OK,1.0,1.0,data\pose_features_multi\Kento_MOMOTA_CHOU_Tien_Chen_Fuzhou_Open_2019_Finals\clear\set3_rally35_ball17.0.npy
Kento_MOMOTA_CHOU_Tien_Chen_Fuzhou_Open_2019_Finals,data\clips_cropped_multi\Kento_MOMOTA_CHOU_Tien_Chen_Fuzhou_Open_2019_Finals\clear\set3_rally4_ball12.0.mp4,clear,OK,1.0,0.929,data\pose_features_multi\Kento_MOMOTA_CHOU_Tien_Chen_Fuzhou_Open_2019_Finals\clear\set3_rally4_ball12.0.npy
Kento_MOMOTA_CHOU_Tien_Chen_Fuzhou_Open_2019_Finals,data\clips_cropped_multi\Kento_MOMOTA_CHOU_Tien_Chen_Fuzhou_Open_2019_Finals\clear\set3_rally6_ball25.0.mp4,clear,OK,1.0,0.839,data\pose_features_multi\Kento_MOMOTA_CHOU_Tien_Chen_Fuzhou_Open_2019_Finals\clear\set3_rally6_ball25.0.npy
Kento_MOMOTA_CHOU_Tien_Chen_Fuzhou_Open_2019_Finals,data\clips_cropped_multi\Kento_MOMOTA_CHOU_Tien_Chen_Fuzhou_Open_2019_Finals\clear\set3_rally6_ball26.0.mp4,clear,OK,1.0,1.0,data\pose_features_multi\Kento_MOMOTA_CHOU_Tien_Chen_Fuzhou_Open_2019_Finals\clear\set3_rally6_ball26.0.npy
Kento_MOMOTA_CHOU_Tien_Chen_Fuzhou_Open_2019_Finals,data\clips_cropped_multi\Kento_MOMOTA_CHOU_Tien_Chen_Fuzhou_Open_2019_Finals\clear\set3_rally6_ball27.0.mp4,clear,OK,1.0,0.982,data\pose_features_multi\Kento_MOMOTA_CHOU_Tien_Chen_Fuzhou_Open_2019_Finals\clear\set3_rally6_ball27.0.npy
Kento_MOMOTA_CHOU_Tien_Chen_Fuzhou_Open_2019_Finals,data\clips_cropped_multi\Kento_MOMOTA_CHOU_Tien_Chen_Fuzhou_Open_2019_Finals\clear\set3_rally6_ball28.0.mp4,clear,OK,1.0,1.0,data\pose_features_multi\Kento_MOMOTA_CHOU_Tien_Chen_Fuzhou_Open_2019_Finals\clear\set3_rally6_ball28.0.npy
Kento_MOMOTA_CHOU_Tien_Chen_Fuzhou_Open_2019_Finals,data\clips_cropped_multi\Kento_MOMOTA_CHOU_Tien_Chen_Fuzhou_Open_2019_Finals\clear\set3_rally6_ball29.0.mp4,clear,OK,1.0,0.875,data\pose_features_multi\Kento_MOMOTA_CHOU_Tien_Chen_Fuzhou_Open_2019_Finals\clear\set3_rally6_ball29.0.npy
Kento_MOMOTA_CHOU_Tien_Chen_Fuzhou_Open_2019_Finals,data\clips_cropped_multi\Kento_MOMOTA_CHOU_Tien_Chen_Fuzhou_Open_2019_Finals\clear\set3_rally7_ball12.0.mp4,clear,OK,1.0,1.0,data\pose_features_multi\Kento_MOMOTA_CHOU_Tien_Chen_Fuzhou_Open_2019_Finals\clear\set3_rally7_ball12.0.npy
Kento_MOMOTA_CHOU_Tien_Chen_Fuzhou_Open_2019_Finals,data\clips_cropped_multi\Kento_MOMOTA_CHOU_Tien_Chen_Fuzhou_Open_2019_Finals\clear\set3_rally7_ball2.0.mp4,clear,OK,1.0,0.518,data\pose_features_multi\Kento_MOMOTA_CHOU_Tien_Chen_Fuzhou_Open_2019_Finals\clear\set3_rally7_ball2.0.npy
Kento_MOMOTA_CHOU_Tien_Chen_Fuzhou_Open_2019_Finals,data\clips_cropped_multi\Kento_MOMOTA_CHOU_Tien_Chen_Fuzhou_Open_2019_Finals\clear\set3_rally7_ball3.0.mp4,clear,OK,1.0,1.0,data\pose_features_multi\Kento_MOMOTA_CHOU_Tien_Chen_Fuzhou_Open_2019_Finals\clear\set3_rally7_ball3.0.npy
Kento_MOMOTA_CHOU_Tien_Chen_Fuzhou_Open_2019_Finals,data\clips_cropped_multi\Kento_MOMOTA_CHOU_Tien_Chen_Fuzhou_Open_2019_Finals\clear\set3_rally7_ball7.0.mp4,clear,OK,1.0,1.0,data\pose_features_multi\Kento_MOMOTA_CHOU_Tien_Chen_Fuzhou_Open_2019_Finals\clear\set3_rally7_ball7.0.npy
Kento_MOMOTA_CHOU_Tien_Chen_Fuzhou_Open_2019_Finals,data\clips_cropped_multi\Kento_MOMOTA_CHOU_Tien_Chen_Fuzhou_Open_2019_Finals\clear\set3_rally8_ball12.0.mp4,clear,OK,1.0,1.0,data\pose_features_multi\Kento_MOMOTA_CHOU_Tien_Chen_Fuzhou_Open_2019_Finals\clear\set3_rally8_ball12.0.npy
Kento_MOMOTA_CHOU_Tien_Chen_Fuzhou_Open_2019_Finals,data\clips_cropped_multi\Kento_MOMOTA_CHOU_Tien_Chen_Fuzhou_Open_2019_Finals\clear\set3_rally8_ball13.0.mp4,clear,OK,0.821,0.821,data\pose_features_multi\Kento_MOMOTA_CHOU_Tien_Chen_Fuzhou_Open_2019_Finals\clear\set3_rally8_ball13.0.npy
Kento_MOMOTA_CHOU_Tien_Chen_Fuzhou_Open_2019_Finals,data\clips_cropped_multi\Kento_MOMOTA_CHOU_Tien_Chen_Fuzhou_Open_2019_Finals\clear\set3_rally8_ball7.0.mp4,clear,OK,1.0,1.0,data\pose_features_multi\Kento_MOMOTA_CHOU_Tien_Chen_Fuzhou_Open_2019_Finals\clear\set3_rally8_ball7.0.npy
Kento_MOMOTA_CHOU_Tien_Chen_Fuzhou_Open_2019_Finals,data\clips_cropped_multi\Kento_MOMOTA_CHOU_Tien_Chen_Fuzhou_Open_2019_Finals\clear\set3_rally8_ball8.0.mp4,clear,OK,1.0,0.786,data\pose_features_multi\Kento_MOMOTA_CHOU_Tien_Chen_Fuzhou_Open_2019_Finals\clear\set3_rally8_ball8.0.npy
Kento_MOMOTA_CHOU_Tien_Chen_Fuzhou_Open_2019_Finals,data\clips_cropped_multi\Kento_MOMOTA_CHOU_Tien_Chen_Fuzhou_Open_2019_Finals\clear\set3_rally8_ball9.0.mp4,clear,OK,1.0,1.0,data\pose_features_multi\Kento_MOMOTA_CHOU_Tien_Chen_Fuzhou_Open_2019_Finals\clear\set3_rally8_ball9.0.npy
Kento_MOMOTA_CHOU_Tien_Chen_Fuzhou_Open_2019_Finals,data\clips_cropped_multi\Kento_MOMOTA_CHOU_Tien_Chen_Fuzhou_Open_2019_Finals\net_shot\set1_rally10_ball4.0.mp4,net_shot,OK,1.0,1.0,data\pose_features_multi\Kento_MOMOTA_CHOU_Tien_Chen_Fuzhou_Open_2019_Finals\net_shot\set1_rally10_ball4.0.npy
Kento_MOMOTA_CHOU_Tien_Chen_Fuzhou_Open_2019_Finals,data\clips_cropped_multi\Kento_MOMOTA_CHOU_Tien_Chen_Fuzhou_Open_2019_Finals\net_shot\set1_rally10_ball9.0.mp4,net_shot,OK,1.0,1.0,data\pose_features_multi\Kento_MOMOTA_CHOU_Tien_Chen_Fuzhou_Open_2019_Finals\net_shot\set1_rally10_ball9.0.npy
Kento_MOMOTA_CHOU_Tien_Chen_Fuzhou_Open_2019_Finals,data\clips_cropped_multi\Kento_MOMOTA_CHOU_Tien_Chen_Fuzhou_Open_2019_Finals\net_shot\set1_rally11_ball13.0.mp4,net_shot,OK,1.0,0.714,data\pose_features_multi\Kento_MOMOTA_CHOU_Tien_Chen_Fuzhou_Open_2019_Finals\net_shot\set1_rally11_ball13.0.npy
Kento_MOMOTA_CHOU_Tien_Chen_Fuzhou_Open_2019_Finals,data\clips_cropped_multi\Kento_MOMOTA_CHOU_Tien_Chen_Fuzhou_Open_2019_Finals\net_shot\set1_rally11_ball28.0.mp4,net_shot,OK,1.0,1.0,data\pose_features_multi\Kento_MOMOTA_CHOU_Tien_Chen_Fuzhou_Open_2019_Finals\net_shot\set1_rally11_ball28.0.npy
Kento_MOMOTA_CHOU_Tien_Chen_Fuzhou_Open_2019_Finals,data\clips_cropped_multi\Kento_MOMOTA_CHOU_Tien_Chen_Fuzhou_Open_2019_Finals\net_shot\set1_rally11_ball5.0.mp4,net_shot,OK,1.0,1.0,data\pose_features_multi\Kento_MOMOTA_CHOU_Tien_Chen_Fuzhou_Open_2019_Finals\net_shot\set1_rally11_ball5.0.npy
Kento_MOMOTA_CHOU_Tien_Chen_Fuzhou_Open_2019_Finals,data\clips_cropped_multi\Kento_MOMOTA_CHOU_Tien_Chen_Fuzhou_Open_2019_Finals\net_shot\set1_rally11_ball6.0.mp4,net_shot,POSE_INSUFFICIENT,0.0,0.286,data\pose_features_multi\Kento_MOMOTA_CHOU_Tien_Chen_Fuzhou_Open_2019_Finals\net_shot\set1_rally11_ball6.0.npy
Kento_MOMOTA_CHOU_Tien_Chen_Fuzhou_Open_2019_Finals,data\clips_cropped_multi\Kento_MOMOTA_CHOU_Tien_Chen_Fuzhou_Open_2019_Finals\net_shot\set1_rally12_ball13.0.mp4,net_shot,OK,0.911,0.643,data\pose_features_multi\Kento_MOMOTA_CHOU_Tien_Chen_Fuzhou_Open_2019_Finals\net_shot\set1_rally12_ball13.0.npy
Kento_MOMOTA_CHOU_Tien_Chen_Fuzhou_Open_2019_Finals,data\clips_cropped_multi\Kento_MOMOTA_CHOU_Tien_Chen_Fuzhou_Open_2019_Finals\net_shot\set1_rally13_ball30.0.mp4,net_shot,OK,1.0,1.0,data\pose_features_multi\Kento_MOMOTA_CHOU_Tien_Chen_Fuzhou_Open_2019_Finals\net_shot\set1_rally13_ball30.0.npy
Kento_MOMOTA_CHOU_Tien_Chen_Fuzhou_Open_2019_Finals,data\clips_cropped_multi\Kento_MOMOTA_CHOU_Tien_Chen_Fuzhou_Open_2019_Finals\net_shot\set1_rally13_ball31.0.mp4,net_shot,OK,1.0,1.0,data\pose_features_multi\Kento_MOMOTA_CHOU_Tien_Chen_Fuzhou_Open_2019_Finals\net_shot\set1_rally13_ball31.0.npy
Kento_MOMOTA_CHOU_Tien_Chen_Fuzhou_Open_2019_Finals,data\clips_cropped_multi\Kento_MOMOTA_CHOU_Tien_Chen_Fuzhou_Open_2019_Finals\net_shot\set1_rally14_ball11.0.mp4,net_shot,OK,1.0,1.0,data\pose_features_multi\Kento_MOMOTA_CHOU_Tien_Chen_Fuzhou_Open_2019_Finals\net_shot\set1_rally14_ball11.0.npy
Kento_MOMOTA_CHOU_Tien_Chen_Fuzhou_Open_2019_Finals,data\clips_cropped_multi\Kento_MOMOTA_CHOU_Tien_Chen_Fuzhou_Open_2019_Finals\net_shot\set1_rally14_ball3.0.mp4,net_shot,POSE_INSUFFICIENT,0.554,0.554,data\pose_features_multi\Kento_MOMOTA_CHOU_Tien_Chen_Fuzhou_Open_2019_Finals\net_shot\set1_rally14_ball3.0.npy
Kento_MOMOTA_CHOU_Tien_Chen_Fuzhou_Open_2019_Finals,data\clips_cropped_multi\Kento_MOMOTA_CHOU_Tien_Chen_Fuzhou_Open_2019_Finals\net_shot\set1_rally15_ball11.0.mp4,net_shot,OK,1.0,0.714,data\pose_features_multi\Kento_MOMOTA_CHOU_Tien_Chen_Fuzhou_Open_2019_Finals\net_shot\set1_rally15_ball11.0.npy
Kento_MOMOTA_CHOU_Tien_Chen_Fuzhou_Open_2019_Finals,data\clips_cropped_multi\Kento_MOMOTA_CHOU_Tien_Chen_Fuzhou_Open_2019_Finals\net_shot\set1_rally15_ball12.0.mp4,net_shot,OK,1.0,1.0,data\pose_features_multi\Kento_MOMOTA_CHOU_Tien_Chen_Fuzhou_Open_2019_Finals\net_shot\set1_rally15_ball12.0.npy
Kento_MOMOTA_CHOU_Tien_Chen_Fuzhou_Open_2019_Finals,data\clips_cropped_multi\Kento_MOMOTA_CHOU_Tien_Chen_Fuzhou_Open_2019_Finals\net_shot\set1_rally15_ball16.0.mp4,net_shot,OK,1.0,1.0,data\pose_features_multi\Kento_MOMOTA_CHOU_Tien_Chen_Fuzhou_Open_2019_Finals\net_shot\set1_rally15_ball16.0.npy
Kento_MOMOTA_CHOU_Tien_Chen_Fuzhou_Open_2019_Finals,data\clips_cropped_multi\Kento_MOMOTA_CHOU_Tien_Chen_Fuzhou_Open_2019_Finals\net_shot\set1_rally15_ball6.0.mp4,net_shot,OK,1.0,1.0,data\pose_features_multi\Kento_MOMOTA_CHOU_Tien_Chen_Fuzhou_Open_2019_Finals\net_shot\set1_rally15_ball6.0.npy
Kento_MOMOTA_CHOU_Tien_Chen_Fuzhou_Open_2019_Finals,data\clips_cropped_multi\Kento_MOMOTA_CHOU_Tien_Chen_Fuzhou_Open_2019_Finals\net_shot\set1_rally16_ball20.0.mp4,net_shot,OK,1.0,1.0,data\pose_features_multi\Kento_MOMOTA_CHOU_Tien_Chen_Fuzhou_Open_2019_Finals\net_shot\set1_rally16_ball20.0.npy
Kento_MOMOTA_CHOU_Tien_Chen_Fuzhou_Open_2019_Finals,data\clips_cropped_multi\Kento_MOMOTA_CHOU_Tien_Chen_Fuzhou_Open_2019_Finals\net_shot\set1_rally16_ball24.0.mp4,net_shot,OK,1.0,0.857,data\pose_features_multi\Kento_MOMOTA_CHOU_Tien_Chen_Fuzhou_Open_2019_Finals\net_shot\set1_rally16_ball24.0.npy
Kento_MOMOTA_CHOU_Tien_Chen_Fuzhou_Open_2019_Finals,data\clips_cropped_multi\Kento_MOMOTA_CHOU_Tien_Chen_Fuzhou_Open_2019_Finals\net_shot\set1_rally16_ball25.0.mp4,net_shot,OK,1.0,1.0,data\pose_features_multi\Kento_MOMOTA_CHOU_Tien_Chen_Fuzhou_Open_2019_Finals\net_shot\set1_rally16_ball25.0.npy
Kento_MOMOTA_CHOU_Tien_Chen_Fuzhou_Open_2019_Finals,data\clips_cropped_multi\Kento_MOMOTA_CHOU_Tien_Chen_Fuzhou_Open_2019_Finals\net_shot\set1_rally16_ball30.0.mp4,net_shot,OK,1.0,1.0,data\pose_features_multi\Kento_MOMOTA_CHOU_Tien_Chen_Fuzhou_Open_2019_Finals\net_shot\set1_rally16_ball30.0.npy
Kento_MOMOTA_CHOU_Tien_Chen_Fuzhou_Open_2019_Finals,data\clips_cropped_multi\Kento_MOMOTA_CHOU_Tien_Chen_Fuzhou_Open_2019_Finals\net_shot\set1_rally16_ball37.0.mp4,net_shot,OK,1.0,1.0,data\pose_features_multi\Kento_MOMOTA_CHOU_Tien_Chen_Fuzhou_Open_2019_Finals\net_shot\set1_rally16_ball37.0.npy
Kento_MOMOTA_CHOU_Tien_Chen_Fuzhou_Open_2019_Finals,data\clips_cropped_multi\Kento_MOMOTA_CHOU_Tien_Chen_Fuzhou_Open_2019_Finals\net_shot\set1_rally16_ball5.0.mp4,net_shot,OK,1.0,0.732,data\pose_features_multi\Kento_MOMOTA_CHOU_Tien_Chen_Fuzhou_Open_2019_Finals\net_shot\set1_rally16_ball5.0.npy
Kento_MOMOTA_CHOU_Tien_Chen_Fuzhou_Open_2019_Finals,data\clips_cropped_multi\Kento_MOMOTA_CHOU_Tien_Chen_Fuzhou_Open_2019_Finals\net_shot\set1_rally16_ball6.0.mp4,net_shot,OK,1.0,1.0,data\pose_features_multi\Kento_MOMOTA_CHOU_Tien_Chen_Fuzhou_Open_2019_Finals\net_shot\set1_rally16_ball6.0.npy
Kento_MOMOTA_CHOU_Tien_Chen_Fuzhou_Open_2019_Finals,data\clips_cropped_multi\Kento_MOMOTA_CHOU_Tien_Chen_Fuzhou_Open_2019_Finals\net_shot\set1_rally17_ball6.0.mp4,net_shot,OK,1.0,1.0,data\pose_features_multi\Kento_MOMOTA_CHOU_Tien_Chen_Fuzhou_Open_2019_Finals\net_shot\set1_rally17_ball6.0.npy
Kento_MOMOTA_CHOU_Tien_Chen_Fuzhou_Open_2019_Finals,data\clips_cropped_multi\Kento_MOMOTA_CHOU_Tien_Chen_Fuzhou_Open_2019_Finals\net_shot\set1_rally18_ball15.0.mp4,net_shot,OK,1.0,1.0,data\pose_features_multi\Kento_MOMOTA_CHOU_Tien_Chen_Fuzhou_Open_2019_Finals\net_shot\set1_rally18_ball15.0.npy
Kento_MOMOTA_CHOU_Tien_Chen_Fuzhou_Open_2019_Finals,data\clips_cropped_multi\Kento_MOMOTA_CHOU_Tien_Chen_Fuzhou_Open_2019_Finals\net_shot\set1_rally22_ball8.0.mp4,net_shot,OK,1.0,1.0,data\pose_features_multi\Kento_MOMOTA_CHOU_Tien_Chen_Fuzhou_Open_2019_Finals\net_shot\set1_rally22_ball8.0.npy
Kento_MOMOTA_CHOU_Tien_Chen_Fuzhou_Open_2019_Finals,data\clips_cropped_multi\Kento_MOMOTA_CHOU_Tien_Chen_Fuzhou_Open_2019_Finals\net_shot\set1_rally24_ball19.0.mp4,net_shot,OK,1.0,1.0,data\pose_features_multi\Kento_MOMOTA_CHOU_Tien_Chen_Fuzhou_Open_2019_Finals\net_shot\set1_rally24_ball19.0.npy
Kento_MOMOTA_CHOU_Tien_Chen_Fuzhou_Open_2019_Finals,data\clips_cropped_multi\Kento_MOMOTA_CHOU_Tien_Chen_Fuzhou_Open_2019_Finals\net_shot\set1_rally25_ball8.0.mp4,net_shot,OK,1.0,0.911,data\pose_features_multi\Kento_MOMOTA_CHOU_Tien_Chen_Fuzhou_Open_2019_Finals\net_shot\set1_rally25_ball8.0.npy
Kento_MOMOTA_CHOU_Tien_Chen_Fuzhou_Open_2019_Finals,data\clips_cropped_multi\Kento_MOMOTA_CHOU_Tien_Chen_Fuzhou_Open_2019_Finals\net_shot\set1_rally25_ball9.0.mp4,net_shot,OK,1.0,1.0,data\pose_features_multi\Kento_MOMOTA_CHOU_Tien_Chen_Fuzhou_Open_2019_Finals\net_shot\set1_rally25_ball9.0.npy
Kento_MOMOTA_CHOU_Tien_Chen_Fuzhou_Open_2019_Finals,data\clips_cropped_multi\Kento_MOMOTA_CHOU_Tien_Chen_Fuzhou_Open_2019_Finals\net_shot\set1_rally27_ball19.0.mp4,net_shot,OK,1.0,1.0,data\pose_features_multi\Kento_MOMOTA_CHOU_Tien_Chen_Fuzhou_Open_2019_Finals\net_shot\set1_rally27_ball19.0.npy
Kento_MOMOTA_CHOU_Tien_Chen_Fuzhou_Open_2019_Finals,data\clips_cropped_multi\Kento_MOMOTA_CHOU_Tien_Chen_Fuzhou_Open_2019_Finals\net_shot\set1_rally27_ball2.0.mp4,net_shot,OK,1.0,1.0,data\pose_features_multi\Kento_MOMOTA_CHOU_Tien_Chen_Fuzhou_Open_2019_Finals\net_shot\set1_rally27_ball2.0.npy
Kento_MOMOTA_CHOU_Tien_Chen_Fuzhou_Open_2019_Finals,data\clips_cropped_multi\Kento_MOMOTA_CHOU_Tien_Chen_Fuzhou_Open_2019_Finals\net_shot\set1_rally27_ball24.0.mp4,net_shot,OK,1.0,1.0,data\pose_features_multi\Kento_MOMOTA_CHOU_Tien_Chen_Fuzhou_Open_2019_Finals\net_shot\set1_rally27_ball24.0.npy
Kento_MOMOTA_CHOU_Tien_Chen_Fuzhou_Open_2019_Finals,data\clips_cropped_multi\Kento_MOMOTA_CHOU_Tien_Chen_Fuzhou_Open_2019_Finals\net_shot\set1_rally27_ball28.0.mp4,net_shot,OK,1.0,1.0,data\pose_features_multi\Kento_MOMOTA_CHOU_Tien_Chen_Fuzhou_Open_2019_Finals\net_shot\set1_rally27_ball28.0.npy
Kento_MOMOTA_CHOU_Tien_Chen_Fuzhou_Open_2019_Finals,data\clips_cropped_multi\Kento_MOMOTA_CHOU_Tien_Chen_Fuzhou_Open_2019_Finals\net_shot\set1_rally27_ball3.0.mp4,net_shot,OK,1.0,0.714,data\pose_features_multi\Kento_MOMOTA_CHOU_Tien_Chen_Fuzhou_Open_2019_Finals\net_shot\set1_rally27_ball3.0.npy
Kento_MOMOTA_CHOU_Tien_Chen_Fuzhou_Open_2019_Finals,data\clips_cropped_multi\Kento_MOMOTA_CHOU_Tien_Chen_Fuzhou_Open_2019_Finals\net_shot\set1_rally30_ball11.0.mp4,net_shot,OK,0.821,0.821,data\pose_features_multi\Kento_MOMOTA_CHOU_Tien_Chen_Fuzhou_Open_2019_Finals\net_shot\set1_rally30_ball11.0.npy
Kento_MOMOTA_CHOU_Tien_Chen_Fuzhou_Open_2019_Finals,data\clips_cropped_multi\Kento_MOMOTA_CHOU_Tien_Chen_Fuzhou_Open_2019_Finals\net_shot\set1_rally30_ball14.0.mp4,net_shot,OK,1.0,1.0,data\pose_features_multi\Kento_MOMOTA_CHOU_Tien_Chen_Fuzhou_Open_2019_Finals\net_shot\set1_rally30_ball14.0.npy
Kento_MOMOTA_CHOU_Tien_Chen_Fuzhou_Open_2019_Finals,data\clips_cropped_multi\Kento_MOMOTA_CHOU_Tien_Chen_Fuzhou_Open_2019_Finals\net_shot\set1_rally30_ball15.0.mp4,net_shot,OK,1.0,1.0,data\pose_features_multi\Kento_MOMOTA_CHOU_Tien_Chen_Fuzhou_Open_2019_Finals\net_shot\set1_rally30_ball15.0.npy
Kento_MOMOTA_CHOU_Tien_Chen_Fuzhou_Open_2019_Finals,data\clips_cropped_multi\Kento_MOMOTA_CHOU_Tien_Chen_Fuzhou_Open_2019_Finals\net_shot\set1_rally33_ball10.0.mp4,net_shot,OK,1.0,1.0,data\pose_features_multi\Kento_MOMOTA_CHOU_Tien_Chen_Fuzhou_Open_2019_Finals\net_shot\set1_rally33_ball10.0.npy
Kento_MOMOTA_CHOU_Tien_Chen_Fuzhou_Open_2019_Finals,data\clips_cropped_multi\Kento_MOMOTA_CHOU_Tien_Chen_Fuzhou_Open_2019_Finals\net_shot\set1_rally36_ball17.0.mp4,net_shot,OK,1.0,1.0,data\pose_features_multi\Kento_MOMOTA_CHOU_Tien_Chen_Fuzhou_Open_2019_Finals\net_shot\set1_rally36_ball17.0.npy
Kento_MOMOTA_CHOU_Tien_Chen_Fuzhou_Open_2019_Finals,data\clips_cropped_multi\Kento_MOMOTA_CHOU_Tien_Chen_Fuzhou_Open_2019_Finals\net_shot\set1_rally3_ball10.0.mp4,net_shot,OK,1.0,1.0,data\pose_features_multi\Kento_MOMOTA_CHOU_Tien_Chen_Fuzhou_Open_2019_Finals\net_shot\set1_rally3_ball10.0.npy
Kento_MOMOTA_CHOU_Tien_Chen_Fuzhou_Open_2019_Finals,data\clips_cropped_multi\Kento_MOMOTA_CHOU_Tien_Chen_Fuzhou_Open_2019_Finals\net_shot\set1_rally3_ball2.0.mp4,net_shot,OK,0.786,0.786,data\pose_features_multi\Kento_MOMOTA_CHOU_Tien_Chen_Fuzhou_Open_2019_Finals\net_shot\set1_rally3_ball2.0.npy
Kento_MOMOTA_CHOU_Tien_Chen_Fuzhou_Open_2019_Finals,data\clips_cropped_multi\Kento_MOMOTA_CHOU_Tien_Chen_Fuzhou_Open_2019_Finals\net_shot\set1_rally4_ball2.0.mp4,net_shot,OK,1.0,0.429,data\pose_features_multi\Kento_MOMOTA_CHOU_Tien_Chen_Fuzhou_Open_2019_Finals\net_shot\set1_rally4_ball2.0.npy
Kento_MOMOTA_CHOU_Tien_Chen_Fuzhou_Open_2019_Finals,data\clips_cropped_multi\Kento_MOMOTA_CHOU_Tien_Chen_Fuzhou_Open_2019_Finals\net_shot\set1_rally4_ball3.0.mp4,net_shot,OK,1.0,1.0,data\pose_features_multi\Kento_MOMOTA_CHOU_Tien_Chen_Fuzhou_Open_2019_Finals\net_shot\set1_rally4_ball3.0.npy
Kento_MOMOTA_CHOU_Tien_Chen_Fuzhou_Open_2019_Finals,data\clips_cropped_multi\Kento_MOMOTA_CHOU_Tien_Chen_Fuzhou_Open_2019_Finals\net_shot\set1_rally4_ball4.0.mp4,net_shot,OK,1.0,1.0,data\pose_features_multi\Kento_MOMOTA_CHOU_Tien_Chen_Fuzhou_Open_2019_Finals\net_shot\set1_rally4_ball4.0.npy
Kento_MOMOTA_CHOU_Tien_Chen_Fuzhou_Open_2019_Finals,data\clips_cropped_multi\Kento_MOMOTA_CHOU_Tien_Chen_Fuzhou_Open_2019_Finals\net_shot\set1_rally9_ball2.0.mp4,net_shot,OK,0.911,0.911,data\pose_features_multi\Kento_MOMOTA_CHOU_Tien_Chen_Fuzhou_Open_2019_Finals\net_shot\set1_rally9_ball2.0.npy
Kento_MOMOTA_CHOU_Tien_Chen_Fuzhou_Open_2019_Finals,data\clips_cropped_multi\Kento_MOMOTA_CHOU_Tien_Chen_Fuzhou_Open_2019_Finals\net_shot\set1_rally9_ball20.0.mp4,net_shot,OK,1.0,1.0,data\pose_features_multi\Kento_MOMOTA_CHOU_Tien_Chen_Fuzhou_Open_2019_Finals\net_shot\set1_rally9_ball20.0.npy
Kento_MOMOTA_CHOU_Tien_Chen_Fuzhou_Open_2019_Finals,data\clips_cropped_multi\Kento_MOMOTA_CHOU_Tien_Chen_Fuzhou_Open_2019_Finals\net_shot\set1_rally9_ball3.0.mp4,net_shot,OK,1.0,0.75,data\pose_features_multi\Kento_MOMOTA_CHOU_Tien_Chen_Fuzhou_Open_2019_Finals\net_shot\set1_rally9_ball3.0.npy
Kento_MOMOTA_CHOU_Tien_Chen_Fuzhou_Open_2019_Finals,data\clips_cropped_multi\Kento_MOMOTA_CHOU_Tien_Chen_Fuzhou_Open_2019_Finals\net_shot\set2_rally11_ball5.0.mp4,net_shot,OK,1.0,1.0,data\pose_features_multi\Kento_MOMOTA_CHOU_Tien_Chen_Fuzhou_Open_2019_Finals\net_shot\set2_rally11_ball5.0.npy
Kento_MOMOTA_CHOU_Tien_Chen_Fuzhou_Open_2019_Finals,data\clips_cropped_multi\Kento_MOMOTA_CHOU_Tien_Chen_Fuzhou_Open_2019_Finals\net_shot\set2_rally12_ball11.0.mp4,net_shot,OK,1.0,1.0,data\pose_features_multi\Kento_MOMOTA_CHOU_Tien_Chen_Fuzhou_Open_2019_Finals\net_shot\set2_rally12_ball11.0.npy
Kento_MOMOTA_CHOU_Tien_Chen_Fuzhou_Open_2019_Finals,data\clips_cropped_multi\Kento_MOMOTA_CHOU_Tien_Chen_Fuzhou_Open_2019_Finals\net_shot\set2_rally12_ball14.0.mp4,net_shot,OK,0.929,0.929,data\pose_features_multi\Kento_MOMOTA_CHOU_Tien_Chen_Fuzhou_Open_2019_Finals\net_shot\set2_rally12_ball14.0.npy
Kento_MOMOTA_CHOU_Tien_Chen_Fuzhou_Open_2019_Finals,data\clips_cropped_multi\Kento_MOMOTA_CHOU_Tien_Chen_Fuzhou_Open_2019_Finals\net_shot\set2_rally13_ball2.0.mp4,net_shot,OK,1.0,0.911,data\pose_features_multi\Kento_MOMOTA_CHOU_Tien_Chen_Fuzhou_Open_2019_Finals\net_shot\set2_rally13_ball2.0.npy
Kento_MOMOTA_CHOU_Tien_Chen_Fuzhou_Open_2019_Finals,data\clips_cropped_multi\Kento_MOMOTA_CHOU_Tien_Chen_Fuzhou_Open_2019_Finals\net_shot\set2_rally13_ball3.0.mp4,net_shot,POSE_INSUFFICIENT,0.375,0.911,data\pose_features_multi\Kento_MOMOTA_CHOU_Tien_Chen_Fuzhou_Open_2019_Finals\net_shot\set2_rally13_ball3.0.npy
Kento_MOMOTA_CHOU_Tien_Chen_Fuzhou_Open_2019_Finals,data\clips_cropped_multi\Kento_MOMOTA_CHOU_Tien_Chen_Fuzhou_Open_2019_Finals\net_shot\set2_rally15_ball8.0.mp4,net_shot,OK,0.964,0.964,data\pose_features_multi\Kento_MOMOTA_CHOU_Tien_Chen_Fuzhou_Open_2019_Finals\net_shot\set2_rally15_ball8.0.npy
Kento_MOMOTA_CHOU_Tien_Chen_Fuzhou_Open_2019_Finals,data\clips_cropped_multi\Kento_MOMOTA_CHOU_Tien_Chen_Fuzhou_Open_2019_Finals\net_shot\set2_rally21_ball10.0.mp4,net_shot,OK,1.0,1.0,data\pose_features_multi\Kento_MOMOTA_CHOU_Tien_Chen_Fuzhou_Open_2019_Finals\net_shot\set2_rally21_ball10.0.npy
Kento_MOMOTA_CHOU_Tien_Chen_Fuzhou_Open_2019_Finals,data\clips_cropped_multi\Kento_MOMOTA_CHOU_Tien_Chen_Fuzhou_Open_2019_Finals\net_shot\set2_rally21_ball7.0.mp4,net_shot,OK,1.0,1.0,data\pose_features_multi\Kento_MOMOTA_CHOU_Tien_Chen_Fuzhou_Open_2019_Finals\net_shot\set2_rally21_ball7.0.npy
Kento_MOMOTA_CHOU_Tien_Chen_Fuzhou_Open_2019_Finals,data\clips_cropped_multi\Kento_MOMOTA_CHOU_Tien_Chen_Fuzhou_Open_2019_Finals\net_shot\set2_rally21_ball8.0.mp4,net_shot,OK,1.0,1.0,data\pose_features_multi\Kento_MOMOTA_CHOU_Tien_Chen_Fuzhou_Open_2019_Finals\net_shot\set2_rally21_ball8.0.npy
Kento_MOMOTA_CHOU_Tien_Chen_Fuzhou_Open_2019_Finals,data\clips_cropped_multi\Kento_MOMOTA_CHOU_Tien_Chen_Fuzhou_Open_2019_Finals\net_shot\set2_rally21_ball9.0.mp4,net_shot,OK,1.0,1.0,data\pose_features_multi\Kento_MOMOTA_CHOU_Tien_Chen_Fuzhou_Open_2019_Finals\net_shot\set2_rally21_ball9.0.npy
Kento_MOMOTA_CHOU_Tien_Chen_Fuzhou_Open_2019_Finals,data\clips_cropped_multi\Kento_MOMOTA_CHOU_Tien_Chen_Fuzhou_Open_2019_Finals\net_shot\set2_rally22_ball8.0.mp4,net_shot,OK,1.0,1.0,data\pose_features_multi\Kento_MOMOTA_CHOU_Tien_Chen_Fuzhou_Open_2019_Finals\net_shot\set2_rally22_ball8.0.npy
Kento_MOMOTA_CHOU_Tien_Chen_Fuzhou_Open_2019_Finals,data\clips_cropped_multi\Kento_MOMOTA_CHOU_Tien_Chen_Fuzhou_Open_2019_Finals\net_shot\set2_rally23_ball3.0.mp4,net_shot,OK,1.0,1.0,data\pose_features_multi\Kento_MOMOTA_CHOU_Tien_Chen_Fuzhou_Open_2019_Finals\net_shot\set2_rally23_ball3.0.npy
Kento_MOMOTA_CHOU_Tien_Chen_Fuzhou_Open_2019_Finals,data\clips_cropped_multi\Kento_MOMOTA_CHOU_Tien_Chen_Fuzhou_Open_2019_Finals\net_shot\set2_rally23_ball7.0.mp4,net_shot,OK,1.0,0.732,data\pose_features_multi\Kento_MOMOTA_CHOU_Tien_Chen_Fuzhou_Open_2019_Finals\net_shot\set2_rally23_ball7.0.npy
Kento_MOMOTA_CHOU_Tien_Chen_Fuzhou_Open_2019_Finals,data\clips_cropped_multi\Kento_MOMOTA_CHOU_Tien_Chen_Fuzhou_Open_2019_Finals\net_shot\set2_rally24_ball13.0.mp4,net_shot,OK,1.0,1.0,data\pose_features_multi\Kento_MOMOTA_CHOU_Tien_Chen_Fuzhou_Open_2019_Finals\net_shot\set2_rally24_ball13.0.npy
Kento_MOMOTA_CHOU_Tien_Chen_Fuzhou_Open_2019_Finals,data\clips_cropped_multi\Kento_MOMOTA_CHOU_Tien_Chen_Fuzhou_Open_2019_Finals\net_shot\set2_rally24_ball23.0.mp4,net_shot,OK,1.0,1.0,data\pose_features_multi\Kento_MOMOTA_CHOU_Tien_Chen_Fuzhou_Open_2019_Finals\net_shot\set2_rally24_ball23.0.npy
Kento_MOMOTA_CHOU_Tien_Chen_Fuzhou_Open_2019_Finals,data\clips_cropped_multi\Kento_MOMOTA_CHOU_Tien_Chen_Fuzhou_Open_2019_Finals\net_shot\set2_rally25_ball27.0.mp4,net_shot,OK,0.964,0.964,data\pose_features_multi\Kento_MOMOTA_CHOU_Tien_Chen_Fuzhou_Open_2019_Finals\net_shot\set2_rally25_ball27.0.npy
Kento_MOMOTA_CHOU_Tien_Chen_Fuzhou_Open_2019_Finals,data\clips_cropped_multi\Kento_MOMOTA_CHOU_Tien_Chen_Fuzhou_Open_2019_Finals\net_shot\set2_rally25_ball28.0.mp4,net_shot,OK,1.0,1.0,data\pose_features_multi\Kento_MOMOTA_CHOU_Tien_Chen_Fuzhou_Open_2019_Finals\net_shot\set2_rally25_ball28.0.npy
Kento_MOMOTA_CHOU_Tien_Chen_Fuzhou_Open_2019_Finals,data\clips_cropped_multi\Kento_MOMOTA_CHOU_Tien_Chen_Fuzhou_Open_2019_Finals\net_shot\set2_rally25_ball4.0.mp4,net_shot,OK,1.0,1.0,data\pose_features_multi\Kento_MOMOTA_CHOU_Tien_Chen_Fuzhou_Open_2019_Finals\net_shot\set2_rally25_ball4.0.npy
Kento_MOMOTA_CHOU_Tien_Chen_Fuzhou_Open_2019_Finals,data\clips_cropped_multi\Kento_MOMOTA_CHOU_Tien_Chen_Fuzhou_Open_2019_Finals\net_shot\set2_rally28_ball26.0.mp4,net_shot,OK,1.0,1.0,data\pose_features_multi\Kento_MOMOTA_CHOU_Tien_Chen_Fuzhou_Open_2019_Finals\net_shot\set2_rally28_ball26.0.npy
Kento_MOMOTA_CHOU_Tien_Chen_Fuzhou_Open_2019_Finals,data\clips_cropped_multi\Kento_MOMOTA_CHOU_Tien_Chen_Fuzhou_Open_2019_Finals\net_shot\set2_rally2_ball2.0.mp4,net_shot,OK,1.0,0.839,data\pose_features_multi\Kento_MOMOTA_CHOU_Tien_Chen_Fuzhou_Open_2019_Finals\net_shot\set2_rally2_ball2.0.npy
Kento_MOMOTA_CHOU_Tien_Chen_Fuzhou_Open_2019_Finals,data\clips_cropped_multi\Kento_MOMOTA_CHOU_Tien_Chen_Fuzhou_Open_2019_Finals\net_shot\set2_rally30_ball13.0.mp4,net_shot,OK,1.0,1.0,data\pose_features_multi\Kento_MOMOTA_CHOU_Tien_Chen_Fuzhou_Open_2019_Finals\net_shot\set2_rally30_ball13.0.npy
Kento_MOMOTA_CHOU_Tien_Chen_Fuzhou_Open_2019_Finals,data\clips_cropped_multi\Kento_MOMOTA_CHOU_Tien_Chen_Fuzhou_Open_2019_Finals\net_shot\set2_rally32_ball2.0.mp4,net_shot,OK,1.0,0.536,data\pose_features_multi\Kento_MOMOTA_CHOU_Tien_Chen_Fuzhou_Open_2019_Finals\net_shot\set2_rally32_ball2.0.npy
Kento_MOMOTA_CHOU_Tien_Chen_Fuzhou_Open_2019_Finals,data\clips_cropped_multi\Kento_MOMOTA_CHOU_Tien_Chen_Fuzhou_Open_2019_Finals\net_shot\set2_rally33_ball15.0.mp4,net_shot,OK,1.0,1.0,data\pose_features_multi\Kento_MOMOTA_CHOU_Tien_Chen_Fuzhou_Open_2019_Finals\net_shot\set2_rally33_ball15.0.npy
Kento_MOMOTA_CHOU_Tien_Chen_Fuzhou_Open_2019_Finals,data\clips_cropped_multi\Kento_MOMOTA_CHOU_Tien_Chen_Fuzhou_Open_2019_Finals\net_shot\set2_rally34_ball28.0.mp4,net_shot,OK,1.0,1.0,data\pose_features_multi\Kento_MOMOTA_CHOU_Tien_Chen_Fuzhou_Open_2019_Finals\net_shot\set2_rally34_ball28.0.npy
Kento_MOMOTA_CHOU_Tien_Chen_Fuzhou_Open_2019_Finals,data\clips_cropped_multi\Kento_MOMOTA_CHOU_Tien_Chen_Fuzhou_Open_2019_Finals\net_shot\set2_rally34_ball8.0.mp4,net_shot,OK,1.0,1.0,data\pose_features_multi\Kento_MOMOTA_CHOU_Tien_Chen_Fuzhou_Open_2019_Finals\net_shot\set2_rally34_ball8.0.npy
Kento_MOMOTA_CHOU_Tien_Chen_Fuzhou_Open_2019_Finals,data\clips_cropped_multi\Kento_MOMOTA_CHOU_Tien_Chen_Fuzhou_Open_2019_Finals\net_shot\set2_rally35_ball3.0.mp4,net_shot,OK,1.0,1.0,data\pose_features_multi\Kento_MOMOTA_CHOU_Tien_Chen_Fuzhou_Open_2019_Finals\net_shot\set2_rally35_ball3.0.npy
Kento_MOMOTA_CHOU_Tien_Chen_Fuzhou_Open_2019_Finals,data\clips_cropped_multi\Kento_MOMOTA_CHOU_Tien_Chen_Fuzhou_Open_2019_Finals\net_shot\set2_rally36_ball14.0.mp4,net_shot,OK,1.0,0.857,data\pose_features_multi\Kento_MOMOTA_CHOU_Tien_Chen_Fuzhou_Open_2019_Finals\net_shot\set2_rally36_ball14.0.npy
Kento_MOMOTA_CHOU_Tien_Chen_Fuzhou_Open_2019_Finals,data\clips_cropped_multi\Kento_MOMOTA_CHOU_Tien_Chen_Fuzhou_Open_2019_Finals\net_shot\set2_rally36_ball2.0.mp4,net_shot,OK,1.0,0.821,data\pose_features_multi\Kento_MOMOTA_CHOU_Tien_Chen_Fuzhou_Open_2019_Finals\net_shot\set2_rally36_ball2.0.npy
Kento_MOMOTA_CHOU_Tien_Chen_Fuzhou_Open_2019_Finals,data\clips_cropped_multi\Kento_MOMOTA_CHOU_Tien_Chen_Fuzhou_Open_2019_Finals\net_shot\set2_rally36_ball21.0.mp4,net_shot,OK,1.0,1.0,data\pose_features_multi\Kento_MOMOTA_CHOU_Tien_Chen_Fuzhou_Open_2019_Finals\net_shot\set2_rally36_ball21.0.npy
Kento_MOMOTA_CHOU_Tien_Chen_Fuzhou_Open_2019_Finals,data\clips_cropped_multi\Kento_MOMOTA_CHOU_Tien_Chen_Fuzhou_Open_2019_Finals\net_shot\set2_rally36_ball24.0.mp4,net_shot,OK,1.0,1.0,data\pose_features_multi\Kento_MOMOTA_CHOU_Tien_Chen_Fuzhou_Open_2019_Finals\net_shot\set2_rally36_ball24.0.npy
Kento_MOMOTA_CHOU_Tien_Chen_Fuzhou_Open_2019_Finals,data\clips_cropped_multi\Kento_MOMOTA_CHOU_Tien_Chen_Fuzhou_Open_2019_Finals\net_shot\set2_rally36_ball28.0.mp4,net_shot,OK,1.0,1.0,data\pose_features_multi\Kento_MOMOTA_CHOU_Tien_Chen_Fuzhou_Open_2019_Finals\net_shot\set2_rally36_ball28.0.npy
Kento_MOMOTA_CHOU_Tien_Chen_Fuzhou_Open_2019_Finals,data\clips_cropped_multi\Kento_MOMOTA_CHOU_Tien_Chen_Fuzhou_Open_2019_Finals\net_shot\set2_rally36_ball29.0.mp4,net_shot,OK,1.0,1.0,data\pose_features_multi\Kento_MOMOTA_CHOU_Tien_Chen_Fuzhou_Open_2019_Finals\net_shot\set2_rally36_ball29.0.npy
Kento_MOMOTA_CHOU_Tien_Chen_Fuzhou_Open_2019_Finals,data\clips_cropped_multi\Kento_MOMOTA_CHOU_Tien_Chen_Fuzhou_Open_2019_Finals\net_shot\set2_rally36_ball32.0.mp4,net_shot,OK,1.0,1.0,data\pose_features_multi\Kento_MOMOTA_CHOU_Tien_Chen_Fuzhou_Open_2019_Finals\net_shot\set2_rally36_ball32.0.npy
Kento_MOMOTA_CHOU_Tien_Chen_Fuzhou_Open_2019_Finals,data\clips_cropped_multi\Kento_MOMOTA_CHOU_Tien_Chen_Fuzhou_Open_2019_Finals\net_shot\set2_rally36_ball6.0.mp4,net_shot,OK,1.0,0.696,data\pose_features_multi\Kento_MOMOTA_CHOU_Tien_Chen_Fuzhou_Open_2019_Finals\net_shot\set2_rally36_ball6.0.npy
Kento_MOMOTA_CHOU_Tien_Chen_Fuzhou_Open_2019_Finals,data\clips_cropped_multi\Kento_MOMOTA_CHOU_Tien_Chen_Fuzhou_Open_2019_Finals\net_shot\set2_rally36_ball7.0.mp4,net_shot,OK,1.0,1.0,data\pose_features_multi\Kento_MOMOTA_CHOU_Tien_Chen_Fuzhou_Open_2019_Finals\net_shot\set2_rally36_ball7.0.npy
Kento_MOMOTA_CHOU_Tien_Chen_Fuzhou_Open_2019_Finals,data\clips_cropped_multi\Kento_MOMOTA_CHOU_Tien_Chen_Fuzhou_Open_2019_Finals\net_shot\set2_rally36_ball8.0.mp4,net_shot,OK,1.0,1.0,data\pose_features_multi\Kento_MOMOTA_CHOU_Tien_Chen_Fuzhou_Open_2019_Finals\net_shot\set2_rally36_ball8.0.npy
Kento_MOMOTA_CHOU_Tien_Chen_Fuzhou_Open_2019_Finals,data\clips_cropped_multi\Kento_MOMOTA_CHOU_Tien_Chen_Fuzhou_Open_2019_Finals\net_shot\set2_rally38_ball5.0.mp4,net_shot,OK,1.0,1.0,data\pose_features_multi\Kento_MOMOTA_CHOU_Tien_Chen_Fuzhou_Open_2019_Finals\net_shot\set2_rally38_ball5.0.npy
Kento_MOMOTA_CHOU_Tien_Chen_Fuzhou_Open_2019_Finals,data\clips_cropped_multi\Kento_MOMOTA_CHOU_Tien_Chen_Fuzhou_Open_2019_Finals\net_shot\set2_rally3_ball3.0.mp4,net_shot,OK,0.946,0.589,data\pose_features_multi\Kento_MOMOTA_CHOU_Tien_Chen_Fuzhou_Open_2019_Finals\net_shot\set2_rally3_ball3.0.npy
Kento_MOMOTA_CHOU_Tien_Chen_Fuzhou_Open_2019_Finals,data\clips_cropped_multi\Kento_MOMOTA_CHOU_Tien_Chen_Fuzhou_Open_2019_Finals\net_shot\set2_rally6_ball3.0.mp4,net_shot,OK,1.0,1.0,data\pose_features_multi\Kento_MOMOTA_CHOU_Tien_Chen_Fuzhou_Open_2019_Finals\net_shot\set2_rally6_ball3.0.npy
Kento_MOMOTA_CHOU_Tien_Chen_Fuzhou_Open_2019_Finals,data\clips_cropped_multi\Kento_MOMOTA_CHOU_Tien_Chen_Fuzhou_Open_2019_Finals\net_shot\set2_rally7_ball10.0.mp4,net_shot,OK,1.0,1.0,data\pose_features_multi\Kento_MOMOTA_CHOU_Tien_Chen_Fuzhou_Open_2019_Finals\net_shot\set2_rally7_ball10.0.npy
Kento_MOMOTA_CHOU_Tien_Chen_Fuzhou_Open_2019_Finals,data\clips_cropped_multi\Kento_MOMOTA_CHOU_Tien_Chen_Fuzhou_Open_2019_Finals\net_shot\set2_rally7_ball15.0.mp4,net_shot,OK,1.0,1.0,data\pose_features_multi\Kento_MOMOTA_CHOU_Tien_Chen_Fuzhou_Open_2019_Finals\net_shot\set2_rally7_ball15.0.npy
Kento_MOMOTA_CHOU_Tien_Chen_Fuzhou_Open_2019_Finals,data\clips_cropped_multi\Kento_MOMOTA_CHOU_Tien_Chen_Fuzhou_Open_2019_Finals\net_shot\set2_rally7_ball16.0.mp4,net_shot,OK,1.0,1.0,data\pose_features_multi\Kento_MOMOTA_CHOU_Tien_Chen_Fuzhou_Open_2019_Finals\net_shot\set2_rally7_ball16.0.npy
Kento_MOMOTA_CHOU_Tien_Chen_Fuzhou_Open_2019_Finals,data\clips_cropped_multi\Kento_MOMOTA_CHOU_Tien_Chen_Fuzhou_Open_2019_Finals\net_shot\set2_rally7_ball2.0.mp4,net_shot,OK,1.0,0.179,data\pose_features_multi\Kento_MOMOTA_CHOU_Tien_Chen_Fuzhou_Open_2019_Finals\net_shot\set2_rally7_ball2.0.npy
Kento_MOMOTA_CHOU_Tien_Chen_Fuzhou_Open_2019_Finals,data\clips_cropped_multi\Kento_MOMOTA_CHOU_Tien_Chen_Fuzhou_Open_2019_Finals\net_shot\set2_rally7_ball3.0.mp4,net_shot,POSE_INSUFFICIENT,0.0,0.125,data\pose_features_multi\Kento_MOMOTA_CHOU_Tien_Chen_Fuzhou_Open_2019_Finals\net_shot\set2_rally7_ball3.0.npy
Kento_MOMOTA_CHOU_Tien_Chen_Fuzhou_Open_2019_Finals,data\clips_cropped_multi\Kento_MOMOTA_CHOU_Tien_Chen_Fuzhou_Open_2019_Finals\net_shot\set2_rally7_ball8.0.mp4,net_shot,OK,1.0,0.786,data\pose_features_multi\Kento_MOMOTA_CHOU_Tien_Chen_Fuzhou_Open_2019_Finals\net_shot\set2_rally7_ball8.0.npy
Kento_MOMOTA_CHOU_Tien_Chen_Fuzhou_Open_2019_Finals,data\clips_cropped_multi\Kento_MOMOTA_CHOU_Tien_Chen_Fuzhou_Open_2019_Finals\net_shot\set2_rally7_ball9.0.mp4,net_shot,OK,1.0,1.0,data\pose_features_multi\Kento_MOMOTA_CHOU_Tien_Chen_Fuzhou_Open_2019_Finals\net_shot\set2_rally7_ball9.0.npy
Kento_MOMOTA_CHOU_Tien_Chen_Fuzhou_Open_2019_Finals,data\clips_cropped_multi\Kento_MOMOTA_CHOU_Tien_Chen_Fuzhou_Open_2019_Finals\net_shot\set2_rally9_ball26.0.mp4,net_shot,OK,1.0,1.0,data\pose_features_multi\Kento_MOMOTA_CHOU_Tien_Chen_Fuzhou_Open_2019_Finals\net_shot\set2_rally9_ball26.0.npy
Kento_MOMOTA_CHOU_Tien_Chen_Fuzhou_Open_2019_Finals,data\clips_cropped_multi\Kento_MOMOTA_CHOU_Tien_Chen_Fuzhou_Open_2019_Finals\net_shot\set3_rally10_ball11.0.mp4,net_shot,OK,1.0,1.0,data\pose_features_multi\Kento_MOMOTA_CHOU_Tien_Chen_Fuzhou_Open_2019_Finals\net_shot\set3_rally10_ball11.0.npy
Kento_MOMOTA_CHOU_Tien_Chen_Fuzhou_Open_2019_Finals,data\clips_cropped_multi\Kento_MOMOTA_CHOU_Tien_Chen_Fuzhou_Open_2019_Finals\net_shot\set3_rally10_ball21.0.mp4,net_shot,OK,1.0,0.804,data\pose_features_multi\Kento_MOMOTA_CHOU_Tien_Chen_Fuzhou_Open_2019_Finals\net_shot\set3_rally10_ball21.0.npy
Kento_MOMOTA_CHOU_Tien_Chen_Fuzhou_Open_2019_Finals,data\clips_cropped_multi\Kento_MOMOTA_CHOU_Tien_Chen_Fuzhou_Open_2019_Finals\net_shot\set3_rally11_ball12.0.mp4,net_shot,OK,1.0,1.0,data\pose_features_multi\Kento_MOMOTA_CHOU_Tien_Chen_Fuzhou_Open_2019_Finals\net_shot\set3_rally11_ball12.0.npy
Kento_MOMOTA_CHOU_Tien_Chen_Fuzhou_Open_2019_Finals,data\clips_cropped_multi\Kento_MOMOTA_CHOU_Tien_Chen_Fuzhou_Open_2019_Finals\net_shot\set3_rally12_ball5.0.mp4,net_shot,OK,1.0,1.0,data\pose_features_multi\Kento_MOMOTA_CHOU_Tien_Chen_Fuzhou_Open_2019_Finals\net_shot\set3_rally12_ball5.0.npy
Kento_MOMOTA_CHOU_Tien_Chen_Fuzhou_Open_2019_Finals,data\clips_cropped_multi\Kento_MOMOTA_CHOU_Tien_Chen_Fuzhou_Open_2019_Finals\net_shot\set3_rally14_ball6.0.mp4,net_shot,OK,1.0,1.0,data\pose_features_multi\Kento_MOMOTA_CHOU_Tien_Chen_Fuzhou_Open_2019_Finals\net_shot\set3_rally14_ball6.0.npy
Kento_MOMOTA_CHOU_Tien_Chen_Fuzhou_Open_2019_Finals,data\clips_cropped_multi\Kento_MOMOTA_CHOU_Tien_Chen_Fuzhou_Open_2019_Finals\net_shot\set3_rally14_ball7.0.mp4,net_shot,OK,1.0,1.0,data\pose_features_multi\Kento_MOMOTA_CHOU_Tien_Chen_Fuzhou_Open_2019_Finals\net_shot\set3_rally14_ball7.0.npy
Kento_MOMOTA_CHOU_Tien_Chen_Fuzhou_Open_2019_Finals,data\clips_cropped_multi\Kento_MOMOTA_CHOU_Tien_Chen_Fuzhou_Open_2019_Finals\net_shot\set3_rally16_ball11.0.mp4,net_shot,OK,1.0,1.0,data\pose_features_multi\Kento_MOMOTA_CHOU_Tien_Chen_Fuzhou_Open_2019_Finals\net_shot\set3_rally16_ball11.0.npy
Kento_MOMOTA_CHOU_Tien_Chen_Fuzhou_Open_2019_Finals,data\clips_cropped_multi\Kento_MOMOTA_CHOU_Tien_Chen_Fuzhou_Open_2019_Finals\net_shot\set3_rally16_ball5.0.mp4,net_shot,OK,1.0,1.0,data\pose_features_multi\Kento_MOMOTA_CHOU_Tien_Chen_Fuzhou_Open_2019_Finals\net_shot\set3_rally16_ball5.0.npy
Kento_MOMOTA_CHOU_Tien_Chen_Fuzhou_Open_2019_Finals,data\clips_cropped_multi\Kento_MOMOTA_CHOU_Tien_Chen_Fuzhou_Open_2019_Finals\net_shot\set3_rally16_ball6.0.mp4,net_shot,OK,1.0,1.0,data\pose_features_multi\Kento_MOMOTA_CHOU_Tien_Chen_Fuzhou_Open_2019_Finals\net_shot\set3_rally16_ball6.0.npy
Kento_MOMOTA_CHOU_Tien_Chen_Fuzhou_Open_2019_Finals,data\clips_cropped_multi\Kento_MOMOTA_CHOU_Tien_Chen_Fuzhou_Open_2019_Finals\net_shot\set3_rally17_ball13.0.mp4,net_shot,OK,1.0,1.0,data\pose_features_multi\Kento_MOMOTA_CHOU_Tien_Chen_Fuzhou_Open_2019_Finals\net_shot\set3_rally17_ball13.0.npy
Kento_MOMOTA_CHOU_Tien_Chen_Fuzhou_Open_2019_Finals,data\clips_cropped_multi\Kento_MOMOTA_CHOU_Tien_Chen_Fuzhou_Open_2019_Finals\net_shot\set3_rally17_ball8.0.mp4,net_shot,OK,1.0,1.0,data\pose_features_multi\Kento_MOMOTA_CHOU_Tien_Chen_Fuzhou_Open_2019_Finals\net_shot\set3_rally17_ball8.0.npy
Kento_MOMOTA_CHOU_Tien_Chen_Fuzhou_Open_2019_Finals,data\clips_cropped_multi\Kento_MOMOTA_CHOU_Tien_Chen_Fuzhou_Open_2019_Finals\net_shot\set3_rally19_ball13.0.mp4,net_shot,OK,1.0,1.0,data\pose_features_multi\Kento_MOMOTA_CHOU_Tien_Chen_Fuzhou_Open_2019_Finals\net_shot\set3_rally19_ball13.0.npy
Kento_MOMOTA_CHOU_Tien_Chen_Fuzhou_Open_2019_Finals,data\clips_cropped_multi\Kento_MOMOTA_CHOU_Tien_Chen_Fuzhou_Open_2019_Finals\net_shot\set3_rally19_ball14.0.mp4,net_shot,OK,1.0,1.0,data\pose_features_multi\Kento_MOMOTA_CHOU_Tien_Chen_Fuzhou_Open_2019_Finals\net_shot\set3_rally19_ball14.0.npy
Kento_MOMOTA_CHOU_Tien_Chen_Fuzhou_Open_2019_Finals,data\clips_cropped_multi\Kento_MOMOTA_CHOU_Tien_Chen_Fuzhou_Open_2019_Finals\net_shot\set3_rally19_ball19.0.mp4,net_shot,OK,1.0,0.929,data\pose_features_multi\Kento_MOMOTA_CHOU_Tien_Chen_Fuzhou_Open_2019_Finals\net_shot\set3_rally19_ball19.0.npy
Kento_MOMOTA_CHOU_Tien_Chen_Fuzhou_Open_2019_Finals,data\clips_cropped_multi\Kento_MOMOTA_CHOU_Tien_Chen_Fuzhou_Open_2019_Finals\net_shot\set3_rally19_ball2.0.mp4,net_shot,OK,1.0,1.0,data\pose_features_multi\Kento_MOMOTA_CHOU_Tien_Chen_Fuzhou_Open_2019_Finals\net_shot\set3_rally19_ball2.0.npy
Kento_MOMOTA_CHOU_Tien_Chen_Fuzhou_Open_2019_Finals,data\clips_cropped_multi\Kento_MOMOTA_CHOU_Tien_Chen_Fuzhou_Open_2019_Finals\net_shot\set3_rally19_ball25.0.mp4,net_shot,OK,1.0,0.857,data\pose_features_multi\Kento_MOMOTA_CHOU_Tien_Chen_Fuzhou_Open_2019_Finals\net_shot\set3_rally19_ball25.0.npy
Kento_MOMOTA_CHOU_Tien_Chen_Fuzhou_Open_2019_Finals,data\clips_cropped_multi\Kento_MOMOTA_CHOU_Tien_Chen_Fuzhou_Open_2019_Finals\net_shot\set3_rally19_ball28.0.mp4,net_shot,OK,1.0,1.0,data\pose_features_multi\Kento_MOMOTA_CHOU_Tien_Chen_Fuzhou_Open_2019_Finals\net_shot\set3_rally19_ball28.0.npy
Kento_MOMOTA_CHOU_Tien_Chen_Fuzhou_Open_2019_Finals,data\clips_cropped_multi\Kento_MOMOTA_CHOU_Tien_Chen_Fuzhou_Open_2019_Finals\net_shot\set3_rally19_ball3.0.mp4,net_shot,OK,1.0,0.982,data\pose_features_multi\Kento_MOMOTA_CHOU_Tien_Chen_Fuzhou_Open_2019_Finals\net_shot\set3_rally19_ball3.0.npy
Kento_MOMOTA_CHOU_Tien_Chen_Fuzhou_Open_2019_Finals,data\clips_cropped_multi\Kento_MOMOTA_CHOU_Tien_Chen_Fuzhou_Open_2019_Finals\net_shot\set3_rally19_ball32.0.mp4,net_shot,OK,1.0,1.0,data\pose_features_multi\Kento_MOMOTA_CHOU_Tien_Chen_Fuzhou_Open_2019_Finals\net_shot\set3_rally19_ball32.0.npy
Kento_MOMOTA_CHOU_Tien_Chen_Fuzhou_Open_2019_Finals,data\clips_cropped_multi\Kento_MOMOTA_CHOU_Tien_Chen_Fuzhou_Open_2019_Finals\net_shot\set3_rally19_ball33.0.mp4,net_shot,OK,1.0,1.0,data\pose_features_multi\Kento_MOMOTA_CHOU_Tien_Chen_Fuzhou_Open_2019_Finals\net_shot\set3_rally19_ball33.0.npy
Kento_MOMOTA_CHOU_Tien_Chen_Fuzhou_Open_2019_Finals,data\clips_cropped_multi\Kento_MOMOTA_CHOU_Tien_Chen_Fuzhou_Open_2019_Finals\net_shot\set3_rally19_ball36.0.mp4,net_shot,OK,1.0,1.0,data\pose_features_multi\Kento_MOMOTA_CHOU_Tien_Chen_Fuzhou_Open_2019_Finals\net_shot\set3_rally19_ball36.0.npy
Kento_MOMOTA_CHOU_Tien_Chen_Fuzhou_Open_2019_Finals,data\clips_cropped_multi\Kento_MOMOTA_CHOU_Tien_Chen_Fuzhou_Open_2019_Finals\net_shot\set3_rally1_ball2.0.mp4,net_shot,OK,1.0,0.429,data\pose_features_multi\Kento_MOMOTA_CHOU_Tien_Chen_Fuzhou_Open_2019_Finals\net_shot\set3_rally1_ball2.0.npy
Kento_MOMOTA_CHOU_Tien_Chen_Fuzhou_Open_2019_Finals,data\clips_cropped_multi\Kento_MOMOTA_CHOU_Tien_Chen_Fuzhou_Open_2019_Finals\net_shot\set3_rally1_ball3.0.mp4,net_shot,OK,1.0,1.0,data\pose_features_multi\Kento_MOMOTA_CHOU_Tien_Chen_Fuzhou_Open_2019_Finals\net_shot\set3_rally1_ball3.0.npy
Kento_MOMOTA_CHOU_Tien_Chen_Fuzhou_Open_2019_Finals,data\clips_cropped_multi\Kento_MOMOTA_CHOU_Tien_Chen_Fuzhou_Open_2019_Finals\net_shot\set3_rally1_ball4.0.mp4,net_shot,OK,1.0,1.0,data\pose_features_multi\Kento_MOMOTA_CHOU_Tien_Chen_Fuzhou_Open_2019_Finals\net_shot\set3_rally1_ball4.0.npy
Kento_MOMOTA_CHOU_Tien_Chen_Fuzhou_Open_2019_Finals,data\clips_cropped_multi\Kento_MOMOTA_CHOU_Tien_Chen_Fuzhou_Open_2019_Finals\net_shot\set3_rally21_ball10.0.mp4,net_shot,OK,1.0,0.786,data\pose_features_multi\Kento_MOMOTA_CHOU_Tien_Chen_Fuzhou_Open_2019_Finals\net_shot\set3_rally21_ball10.0.npy
Kento_MOMOTA_CHOU_Tien_Chen_Fuzhou_Open_2019_Finals,data\clips_cropped_multi\Kento_MOMOTA_CHOU_Tien_Chen_Fuzhou_Open_2019_Finals\net_shot\set3_rally21_ball6.0.mp4,net_shot,OK,1.0,0.964,data\pose_features_multi\Kento_MOMOTA_CHOU_Tien_Chen_Fuzhou_Open_2019_Finals\net_shot\set3_rally21_ball6.0.npy
Kento_MOMOTA_CHOU_Tien_Chen_Fuzhou_Open_2019_Finals,data\clips_cropped_multi\Kento_MOMOTA_CHOU_Tien_Chen_Fuzhou_Open_2019_Finals\net_shot\set3_rally22_ball8.0.mp4,net_shot,OK,1.0,1.0,data\pose_features_multi\Kento_MOMOTA_CHOU_Tien_Chen_Fuzhou_Open_2019_Finals\net_shot\set3_rally22_ball8.0.npy
Kento_MOMOTA_CHOU_Tien_Chen_Fuzhou_Open_2019_Finals,data\clips_cropped_multi\Kento_MOMOTA_CHOU_Tien_Chen_Fuzhou_Open_2019_Finals\net_shot\set3_rally23_ball14.0.mp4,net_shot,OK,1.0,1.0,data\pose_features_multi\Kento_MOMOTA_CHOU_Tien_Chen_Fuzhou_Open_2019_Finals\net_shot\set3_rally23_ball14.0.npy
Kento_MOMOTA_CHOU_Tien_Chen_Fuzhou_Open_2019_Finals,data\clips_cropped_multi\Kento_MOMOTA_CHOU_Tien_Chen_Fuzhou_Open_2019_Finals\net_shot\set3_rally23_ball8.0.mp4,net_shot,OK,1.0,1.0,data\pose_features_multi\Kento_MOMOTA_CHOU_Tien_Chen_Fuzhou_Open_2019_Finals\net_shot\set3_rally23_ball8.0.npy
Kento_MOMOTA_CHOU_Tien_Chen_Fuzhou_Open_2019_Finals,data\clips_cropped_multi\Kento_MOMOTA_CHOU_Tien_Chen_Fuzhou_Open_2019_Finals\net_shot\set3_rally25_ball12.0.mp4,net_shot,OK,0.964,0.964,data\pose_features_multi\Kento_MOMOTA_CHOU_Tien_Chen_Fuzhou_Open_2019_Finals\net_shot\set3_rally25_ball12.0.npy
Kento_MOMOTA_CHOU_Tien_Chen_Fuzhou_Open_2019_Finals,data\clips_cropped_multi\Kento_MOMOTA_CHOU_Tien_Chen_Fuzhou_Open_2019_Finals\net_shot\set3_rally25_ball2.0.mp4,net_shot,OK,0.732,0.732,data\pose_features_multi\Kento_MOMOTA_CHOU_Tien_Chen_Fuzhou_Open_2019_Finals\net_shot\set3_rally25_ball2.0.npy
Kento_MOMOTA_CHOU_Tien_Chen_Fuzhou_Open_2019_Finals,data\clips_cropped_multi\Kento_MOMOTA_CHOU_Tien_Chen_Fuzhou_Open_2019_Finals\net_shot\set3_rally25_ball3.0.mp4,net_shot,OK,1.0,1.0,data\pose_features_multi\Kento_MOMOTA_CHOU_Tien_Chen_Fuzhou_Open_2019_Finals\net_shot\set3_rally25_ball3.0.npy
Kento_MOMOTA_CHOU_Tien_Chen_Fuzhou_Open_2019_Finals,data\clips_cropped_multi\Kento_MOMOTA_CHOU_Tien_Chen_Fuzhou_Open_2019_Finals\net_shot\set3_rally26_ball37.0.mp4,net_shot,OK,1.0,1.0,data\pose_features_multi\Kento_MOMOTA_CHOU_Tien_Chen_Fuzhou_Open_2019_Finals\net_shot\set3_rally26_ball37.0.npy
Kento_MOMOTA_CHOU_Tien_Chen_Fuzhou_Open_2019_Finals,data\clips_cropped_multi\Kento_MOMOTA_CHOU_Tien_Chen_Fuzhou_Open_2019_Finals\net_shot\set3_rally26_ball7.0.mp4,net_shot,OK,1.0,1.0,data\pose_features_multi\Kento_MOMOTA_CHOU_Tien_Chen_Fuzhou_Open_2019_Finals\net_shot\set3_rally26_ball7.0.npy
Kento_MOMOTA_CHOU_Tien_Chen_Fuzhou_Open_2019_Finals,data\clips_cropped_multi\Kento_MOMOTA_CHOU_Tien_Chen_Fuzhou_Open_2019_Finals\net_shot\set3_rally27_ball2.0.mp4,net_shot,OK,1.0,0.339,data\pose_features_multi\Kento_MOMOTA_CHOU_Tien_Chen_Fuzhou_Open_2019_Finals\net_shot\set3_rally27_ball2.0.npy
Kento_MOMOTA_CHOU_Tien_Chen_Fuzhou_Open_2019_Finals,data\clips_cropped_multi\Kento_MOMOTA_CHOU_Tien_Chen_Fuzhou_Open_2019_Finals\net_shot\set3_rally27_ball8.0.mp4,net_shot,OK,1.0,1.0,data\pose_features_multi\Kento_MOMOTA_CHOU_Tien_Chen_Fuzhou_Open_2019_Finals\net_shot\set3_rally27_ball8.0.npy
Kento_MOMOTA_CHOU_Tien_Chen_Fuzhou_Open_2019_Finals,data\clips_cropped_multi\Kento_MOMOTA_CHOU_Tien_Chen_Fuzhou_Open_2019_Finals\net_shot\set3_rally2_ball6.0.mp4,net_shot,OK,1.0,1.0,data\pose_features_multi\Kento_MOMOTA_CHOU_Tien_Chen_Fuzhou_Open_2019_Finals\net_shot\set3_rally2_ball6.0.npy
Kento_MOMOTA_CHOU_Tien_Chen_Fuzhou_Open_2019_Finals,data\clips_cropped_multi\Kento_MOMOTA_CHOU_Tien_Chen_Fuzhou_Open_2019_Finals\net_shot\set3_rally30_ball13.0.mp4,net_shot,OK,1.0,1.0,data\pose_features_multi\Kento_MOMOTA_CHOU_Tien_Chen_Fuzhou_Open_2019_Finals\net_shot\set3_rally30_ball13.0.npy
Kento_MOMOTA_CHOU_Tien_Chen_Fuzhou_Open_2019_Finals,data\clips_cropped_multi\Kento_MOMOTA_CHOU_Tien_Chen_Fuzhou_Open_2019_Finals\net_shot\set3_rally31_ball25.0.mp4,net_shot,OK,1.0,1.0,data\pose_features_multi\Kento_MOMOTA_CHOU_Tien_Chen_Fuzhou_Open_2019_Finals\net_shot\set3_rally31_ball25.0.npy
Kento_MOMOTA_CHOU_Tien_Chen_Fuzhou_Open_2019_Finals,data\clips_cropped_multi\Kento_MOMOTA_CHOU_Tien_Chen_Fuzhou_Open_2019_Finals\net_shot\set3_rally31_ball29.0.mp4,net_shot,OK,1.0,1.0,data\pose_features_multi\Kento_MOMOTA_CHOU_Tien_Chen_Fuzhou_Open_2019_Finals\net_shot\set3_rally31_ball29.0.npy
Kento_MOMOTA_CHOU_Tien_Chen_Fuzhou_Open_2019_Finals,data\clips_cropped_multi\Kento_MOMOTA_CHOU_Tien_Chen_Fuzhou_Open_2019_Finals\net_shot\set3_rally31_ball36.0.mp4,net_shot,OK,1.0,1.0,data\pose_features_multi\Kento_MOMOTA_CHOU_Tien_Chen_Fuzhou_Open_2019_Finals\net_shot\set3_rally31_ball36.0.npy
Kento_MOMOTA_CHOU_Tien_Chen_Fuzhou_Open_2019_Finals,data\clips_cropped_multi\Kento_MOMOTA_CHOU_Tien_Chen_Fuzhou_Open_2019_Finals\net_shot\set3_rally31_ball37.0.mp4,net_shot,OK,1.0,1.0,data\pose_features_multi\Kento_MOMOTA_CHOU_Tien_Chen_Fuzhou_Open_2019_Finals\net_shot\set3_rally31_ball37.0.npy
Kento_MOMOTA_CHOU_Tien_Chen_Fuzhou_Open_2019_Finals,data\clips_cropped_multi\Kento_MOMOTA_CHOU_Tien_Chen_Fuzhou_Open_2019_Finals\net_shot\set3_rally31_ball8.0.mp4,net_shot,OK,0.982,0.982,data\pose_features_multi\Kento_MOMOTA_CHOU_Tien_Chen_Fuzhou_Open_2019_Finals\net_shot\set3_rally31_ball8.0.npy
Kento_MOMOTA_CHOU_Tien_Chen_Fuzhou_Open_2019_Finals,data\clips_cropped_multi\Kento_MOMOTA_CHOU_Tien_Chen_Fuzhou_Open_2019_Finals\net_shot\set3_rally32_ball3.0.mp4,net_shot,OK,1.0,1.0,data\pose_features_multi\Kento_MOMOTA_CHOU_Tien_Chen_Fuzhou_Open_2019_Finals\net_shot\set3_rally32_ball3.0.npy
Kento_MOMOTA_CHOU_Tien_Chen_Fuzhou_Open_2019_Finals,data\clips_cropped_multi\Kento_MOMOTA_CHOU_Tien_Chen_Fuzhou_Open_2019_Finals\net_shot\set3_rally32_ball8.0.mp4,net_shot,OK,1.0,1.0,data\pose_features_multi\Kento_MOMOTA_CHOU_Tien_Chen_Fuzhou_Open_2019_Finals\net_shot\set3_rally32_ball8.0.npy
Kento_MOMOTA_CHOU_Tien_Chen_Fuzhou_Open_2019_Finals,data\clips_cropped_multi\Kento_MOMOTA_CHOU_Tien_Chen_Fuzhou_Open_2019_Finals\net_shot\set3_rally33_ball5.0.mp4,net_shot,OK,1.0,1.0,data\pose_features_multi\Kento_MOMOTA_CHOU_Tien_Chen_Fuzhou_Open_2019_Finals\net_shot\set3_rally33_ball5.0.npy
Kento_MOMOTA_CHOU_Tien_Chen_Fuzhou_Open_2019_Finals,data\clips_cropped_multi\Kento_MOMOTA_CHOU_Tien_Chen_Fuzhou_Open_2019_Finals\net_shot\set3_rally33_ball6.0.mp4,net_shot,POSE_INSUFFICIENT,0.696,0.661,data\pose_features_multi\Kento_MOMOTA_CHOU_Tien_Chen_Fuzhou_Open_2019_Finals\net_shot\set3_rally33_ball6.0.npy
Kento_MOMOTA_CHOU_Tien_Chen_Fuzhou_Open_2019_Finals,data\clips_cropped_multi\Kento_MOMOTA_CHOU_Tien_Chen_Fuzhou_Open_2019_Finals\net_shot\set3_rally33_ball7.0.mp4,net_shot,OK,1.0,1.0,data\pose_features_multi\Kento_MOMOTA_CHOU_Tien_Chen_Fuzhou_Open_2019_Finals\net_shot\set3_rally33_ball7.0.npy
Kento_MOMOTA_CHOU_Tien_Chen_Fuzhou_Open_2019_Finals,data\clips_cropped_multi\Kento_MOMOTA_CHOU_Tien_Chen_Fuzhou_Open_2019_Finals\net_shot\set3_rally35_ball11.0.mp4,net_shot,OK,1.0,1.0,data\pose_features_multi\Kento_MOMOTA_CHOU_Tien_Chen_Fuzhou_Open_2019_Finals\net_shot\set3_rally35_ball11.0.npy
Kento_MOMOTA_CHOU_Tien_Chen_Fuzhou_Open_2019_Finals,data\clips_cropped_multi\Kento_MOMOTA_CHOU_Tien_Chen_Fuzhou_Open_2019_Finals\net_shot\set3_rally35_ball12.0.mp4,net_shot,OK,1.0,0.982,data\pose_features_multi\Kento_MOMOTA_CHOU_Tien_Chen_Fuzhou_Open_2019_Finals\net_shot\set3_rally35_ball12.0.npy
Kento_MOMOTA_CHOU_Tien_Chen_Fuzhou_Open_2019_Finals,data\clips_cropped_multi\Kento_MOMOTA_CHOU_Tien_Chen_Fuzhou_Open_2019_Finals\net_shot\set3_rally37_ball2.0.mp4,net_shot,OK,1.0,0.857,data\pose_features_multi\Kento_MOMOTA_CHOU_Tien_Chen_Fuzhou_Open_2019_Finals\net_shot\set3_rally37_ball2.0.npy
Kento_MOMOTA_CHOU_Tien_Chen_Fuzhou_Open_2019_Finals,data\clips_cropped_multi\Kento_MOMOTA_CHOU_Tien_Chen_Fuzhou_Open_2019_Finals\net_shot\set3_rally37_ball3.0.mp4,net_shot,POSE_INSUFFICIENT,0.0,0.607,data\pose_features_multi\Kento_MOMOTA_CHOU_Tien_Chen_Fuzhou_Open_2019_Finals\net_shot\set3_rally37_ball3.0.npy
Kento_MOMOTA_CHOU_Tien_Chen_Fuzhou_Open_2019_Finals,data\clips_cropped_multi\Kento_MOMOTA_CHOU_Tien_Chen_Fuzhou_Open_2019_Finals\net_shot\set3_rally38_ball10.0.mp4,net_shot,OK,1.0,0.821,data\pose_features_multi\Kento_MOMOTA_CHOU_Tien_Chen_Fuzhou_Open_2019_Finals\net_shot\set3_rally38_ball10.0.npy
Kento_MOMOTA_CHOU_Tien_Chen_Fuzhou_Open_2019_Finals,data\clips_cropped_multi\Kento_MOMOTA_CHOU_Tien_Chen_Fuzhou_Open_2019_Finals\net_shot\set3_rally38_ball6.0.mp4,net_shot,OK,1.0,1.0,data\pose_features_multi\Kento_MOMOTA_CHOU_Tien_Chen_Fuzhou_Open_2019_Finals\net_shot\set3_rally38_ball6.0.npy
Kento_MOMOTA_CHOU_Tien_Chen_Fuzhou_Open_2019_Finals,data\clips_cropped_multi\Kento_MOMOTA_CHOU_Tien_Chen_Fuzhou_Open_2019_Finals\net_shot\set3_rally39_ball13.0.mp4,net_shot,OK,1.0,1.0,data\pose_features_multi\Kento_MOMOTA_CHOU_Tien_Chen_Fuzhou_Open_2019_Finals\net_shot\set3_rally39_ball13.0.npy
Kento_MOMOTA_CHOU_Tien_Chen_Fuzhou_Open_2019_Finals,data\clips_cropped_multi\Kento_MOMOTA_CHOU_Tien_Chen_Fuzhou_Open_2019_Finals\net_shot\set3_rally4_ball10.0.mp4,net_shot,OK,1.0,1.0,data\pose_features_multi\Kento_MOMOTA_CHOU_Tien_Chen_Fuzhou_Open_2019_Finals\net_shot\set3_rally4_ball10.0.npy
Kento_MOMOTA_CHOU_Tien_Chen_Fuzhou_Open_2019_Finals,data\clips_cropped_multi\Kento_MOMOTA_CHOU_Tien_Chen_Fuzhou_Open_2019_Finals\net_shot\set3_rally4_ball6.0.mp4,net_shot,OK,1.0,1.0,data\pose_features_multi\Kento_MOMOTA_CHOU_Tien_Chen_Fuzhou_Open_2019_Finals\net_shot\set3_rally4_ball6.0.npy
Kento_MOMOTA_CHOU_Tien_Chen_Fuzhou_Open_2019_Finals,data\clips_cropped_multi\Kento_MOMOTA_CHOU_Tien_Chen_Fuzhou_Open_2019_Finals\net_shot\set3_rally6_ball10.0.mp4,net_shot,OK,1.0,1.0,data\pose_features_multi\Kento_MOMOTA_CHOU_Tien_Chen_Fuzhou_Open_2019_Finals\net_shot\set3_rally6_ball10.0.npy
Kento_MOMOTA_CHOU_Tien_Chen_Fuzhou_Open_2019_Finals,data\clips_cropped_multi\Kento_MOMOTA_CHOU_Tien_Chen_Fuzhou_Open_2019_Finals\net_shot\set3_rally6_ball20.0.mp4,net_shot,OK,1.0,1.0,data\pose_features_multi\Kento_MOMOTA_CHOU_Tien_Chen_Fuzhou_Open_2019_Finals\net_shot\set3_rally6_ball20.0.npy
Kento_MOMOTA_CHOU_Tien_Chen_Fuzhou_Open_2019_Finals,data\clips_cropped_multi\Kento_MOMOTA_CHOU_Tien_Chen_Fuzhou_Open_2019_Finals\net_shot\set3_rally6_ball31.0.mp4,net_shot,OK,1.0,0.571,data\pose_features_multi\Kento_MOMOTA_CHOU_Tien_Chen_Fuzhou_Open_2019_Finals\net_shot\set3_rally6_ball31.0.npy
Kento_MOMOTA_CHOU_Tien_Chen_Fuzhou_Open_2019_Finals,data\clips_cropped_multi\Kento_MOMOTA_CHOU_Tien_Chen_Fuzhou_Open_2019_Finals\net_shot\set3_rally6_ball32.0.mp4,net_shot,OK,1.0,1.0,data\pose_features_multi\Kento_MOMOTA_CHOU_Tien_Chen_Fuzhou_Open_2019_Finals\net_shot\set3_rally6_ball32.0.npy
Kento_MOMOTA_CHOU_Tien_Chen_Fuzhou_Open_2019_Finals,data\clips_cropped_multi\Kento_MOMOTA_CHOU_Tien_Chen_Fuzhou_Open_2019_Finals\net_shot\set3_rally6_ball6.0.mp4,net_shot,OK,1.0,1.0,data\pose_features_multi\Kento_MOMOTA_CHOU_Tien_Chen_Fuzhou_Open_2019_Finals\net_shot\set3_rally6_ball6.0.npy
Kento_MOMOTA_CHOU_Tien_Chen_Fuzhou_Open_2019_Finals,data\clips_cropped_multi\Kento_MOMOTA_CHOU_Tien_Chen_Fuzhou_Open_2019_Finals\net_shot\set3_rally7_ball10.0.mp4,net_shot,OK,1.0,0.786,data\pose_features_multi\Kento_MOMOTA_CHOU_Tien_Chen_Fuzhou_Open_2019_Finals\net_shot\set3_rally7_ball10.0.npy
Kento_MOMOTA_CHOU_Tien_Chen_Fuzhou_Open_2019_Finals,data\clips_cropped_multi\Kento_MOMOTA_CHOU_Tien_Chen_Fuzhou_Open_2019_Finals\net_shot\set3_rally9_ball11.0.mp4,net_shot,OK,1.0,1.0,data\pose_features_multi\Kento_MOMOTA_CHOU_Tien_Chen_Fuzhou_Open_2019_Finals\net_shot\set3_rally9_ball11.0.npy
Kento_MOMOTA_CHOU_Tien_Chen_Fuzhou_Open_2019_Finals,data\clips_cropped_multi\Kento_MOMOTA_CHOU_Tien_Chen_Fuzhou_Open_2019_Finals\net_shot\set3_rally9_ball19.0.mp4,net_shot,OK,1.0,1.0,data\pose_features_multi\Kento_MOMOTA_CHOU_Tien_Chen_Fuzhou_Open_2019_Finals\net_shot\set3_rally9_ball19.0.npy
Kento_MOMOTA_CHOU_Tien_Chen_Fuzhou_Open_2019_Finals,data\clips_cropped_multi\Kento_MOMOTA_CHOU_Tien_Chen_Fuzhou_Open_2019_Finals\net_shot\set3_rally9_ball3.0.mp4,net_shot,OK,1.0,1.0,data\pose_features_multi\Kento_MOMOTA_CHOU_Tien_Chen_Fuzhou_Open_2019_Finals\net_shot\set3_rally9_ball3.0.npy
Kento_MOMOTA_CHOU_Tien_Chen_Fuzhou_Open_2019_Finals,data\clips_cropped_multi\Kento_MOMOTA_CHOU_Tien_Chen_Fuzhou_Open_2019_Finals\short_service\set1_rally10_ball1.0.mp4,short_service,POSE_INSUFFICIENT,0.0,0.0,data\pose_features_multi\Kento_MOMOTA_CHOU_Tien_Chen_Fuzhou_Open_2019_Finals\short_service\set1_rally10_ball1.0.npy
Kento_MOMOTA_CHOU_Tien_Chen_Fuzhou_Open_2019_Finals,data\clips_cropped_multi\Kento_MOMOTA_CHOU_Tien_Chen_Fuzhou_Open_2019_Finals\short_service\set1_rally11_ball1.0.mp4,short_service,POSE_INSUFFICIENT,0.536,0.536,data\pose_features_multi\Kento_MOMOTA_CHOU_Tien_Chen_Fuzhou_Open_2019_Finals\short_service\set1_rally11_ball1.0.npy
Kento_MOMOTA_CHOU_Tien_Chen_Fuzhou_Open_2019_Finals,data\clips_cropped_multi\Kento_MOMOTA_CHOU_Tien_Chen_Fuzhou_Open_2019_Finals\short_service\set1_rally12_ball1.0.mp4,short_service,POSE_INSUFFICIENT,0.0,0.0,data\pose_features_multi\Kento_MOMOTA_CHOU_Tien_Chen_Fuzhou_Open_2019_Finals\short_service\set1_rally12_ball1.0.npy
Kento_MOMOTA_CHOU_Tien_Chen_Fuzhou_Open_2019_Finals,data\clips_cropped_multi\Kento_MOMOTA_CHOU_Tien_Chen_Fuzhou_Open_2019_Finals\short_service\set1_rally13_ball1.0.mp4,short_service,OK,1.0,1.0,data\pose_features_multi\Kento_MOMOTA_CHOU_Tien_Chen_Fuzhou_Open_2019_Finals\short_service\set1_rally13_ball1.0.npy
Kento_MOMOTA_CHOU_Tien_Chen_Fuzhou_Open_2019_Finals,data\clips_cropped_multi\Kento_MOMOTA_CHOU_Tien_Chen_Fuzhou_Open_2019_Finals\short_service\set1_rally14_ball1.0.mp4,short_service,POSE_INSUFFICIENT,0.286,0.321,data\pose_features_multi\Kento_MOMOTA_CHOU_Tien_Chen_Fuzhou_Open_2019_Finals\short_service\set1_rally14_ball1.0.npy
Kento_MOMOTA_CHOU_Tien_Chen_Fuzhou_Open_2019_Finals,data\clips_cropped_multi\Kento_MOMOTA_CHOU_Tien_Chen_Fuzhou_Open_2019_Finals\short_service\set1_rally15_ball1.0.mp4,short_service,OK,1.0,0.214,data\pose_features_multi\Kento_MOMOTA_CHOU_Tien_Chen_Fuzhou_Open_2019_Finals\short_service\set1_rally15_ball1.0.npy
Kento_MOMOTA_CHOU_Tien_Chen_Fuzhou_Open_2019_Finals,data\clips_cropped_multi\Kento_MOMOTA_CHOU_Tien_Chen_Fuzhou_Open_2019_Finals\short_service\set1_rally16_ball1.0.mp4,short_service,OK,0.857,0.286,data\pose_features_multi\Kento_MOMOTA_CHOU_Tien_Chen_Fuzhou_Open_2019_Finals\short_service\set1_rally16_ball1.0.npy
Kento_MOMOTA_CHOU_Tien_Chen_Fuzhou_Open_2019_Finals,data\clips_cropped_multi\Kento_MOMOTA_CHOU_Tien_Chen_Fuzhou_Open_2019_Finals\short_service\set1_rally17_ball1.0.mp4,short_service,OK,0.714,0.679,data\pose_features_multi\Kento_MOMOTA_CHOU_Tien_Chen_Fuzhou_Open_2019_Finals\short_service\set1_rally17_ball1.0.npy
Kento_MOMOTA_CHOU_Tien_Chen_Fuzhou_Open_2019_Finals,data\clips_cropped_multi\Kento_MOMOTA_CHOU_Tien_Chen_Fuzhou_Open_2019_Finals\short_service\set1_rally18_ball1.0.mp4,short_service,POSE_INSUFFICIENT,0.286,0.393,data\pose_features_multi\Kento_MOMOTA_CHOU_Tien_Chen_Fuzhou_Open_2019_Finals\short_service\set1_rally18_ball1.0.npy
Kento_MOMOTA_CHOU_Tien_Chen_Fuzhou_Open_2019_Finals,data\clips_cropped_multi\Kento_MOMOTA_CHOU_Tien_Chen_Fuzhou_Open_2019_Finals\short_service\set1_rally1_ball1.0.mp4,short_service,OK,1.0,0.679,data\pose_features_multi\Kento_MOMOTA_CHOU_Tien_Chen_Fuzhou_Open_2019_Finals\short_service\set1_rally1_ball1.0.npy
Kento_MOMOTA_CHOU_Tien_Chen_Fuzhou_Open_2019_Finals,data\clips_cropped_multi\Kento_MOMOTA_CHOU_Tien_Chen_Fuzhou_Open_2019_Finals\short_service\set1_rally20_ball1.0.mp4,short_service,OK,0.714,0.393,data\pose_features_multi\Kento_MOMOTA_CHOU_Tien_Chen_Fuzhou_Open_2019_Finals\short_service\set1_rally20_ball1.0.npy
Kento_MOMOTA_CHOU_Tien_Chen_Fuzhou_Open_2019_Finals,data\clips_cropped_multi\Kento_MOMOTA_CHOU_Tien_Chen_Fuzhou_Open_2019_Finals\short_service\set1_rally21_ball1.0.mp4,short_service,POSE_INSUFFICIENT,0.429,0.429,data\pose_features_multi\Kento_MOMOTA_CHOU_Tien_Chen_Fuzhou_Open_2019_Finals\short_service\set1_rally21_ball1.0.npy
Kento_MOMOTA_CHOU_Tien_Chen_Fuzhou_Open_2019_Finals,data\clips_cropped_multi\Kento_MOMOTA_CHOU_Tien_Chen_Fuzhou_Open_2019_Finals\short_service\set1_rally22_ball1.0.mp4,short_service,OK,1.0,0.0,data\pose_features_multi\Kento_MOMOTA_CHOU_Tien_Chen_Fuzhou_Open_2019_Finals\short_service\set1_rally22_ball1.0.npy
Kento_MOMOTA_CHOU_Tien_Chen_Fuzhou_Open_2019_Finals,data\clips_cropped_multi\Kento_MOMOTA_CHOU_Tien_Chen_Fuzhou_Open_2019_Finals\short_service\set1_rally23_ball1.0.mp4,short_service,OK,1.0,0.179,data\pose_features_multi\Kento_MOMOTA_CHOU_Tien_Chen_Fuzhou_Open_2019_Finals\short_service\set1_rally23_ball1.0.npy
Kento_MOMOTA_CHOU_Tien_Chen_Fuzhou_Open_2019_Finals,data\clips_cropped_multi\Kento_MOMOTA_CHOU_Tien_Chen_Fuzhou_Open_2019_Finals\short_service\set1_rally24_ball1.0.mp4,short_service,POSE_INSUFFICIENT,0.679,0.679,data\pose_features_multi\Kento_MOMOTA_CHOU_Tien_Chen_Fuzhou_Open_2019_Finals\short_service\set1_rally24_ball1.0.npy
Kento_MOMOTA_CHOU_Tien_Chen_Fuzhou_Open_2019_Finals,data\clips_cropped_multi\Kento_MOMOTA_CHOU_Tien_Chen_Fuzhou_Open_2019_Finals\short_service\set1_rally26_ball1.0.mp4,short_service,OK,1.0,0.0,data\pose_features_multi\Kento_MOMOTA_CHOU_Tien_Chen_Fuzhou_Open_2019_Finals\short_service\set1_rally26_ball1.0.npy
Kento_MOMOTA_CHOU_Tien_Chen_Fuzhou_Open_2019_Finals,data\clips_cropped_multi\Kento_MOMOTA_CHOU_Tien_Chen_Fuzhou_Open_2019_Finals\short_service\set1_rally27_ball1.0.mp4,short_service,OK,1.0,0.107,data\pose_features_multi\Kento_MOMOTA_CHOU_Tien_Chen_Fuzhou_Open_2019_Finals\short_service\set1_rally27_ball1.0.npy
Kento_MOMOTA_CHOU_Tien_Chen_Fuzhou_Open_2019_Finals,data\clips_cropped_multi\Kento_MOMOTA_CHOU_Tien_Chen_Fuzhou_Open_2019_Finals\short_service\set1_rally28_ball1.0.mp4,short_service,OK,1.0,0.0,data\pose_features_multi\Kento_MOMOTA_CHOU_Tien_Chen_Fuzhou_Open_2019_Finals\short_service\set1_rally28_ball1.0.npy
Kento_MOMOTA_CHOU_Tien_Chen_Fuzhou_Open_2019_Finals,data\clips_cropped_multi\Kento_MOMOTA_CHOU_Tien_Chen_Fuzhou_Open_2019_Finals\short_service\set1_rally29_ball1.0.mp4,short_service,POSE_INSUFFICIENT,0.607,0.0,data\pose_features_multi\Kento_MOMOTA_CHOU_Tien_Chen_Fuzhou_Open_2019_Finals\short_service\set1_rally29_ball1.0.npy
Kento_MOMOTA_CHOU_Tien_Chen_Fuzhou_Open_2019_Finals,data\clips_cropped_multi\Kento_MOMOTA_CHOU_Tien_Chen_Fuzhou_Open_2019_Finals\short_service\set1_rally2_ball1.0.mp4,short_service,POSE_INSUFFICIENT,0.464,0.0,data\pose_features_multi\Kento_MOMOTA_CHOU_Tien_Chen_Fuzhou_Open_2019_Finals\short_service\set1_rally2_ball1.0.npy
Kento_MOMOTA_CHOU_Tien_Chen_Fuzhou_Open_2019_Finals,data\clips_cropped_multi\Kento_MOMOTA_CHOU_Tien_Chen_Fuzhou_Open_2019_Finals\short_service\set1_rally30_ball1.0.mp4,short_service,POSE_INSUFFICIENT,0.0,0.0,data\pose_features_multi\Kento_MOMOTA_CHOU_Tien_Chen_Fuzhou_Open_2019_Finals\short_service\set1_rally30_ball1.0.npy
Kento_MOMOTA_CHOU_Tien_Chen_Fuzhou_Open_2019_Finals,data\clips_cropped_multi\Kento_MOMOTA_CHOU_Tien_Chen_Fuzhou_Open_2019_Finals\short_service\set1_rally32_ball1.0.mp4,short_service,OK,0.964,0.0,data\pose_features_multi\Kento_MOMOTA_CHOU_Tien_Chen_Fuzhou_Open_2019_Finals\short_service\set1_rally32_ball1.0.npy
Kento_MOMOTA_CHOU_Tien_Chen_Fuzhou_Open_2019_Finals,data\clips_cropped_multi\Kento_MOMOTA_CHOU_Tien_Chen_Fuzhou_Open_2019_Finals\short_service\set1_rally33_ball1.0.mp4,short_service,POSE_INSUFFICIENT,0.179,0.214,data\pose_features_multi\Kento_MOMOTA_CHOU_Tien_Chen_Fuzhou_Open_2019_Finals\short_service\set1_rally33_ball1.0.npy
Kento_MOMOTA_CHOU_Tien_Chen_Fuzhou_Open_2019_Finals,data\clips_cropped_multi\Kento_MOMOTA_CHOU_Tien_Chen_Fuzhou_Open_2019_Finals\short_service\set1_rally34_ball1.0.mp4,short_service,OK,1.0,1.0,data\pose_features_multi\Kento_MOMOTA_CHOU_Tien_Chen_Fuzhou_Open_2019_Finals\short_service\set1_rally34_ball1.0.npy
Kento_MOMOTA_CHOU_Tien_Chen_Fuzhou_Open_2019_Finals,data\clips_cropped_multi\Kento_MOMOTA_CHOU_Tien_Chen_Fuzhou_Open_2019_Finals\short_service\set1_rally3_ball1.0.mp4,short_service,POSE_INSUFFICIENT,0.071,0.0,data\pose_features_multi\Kento_MOMOTA_CHOU_Tien_Chen_Fuzhou_Open_2019_Finals\short_service\set1_rally3_ball1.0.npy
Kento_MOMOTA_CHOU_Tien_Chen_Fuzhou_Open_2019_Finals,data\clips_cropped_multi\Kento_MOMOTA_CHOU_Tien_Chen_Fuzhou_Open_2019_Finals\short_service\set1_rally4_ball1.0.mp4,short_service,POSE_INSUFFICIENT,0.107,0.179,data\pose_features_multi\Kento_MOMOTA_CHOU_Tien_Chen_Fuzhou_Open_2019_Finals\short_service\set1_rally4_ball1.0.npy
Kento_MOMOTA_CHOU_Tien_Chen_Fuzhou_Open_2019_Finals,data\clips_cropped_multi\Kento_MOMOTA_CHOU_Tien_Chen_Fuzhou_Open_2019_Finals\short_service\set1_rally5_ball1.0.mp4,short_service,POSE_INSUFFICIENT,0.286,0.0,data\pose_features_multi\Kento_MOMOTA_CHOU_Tien_Chen_Fuzhou_Open_2019_Finals\short_service\set1_rally5_ball1.0.npy
Kento_MOMOTA_CHOU_Tien_Chen_Fuzhou_Open_2019_Finals,data\clips_cropped_multi\Kento_MOMOTA_CHOU_Tien_Chen_Fuzhou_Open_2019_Finals\short_service\set1_rally7_ball1.0.mp4,short_service,POSE_INSUFFICIENT,0.393,0.0,data\pose_features_multi\Kento_MOMOTA_CHOU_Tien_Chen_Fuzhou_Open_2019_Finals\short_service\set1_rally7_ball1.0.npy
Kento_MOMOTA_CHOU_Tien_Chen_Fuzhou_Open_2019_Finals,data\clips_cropped_multi\Kento_MOMOTA_CHOU_Tien_Chen_Fuzhou_Open_2019_Finals\short_service\set1_rally8_ball1.0.mp4,short_service,OK,1.0,0.0,data\pose_features_multi\Kento_MOMOTA_CHOU_Tien_Chen_Fuzhou_Open_2019_Finals\short_service\set1_rally8_ball1.0.npy
Kento_MOMOTA_CHOU_Tien_Chen_Fuzhou_Open_2019_Finals,data\clips_cropped_multi\Kento_MOMOTA_CHOU_Tien_Chen_Fuzhou_Open_2019_Finals\short_service\set1_rally9_ball1.0.mp4,short_service,OK,1.0,0.286,data\pose_features_multi\Kento_MOMOTA_CHOU_Tien_Chen_Fuzhou_Open_2019_Finals\short_service\set1_rally9_ball1.0.npy
Kento_MOMOTA_CHOU_Tien_Chen_Fuzhou_Open_2019_Finals,data\clips_cropped_multi\Kento_MOMOTA_CHOU_Tien_Chen_Fuzhou_Open_2019_Finals\short_service\set2_rally10_ball1.0.mp4,short_service,OK,1.0,1.0,data\pose_features_multi\Kento_MOMOTA_CHOU_Tien_Chen_Fuzhou_Open_2019_Finals\short_service\set2_rally10_ball1.0.npy
Kento_MOMOTA_CHOU_Tien_Chen_Fuzhou_Open_2019_Finals,data\clips_cropped_multi\Kento_MOMOTA_CHOU_Tien_Chen_Fuzhou_Open_2019_Finals\short_service\set2_rally13_ball1.0.mp4,short_service,OK,1.0,1.0,data\pose_features_multi\Kento_MOMOTA_CHOU_Tien_Chen_Fuzhou_Open_2019_Finals\short_service\set2_rally13_ball1.0.npy
Kento_MOMOTA_CHOU_Tien_Chen_Fuzhou_Open_2019_Finals,data\clips_cropped_multi\Kento_MOMOTA_CHOU_Tien_Chen_Fuzhou_Open_2019_Finals\short_service\set2_rally14_ball1.0.mp4,short_service,OK,1.0,1.0,data\pose_features_multi\Kento_MOMOTA_CHOU_Tien_Chen_Fuzhou_Open_2019_Finals\short_service\set2_rally14_ball1.0.npy
Kento_MOMOTA_CHOU_Tien_Chen_Fuzhou_Open_2019_Finals,data\clips_cropped_multi\Kento_MOMOTA_CHOU_Tien_Chen_Fuzhou_Open_2019_Finals\short_service\set2_rally17_ball1.0.mp4,short_service,OK,0.929,0.929,data\pose_features_multi\Kento_MOMOTA_CHOU_Tien_Chen_Fuzhou_Open_2019_Finals\short_service\set2_rally17_ball1.0.npy
Kento_MOMOTA_CHOU_Tien_Chen_Fuzhou_Open_2019_Finals,data\clips_cropped_multi\Kento_MOMOTA_CHOU_Tien_Chen_Fuzhou_Open_2019_Finals\short_service\set2_rally18_ball1.0.mp4,short_service,OK,1.0,0.5,data\pose_features_multi\Kento_MOMOTA_CHOU_Tien_Chen_Fuzhou_Open_2019_Finals\short_service\set2_rally18_ball1.0.npy
Kento_MOMOTA_CHOU_Tien_Chen_Fuzhou_Open_2019_Finals,data\clips_cropped_multi\Kento_MOMOTA_CHOU_Tien_Chen_Fuzhou_Open_2019_Finals\short_service\set2_rally19_ball1.0.mp4,short_service,OK,0.857,0.857,data\pose_features_multi\Kento_MOMOTA_CHOU_Tien_Chen_Fuzhou_Open_2019_Finals\short_service\set2_rally19_ball1.0.npy
Kento_MOMOTA_CHOU_Tien_Chen_Fuzhou_Open_2019_Finals,data\clips_cropped_multi\Kento_MOMOTA_CHOU_Tien_Chen_Fuzhou_Open_2019_Finals\short_service\set2_rally1_ball1.0.mp4,short_service,OK,1.0,1.0,data\pose_features_multi\Kento_MOMOTA_CHOU_Tien_Chen_Fuzhou_Open_2019_Finals\short_service\set2_rally1_ball1.0.npy
Kento_MOMOTA_CHOU_Tien_Chen_Fuzhou_Open_2019_Finals,data\clips_cropped_multi\Kento_MOMOTA_CHOU_Tien_Chen_Fuzhou_Open_2019_Finals\short_service\set2_rally21_ball1.0.mp4,short_service,OK,1.0,1.0,data\pose_features_multi\Kento_MOMOTA_CHOU_Tien_Chen_Fuzhou_Open_2019_Finals\short_service\set2_rally21_ball1.0.npy
Kento_MOMOTA_CHOU_Tien_Chen_Fuzhou_Open_2019_Finals,data\clips_cropped_multi\Kento_MOMOTA_CHOU_Tien_Chen_Fuzhou_Open_2019_Finals\short_service\set2_rally22_ball1.0.mp4,short_service,OK,1.0,1.0,data\pose_features_multi\Kento_MOMOTA_CHOU_Tien_Chen_Fuzhou_Open_2019_Finals\short_service\set2_rally22_ball1.0.npy
Kento_MOMOTA_CHOU_Tien_Chen_Fuzhou_Open_2019_Finals,data\clips_cropped_multi\Kento_MOMOTA_CHOU_Tien_Chen_Fuzhou_Open_2019_Finals\short_service\set2_rally23_ball1.0.mp4,short_service,POSE_INSUFFICIENT,0.321,0.321,data\pose_features_multi\Kento_MOMOTA_CHOU_Tien_Chen_Fuzhou_Open_2019_Finals\short_service\set2_rally23_ball1.0.npy
Kento_MOMOTA_CHOU_Tien_Chen_Fuzhou_Open_2019_Finals,data\clips_cropped_multi\Kento_MOMOTA_CHOU_Tien_Chen_Fuzhou_Open_2019_Finals\short_service\set2_rally24_ball1.0.mp4,short_service,OK,0.929,0.643,data\pose_features_multi\Kento_MOMOTA_CHOU_Tien_Chen_Fuzhou_Open_2019_Finals\short_service\set2_rally24_ball1.0.npy
Kento_MOMOTA_CHOU_Tien_Chen_Fuzhou_Open_2019_Finals,data\clips_cropped_multi\Kento_MOMOTA_CHOU_Tien_Chen_Fuzhou_Open_2019_Finals\short_service\set2_rally25_ball1.0.mp4,short_service,OK,1.0,1.0,data\pose_features_multi\Kento_MOMOTA_CHOU_Tien_Chen_Fuzhou_Open_2019_Finals\short_service\set2_rally25_ball1.0.npy
Kento_MOMOTA_CHOU_Tien_Chen_Fuzhou_Open_2019_Finals,data\clips_cropped_multi\Kento_MOMOTA_CHOU_Tien_Chen_Fuzhou_Open_2019_Finals\short_service\set2_rally28_ball1.0.mp4,short_service,OK,1.0,1.0,data\pose_features_multi\Kento_MOMOTA_CHOU_Tien_Chen_Fuzhou_Open_2019_Finals\short_service\set2_rally28_ball1.0.npy
Kento_MOMOTA_CHOU_Tien_Chen_Fuzhou_Open_2019_Finals,data\clips_cropped_multi\Kento_MOMOTA_CHOU_Tien_Chen_Fuzhou_Open_2019_Finals\short_service\set2_rally29_ball1.0.mp4,short_service,OK,1.0,1.0,data\pose_features_multi\Kento_MOMOTA_CHOU_Tien_Chen_Fuzhou_Open_2019_Finals\short_service\set2_rally29_ball1.0.npy
Kento_MOMOTA_CHOU_Tien_Chen_Fuzhou_Open_2019_Finals,data\clips_cropped_multi\Kento_MOMOTA_CHOU_Tien_Chen_Fuzhou_Open_2019_Finals\short_service\set2_rally2_ball1.0.mp4,short_service,POSE_INSUFFICIENT,0.179,0.214,data\pose_features_multi\Kento_MOMOTA_CHOU_Tien_Chen_Fuzhou_Open_2019_Finals\short_service\set2_rally2_ball1.0.npy
Kento_MOMOTA_CHOU_Tien_Chen_Fuzhou_Open_2019_Finals,data\clips_cropped_multi\Kento_MOMOTA_CHOU_Tien_Chen_Fuzhou_Open_2019_Finals\short_service\set2_rally30_ball1.0.mp4,short_service,OK,0.75,0.0,data\pose_features_multi\Kento_MOMOTA_CHOU_Tien_Chen_Fuzhou_Open_2019_Finals\short_service\set2_rally30_ball1.0.npy
Kento_MOMOTA_CHOU_Tien_Chen_Fuzhou_Open_2019_Finals,data\clips_cropped_multi\Kento_MOMOTA_CHOU_Tien_Chen_Fuzhou_Open_2019_Finals\short_service\set2_rally31_ball1.0.mp4,short_service,OK,1.0,0.25,data\pose_features_multi\Kento_MOMOTA_CHOU_Tien_Chen_Fuzhou_Open_2019_Finals\short_service\set2_rally31_ball1.0.npy
Kento_MOMOTA_CHOU_Tien_Chen_Fuzhou_Open_2019_Finals,data\clips_cropped_multi\Kento_MOMOTA_CHOU_Tien_Chen_Fuzhou_Open_2019_Finals\short_service\set2_rally32_ball1.0.mp4,short_service,OK,1.0,1.0,data\pose_features_multi\Kento_MOMOTA_CHOU_Tien_Chen_Fuzhou_Open_2019_Finals\short_service\set2_rally32_ball1.0.npy
Kento_MOMOTA_CHOU_Tien_Chen_Fuzhou_Open_2019_Finals,data\clips_cropped_multi\Kento_MOMOTA_CHOU_Tien_Chen_Fuzhou_Open_2019_Finals\short_service\set2_rally33_ball1.0.mp4,short_service,POSE_INSUFFICIENT,0.0,0.357,data\pose_features_multi\Kento_MOMOTA_CHOU_Tien_Chen_Fuzhou_Open_2019_Finals\short_service\set2_rally33_ball1.0.npy
Kento_MOMOTA_CHOU_Tien_Chen_Fuzhou_Open_2019_Finals,data\clips_cropped_multi\Kento_MOMOTA_CHOU_Tien_Chen_Fuzhou_Open_2019_Finals\short_service\set2_rally34_ball1.0.mp4,short_service,OK,1.0,1.0,data\pose_features_multi\Kento_MOMOTA_CHOU_Tien_Chen_Fuzhou_Open_2019_Finals\short_service\set2_rally34_ball1.0.npy
Kento_MOMOTA_CHOU_Tien_Chen_Fuzhou_Open_2019_Finals,data\clips_cropped_multi\Kento_MOMOTA_CHOU_Tien_Chen_Fuzhou_Open_2019_Finals\short_service\set2_rally35_ball1.0.mp4,short_service,OK,1.0,1.0,data\pose_features_multi\Kento_MOMOTA_CHOU_Tien_Chen_Fuzhou_Open_2019_Finals\short_service\set2_rally35_ball1.0.npy
Kento_MOMOTA_CHOU_Tien_Chen_Fuzhou_Open_2019_Finals,data\clips_cropped_multi\Kento_MOMOTA_CHOU_Tien_Chen_Fuzhou_Open_2019_Finals\short_service\set2_rally36_ball1.0.mp4,short_service,OK,1.0,1.0,data\pose_features_multi\Kento_MOMOTA_CHOU_Tien_Chen_Fuzhou_Open_2019_Finals\short_service\set2_rally36_ball1.0.npy
Kento_MOMOTA_CHOU_Tien_Chen_Fuzhou_Open_2019_Finals,data\clips_cropped_multi\Kento_MOMOTA_CHOU_Tien_Chen_Fuzhou_Open_2019_Finals\short_service\set2_rally3_ball1.0.mp4,short_service,POSE_INSUFFICIENT,0.607,0.143,data\pose_features_multi\Kento_MOMOTA_CHOU_Tien_Chen_Fuzhou_Open_2019_Finals\short_service\set2_rally3_ball1.0.npy
Kento_MOMOTA_CHOU_Tien_Chen_Fuzhou_Open_2019_Finals,data\clips_cropped_multi\Kento_MOMOTA_CHOU_Tien_Chen_Fuzhou_Open_2019_Finals\short_service\set2_rally4_ball1.0.mp4,short_service,OK,1.0,1.0,data\pose_features_multi\Kento_MOMOTA_CHOU_Tien_Chen_Fuzhou_Open_2019_Finals\short_service\set2_rally4_ball1.0.npy
Kento_MOMOTA_CHOU_Tien_Chen_Fuzhou_Open_2019_Finals,data\clips_cropped_multi\Kento_MOMOTA_CHOU_Tien_Chen_Fuzhou_Open_2019_Finals\short_service\set2_rally5_ball1.0.mp4,short_service,POSE_INSUFFICIENT,0.571,0.0,data\pose_features_multi\Kento_MOMOTA_CHOU_Tien_Chen_Fuzhou_Open_2019_Finals\short_service\set2_rally5_ball1.0.npy
Kento_MOMOTA_CHOU_Tien_Chen_Fuzhou_Open_2019_Finals,data\clips_cropped_multi\Kento_MOMOTA_CHOU_Tien_Chen_Fuzhou_Open_2019_Finals\short_service\set2_rally6_ball1.0.mp4,short_service,OK,1.0,0.643,data\pose_features_multi\Kento_MOMOTA_CHOU_Tien_Chen_Fuzhou_Open_2019_Finals\short_service\set2_rally6_ball1.0.npy
Kento_MOMOTA_CHOU_Tien_Chen_Fuzhou_Open_2019_Finals,data\clips_cropped_multi\Kento_MOMOTA_CHOU_Tien_Chen_Fuzhou_Open_2019_Finals\short_service\set2_rally7_ball1.0.mp4,short_service,OK,1.0,1.0,data\pose_features_multi\Kento_MOMOTA_CHOU_Tien_Chen_Fuzhou_Open_2019_Finals\short_service\set2_rally7_ball1.0.npy
Kento_MOMOTA_CHOU_Tien_Chen_Fuzhou_Open_2019_Finals,data\clips_cropped_multi\Kento_MOMOTA_CHOU_Tien_Chen_Fuzhou_Open_2019_Finals\short_service\set2_rally8_ball1.0.mp4,short_service,OK,1.0,0.786,data\pose_features_multi\Kento_MOMOTA_CHOU_Tien_Chen_Fuzhou_Open_2019_Finals\short_service\set2_rally8_ball1.0.npy
Kento_MOMOTA_CHOU_Tien_Chen_Fuzhou_Open_2019_Finals,data\clips_cropped_multi\Kento_MOMOTA_CHOU_Tien_Chen_Fuzhou_Open_2019_Finals\short_service\set2_rally9_ball1.0.mp4,short_service,OK,0.75,0.464,data\pose_features_multi\Kento_MOMOTA_CHOU_Tien_Chen_Fuzhou_Open_2019_Finals\short_service\set2_rally9_ball1.0.npy
Kento_MOMOTA_CHOU_Tien_Chen_Fuzhou_Open_2019_Finals,data\clips_cropped_multi\Kento_MOMOTA_CHOU_Tien_Chen_Fuzhou_Open_2019_Finals\short_service\set3_rally10_ball1.0.mp4,short_service,OK,1.0,0.214,data\pose_features_multi\Kento_MOMOTA_CHOU_Tien_Chen_Fuzhou_Open_2019_Finals\short_service\set3_rally10_ball1.0.npy
Kento_MOMOTA_CHOU_Tien_Chen_Fuzhou_Open_2019_Finals,data\clips_cropped_multi\Kento_MOMOTA_CHOU_Tien_Chen_Fuzhou_Open_2019_Finals\short_service\set3_rally11_ball1.0.mp4,short_service,OK,1.0,0.0,data\pose_features_multi\Kento_MOMOTA_CHOU_Tien_Chen_Fuzhou_Open_2019_Finals\short_service\set3_rally11_ball1.0.npy
Kento_MOMOTA_CHOU_Tien_Chen_Fuzhou_Open_2019_Finals,data\clips_cropped_multi\Kento_MOMOTA_CHOU_Tien_Chen_Fuzhou_Open_2019_Finals\short_service\set3_rally14_ball1.0.mp4,short_service,OK,1.0,0.286,data\pose_features_multi\Kento_MOMOTA_CHOU_Tien_Chen_Fuzhou_Open_2019_Finals\short_service\set3_rally14_ball1.0.npy
Kento_MOMOTA_CHOU_Tien_Chen_Fuzhou_Open_2019_Finals,data\clips_cropped_multi\Kento_MOMOTA_CHOU_Tien_Chen_Fuzhou_Open_2019_Finals\short_service\set3_rally19_ball1.0.mp4,short_service,OK,1.0,0.0,data\pose_features_multi\Kento_MOMOTA_CHOU_Tien_Chen_Fuzhou_Open_2019_Finals\short_service\set3_rally19_ball1.0.npy
Kento_MOMOTA_CHOU_Tien_Chen_Fuzhou_Open_2019_Finals,data\clips_cropped_multi\Kento_MOMOTA_CHOU_Tien_Chen_Fuzhou_Open_2019_Finals\short_service\set3_rally1_ball1.0.mp4,short_service,OK,1.0,1.0,data\pose_features_multi\Kento_MOMOTA_CHOU_Tien_Chen_Fuzhou_Open_2019_Finals\short_service\set3_rally1_ball1.0.npy
Kento_MOMOTA_CHOU_Tien_Chen_Fuzhou_Open_2019_Finals,data\clips_cropped_multi\Kento_MOMOTA_CHOU_Tien_Chen_Fuzhou_Open_2019_Finals\short_service\set3_rally21_ball1.0.mp4,short_service,OK,1.0,1.0,data\pose_features_multi\Kento_MOMOTA_CHOU_Tien_Chen_Fuzhou_Open_2019_Finals\short_service\set3_rally21_ball1.0.npy
Kento_MOMOTA_CHOU_Tien_Chen_Fuzhou_Open_2019_Finals,data\clips_cropped_multi\Kento_MOMOTA_CHOU_Tien_Chen_Fuzhou_Open_2019_Finals\short_service\set3_rally22_ball1.0.mp4,short_service,OK,1.0,1.0,data\pose_features_multi\Kento_MOMOTA_CHOU_Tien_Chen_Fuzhou_Open_2019_Finals\short_service\set3_rally22_ball1.0.npy
Kento_MOMOTA_CHOU_Tien_Chen_Fuzhou_Open_2019_Finals,data\clips_cropped_multi\Kento_MOMOTA_CHOU_Tien_Chen_Fuzhou_Open_2019_Finals\short_service\set3_rally23_ball1.0.mp4,short_service,OK,1.0,1.0,data\pose_features_multi\Kento_MOMOTA_CHOU_Tien_Chen_Fuzhou_Open_2019_Finals\short_service\set3_rally23_ball1.0.npy
Kento_MOMOTA_CHOU_Tien_Chen_Fuzhou_Open_2019_Finals,data\clips_cropped_multi\Kento_MOMOTA_CHOU_Tien_Chen_Fuzhou_Open_2019_Finals\short_service\set3_rally24_ball1.0.mp4,short_service,OK,0.929,0.929,data\pose_features_multi\Kento_MOMOTA_CHOU_Tien_Chen_Fuzhou_Open_2019_Finals\short_service\set3_rally24_ball1.0.npy
Kento_MOMOTA_CHOU_Tien_Chen_Fuzhou_Open_2019_Finals,data\clips_cropped_multi\Kento_MOMOTA_CHOU_Tien_Chen_Fuzhou_Open_2019_Finals\short_service\set3_rally25_ball1.0.mp4,short_service,OK,1.0,0.714,data\pose_features_multi\Kento_MOMOTA_CHOU_Tien_Chen_Fuzhou_Open_2019_Finals\short_service\set3_rally25_ball1.0.npy
Kento_MOMOTA_CHOU_Tien_Chen_Fuzhou_Open_2019_Finals,data\clips_cropped_multi\Kento_MOMOTA_CHOU_Tien_Chen_Fuzhou_Open_2019_Finals\short_service\set3_rally26_ball1.0.mp4,short_service,OK,1.0,1.0,data\pose_features_multi\Kento_MOMOTA_CHOU_Tien_Chen_Fuzhou_Open_2019_Finals\short_service\set3_rally26_ball1.0.npy
Kento_MOMOTA_CHOU_Tien_Chen_Fuzhou_Open_2019_Finals,data\clips_cropped_multi\Kento_MOMOTA_CHOU_Tien_Chen_Fuzhou_Open_2019_Finals\short_service\set3_rally27_ball1.0.mp4,short_service,POSE_INSUFFICIENT,0.571,0.107,data\pose_features_multi\Kento_MOMOTA_CHOU_Tien_Chen_Fuzhou_Open_2019_Finals\short_service\set3_rally27_ball1.0.npy
Kento_MOMOTA_CHOU_Tien_Chen_Fuzhou_Open_2019_Finals,data\clips_cropped_multi\Kento_MOMOTA_CHOU_Tien_Chen_Fuzhou_Open_2019_Finals\short_service\set3_rally2_ball1.0.mp4,short_service,POSE_INSUFFICIENT,0.571,0.571,data\pose_features_multi\Kento_MOMOTA_CHOU_Tien_Chen_Fuzhou_Open_2019_Finals\short_service\set3_rally2_ball1.0.npy
Kento_MOMOTA_CHOU_Tien_Chen_Fuzhou_Open_2019_Finals,data\clips_cropped_multi\Kento_MOMOTA_CHOU_Tien_Chen_Fuzhou_Open_2019_Finals\short_service\set3_rally32_ball1.0.mp4,short_service,OK,1.0,1.0,data\pose_features_multi\Kento_MOMOTA_CHOU_Tien_Chen_Fuzhou_Open_2019_Finals\short_service\set3_rally32_ball1.0.npy
Kento_MOMOTA_CHOU_Tien_Chen_Fuzhou_Open_2019_Finals,data\clips_cropped_multi\Kento_MOMOTA_CHOU_Tien_Chen_Fuzhou_Open_2019_Finals\short_service\set3_rally34_ball1.0.mp4,short_service,OK,1.0,1.0,data\pose_features_multi\Kento_MOMOTA_CHOU_Tien_Chen_Fuzhou_Open_2019_Finals\short_service\set3_rally34_ball1.0.npy
Kento_MOMOTA_CHOU_Tien_Chen_Fuzhou_Open_2019_Finals,data\clips_cropped_multi\Kento_MOMOTA_CHOU_Tien_Chen_Fuzhou_Open_2019_Finals\short_service\set3_rally36_ball1.0.mp4,short_service,OK,1.0,1.0,data\pose_features_multi\Kento_MOMOTA_CHOU_Tien_Chen_Fuzhou_Open_2019_Finals\short_service\set3_rally36_ball1.0.npy
Kento_MOMOTA_CHOU_Tien_Chen_Fuzhou_Open_2019_Finals,data\clips_cropped_multi\Kento_MOMOTA_CHOU_Tien_Chen_Fuzhou_Open_2019_Finals\short_service\set3_rally37_ball1.0.mp4,short_service,OK,1.0,1.0,data\pose_features_multi\Kento_MOMOTA_CHOU_Tien_Chen_Fuzhou_Open_2019_Finals\short_service\set3_rally37_ball1.0.npy
Kento_MOMOTA_CHOU_Tien_Chen_Fuzhou_Open_2019_Finals,data\clips_cropped_multi\Kento_MOMOTA_CHOU_Tien_Chen_Fuzhou_Open_2019_Finals\short_service\set3_rally38_ball1.0.mp4,short_service,OK,1.0,1.0,data\pose_features_multi\Kento_MOMOTA_CHOU_Tien_Chen_Fuzhou_Open_2019_Finals\short_service\set3_rally38_ball1.0.npy
Kento_MOMOTA_CHOU_Tien_Chen_Fuzhou_Open_2019_Finals,data\clips_cropped_multi\Kento_MOMOTA_CHOU_Tien_Chen_Fuzhou_Open_2019_Finals\short_service\set3_rally39_ball1.0.mp4,short_service,OK,1.0,1.0,data\pose_features_multi\Kento_MOMOTA_CHOU_Tien_Chen_Fuzhou_Open_2019_Finals\short_service\set3_rally39_ball1.0.npy
Kento_MOMOTA_CHOU_Tien_Chen_Fuzhou_Open_2019_Finals,data\clips_cropped_multi\Kento_MOMOTA_CHOU_Tien_Chen_Fuzhou_Open_2019_Finals\short_service\set3_rally3_ball1.0.mp4,short_service,OK,1.0,0.464,data\pose_features_multi\Kento_MOMOTA_CHOU_Tien_Chen_Fuzhou_Open_2019_Finals\short_service\set3_rally3_ball1.0.npy
Kento_MOMOTA_CHOU_Tien_Chen_Fuzhou_Open_2019_Finals,data\clips_cropped_multi\Kento_MOMOTA_CHOU_Tien_Chen_Fuzhou_Open_2019_Finals\short_service\set3_rally4_ball1.0.mp4,short_service,OK,1.0,0.0,data\pose_features_multi\Kento_MOMOTA_CHOU_Tien_Chen_Fuzhou_Open_2019_Finals\short_service\set3_rally4_ball1.0.npy
Kento_MOMOTA_CHOU_Tien_Chen_Fuzhou_Open_2019_Finals,data\clips_cropped_multi\Kento_MOMOTA_CHOU_Tien_Chen_Fuzhou_Open_2019_Finals\short_service\set3_rally5_ball1.0.mp4,short_service,OK,1.0,0.25,data\pose_features_multi\Kento_MOMOTA_CHOU_Tien_Chen_Fuzhou_Open_2019_Finals\short_service\set3_rally5_ball1.0.npy
Kento_MOMOTA_CHOU_Tien_Chen_Fuzhou_Open_2019_Finals,data\clips_cropped_multi\Kento_MOMOTA_CHOU_Tien_Chen_Fuzhou_Open_2019_Finals\short_service\set3_rally6_ball1.0.mp4,short_service,POSE_INSUFFICIENT,0.571,0.0,data\pose_features_multi\Kento_MOMOTA_CHOU_Tien_Chen_Fuzhou_Open_2019_Finals\short_service\set3_rally6_ball1.0.npy
Kento_MOMOTA_CHOU_Tien_Chen_Fuzhou_Open_2019_Finals,data\clips_cropped_multi\Kento_MOMOTA_CHOU_Tien_Chen_Fuzhou_Open_2019_Finals\short_service\set3_rally9_ball1.0.mp4,short_service,OK,0.929,0.929,data\pose_features_multi\Kento_MOMOTA_CHOU_Tien_Chen_Fuzhou_Open_2019_Finals\short_service\set3_rally9_ball1.0.npy
Kento_MOMOTA_CHOU_Tien_Chen_Fuzhou_Open_2019_Finals,data\clips_cropped_multi\Kento_MOMOTA_CHOU_Tien_Chen_Fuzhou_Open_2019_Finals\smash\set1_rally13_ball33.0.mp4,smash,OK,0.786,0.786,data\pose_features_multi\Kento_MOMOTA_CHOU_Tien_Chen_Fuzhou_Open_2019_Finals\smash\set1_rally13_ball33.0.npy
Kento_MOMOTA_CHOU_Tien_Chen_Fuzhou_Open_2019_Finals,data\clips_cropped_multi\Kento_MOMOTA_CHOU_Tien_Chen_Fuzhou_Open_2019_Finals\smash\set1_rally13_ball39.0.mp4,smash,OK,1.0,1.0,data\pose_features_multi\Kento_MOMOTA_CHOU_Tien_Chen_Fuzhou_Open_2019_Finals\smash\set1_rally13_ball39.0.npy
Kento_MOMOTA_CHOU_Tien_Chen_Fuzhou_Open_2019_Finals,data\clips_cropped_multi\Kento_MOMOTA_CHOU_Tien_Chen_Fuzhou_Open_2019_Finals\smash\set1_rally13_ball6.0.mp4,smash,OK,1.0,0.857,data\pose_features_multi\Kento_MOMOTA_CHOU_Tien_Chen_Fuzhou_Open_2019_Finals\smash\set1_rally13_ball6.0.npy
Kento_MOMOTA_CHOU_Tien_Chen_Fuzhou_Open_2019_Finals,data\clips_cropped_multi\Kento_MOMOTA_CHOU_Tien_Chen_Fuzhou_Open_2019_Finals\smash\set1_rally14_ball5.0.mp4,smash,OK,1.0,1.0,data\pose_features_multi\Kento_MOMOTA_CHOU_Tien_Chen_Fuzhou_Open_2019_Finals\smash\set1_rally14_ball5.0.npy
Kento_MOMOTA_CHOU_Tien_Chen_Fuzhou_Open_2019_Finals,data\clips_cropped_multi\Kento_MOMOTA_CHOU_Tien_Chen_Fuzhou_Open_2019_Finals\smash\set1_rally15_ball14.0.mp4,smash,OK,1.0,1.0,data\pose_features_multi\Kento_MOMOTA_CHOU_Tien_Chen_Fuzhou_Open_2019_Finals\smash\set1_rally15_ball14.0.npy
Kento_MOMOTA_CHOU_Tien_Chen_Fuzhou_Open_2019_Finals,data\clips_cropped_multi\Kento_MOMOTA_CHOU_Tien_Chen_Fuzhou_Open_2019_Finals\smash\set1_rally15_ball18.0.mp4,smash,OK,1.0,1.0,data\pose_features_multi\Kento_MOMOTA_CHOU_Tien_Chen_Fuzhou_Open_2019_Finals\smash\set1_rally15_ball18.0.npy
Kento_MOMOTA_CHOU_Tien_Chen_Fuzhou_Open_2019_Finals,data\clips_cropped_multi\Kento_MOMOTA_CHOU_Tien_Chen_Fuzhou_Open_2019_Finals\smash\set1_rally16_ball22.0.mp4,smash,OK,1.0,1.0,data\pose_features_multi\Kento_MOMOTA_CHOU_Tien_Chen_Fuzhou_Open_2019_Finals\smash\set1_rally16_ball22.0.npy
Kento_MOMOTA_CHOU_Tien_Chen_Fuzhou_Open_2019_Finals,data\clips_cropped_multi\Kento_MOMOTA_CHOU_Tien_Chen_Fuzhou_Open_2019_Finals\smash\set1_rally16_ball28.0.mp4,smash,OK,1.0,1.0,data\pose_features_multi\Kento_MOMOTA_CHOU_Tien_Chen_Fuzhou_Open_2019_Finals\smash\set1_rally16_ball28.0.npy
Kento_MOMOTA_CHOU_Tien_Chen_Fuzhou_Open_2019_Finals,data\clips_cropped_multi\Kento_MOMOTA_CHOU_Tien_Chen_Fuzhou_Open_2019_Finals\smash\set1_rally17_ball15.0.mp4,smash,OK,1.0,0.768,data\pose_features_multi\Kento_MOMOTA_CHOU_Tien_Chen_Fuzhou_Open_2019_Finals\smash\set1_rally17_ball15.0.npy
Kento_MOMOTA_CHOU_Tien_Chen_Fuzhou_Open_2019_Finals,data\clips_cropped_multi\Kento_MOMOTA_CHOU_Tien_Chen_Fuzhou_Open_2019_Finals\smash\set1_rally18_ball8.0.mp4,smash,OK,1.0,0.821,data\pose_features_multi\Kento_MOMOTA_CHOU_Tien_Chen_Fuzhou_Open_2019_Finals\smash\set1_rally18_ball8.0.npy
Kento_MOMOTA_CHOU_Tien_Chen_Fuzhou_Open_2019_Finals,data\clips_cropped_multi\Kento_MOMOTA_CHOU_Tien_Chen_Fuzhou_Open_2019_Finals\smash\set1_rally19_ball2.0.mp4,smash,OK,1.0,0.75,data\pose_features_multi\Kento_MOMOTA_CHOU_Tien_Chen_Fuzhou_Open_2019_Finals\smash\set1_rally19_ball2.0.npy
Kento_MOMOTA_CHOU_Tien_Chen_Fuzhou_Open_2019_Finals,data\clips_cropped_multi\Kento_MOMOTA_CHOU_Tien_Chen_Fuzhou_Open_2019_Finals\smash\set1_rally20_ball3.0.mp4,smash,OK,1.0,0.75,data\pose_features_multi\Kento_MOMOTA_CHOU_Tien_Chen_Fuzhou_Open_2019_Finals\smash\set1_rally20_ball3.0.npy
Kento_MOMOTA_CHOU_Tien_Chen_Fuzhou_Open_2019_Finals,data\clips_cropped_multi\Kento_MOMOTA_CHOU_Tien_Chen_Fuzhou_Open_2019_Finals\smash\set1_rally21_ball5.0.mp4,smash,OK,0.911,0.911,data\pose_features_multi\Kento_MOMOTA_CHOU_Tien_Chen_Fuzhou_Open_2019_Finals\smash\set1_rally21_ball5.0.npy
Kento_MOMOTA_CHOU_Tien_Chen_Fuzhou_Open_2019_Finals,data\clips_cropped_multi\Kento_MOMOTA_CHOU_Tien_Chen_Fuzhou_Open_2019_Finals\smash\set1_rally22_ball11.0.mp4,smash,OK,1.0,1.0,data\pose_features_multi\Kento_MOMOTA_CHOU_Tien_Chen_Fuzhou_Open_2019_Finals\smash\set1_rally22_ball11.0.npy
Kento_MOMOTA_CHOU_Tien_Chen_Fuzhou_Open_2019_Finals,data\clips_cropped_multi\Kento_MOMOTA_CHOU_Tien_Chen_Fuzhou_Open_2019_Finals\smash\set1_rally24_ball4.0.mp4,smash,OK,1.0,1.0,data\pose_features_multi\Kento_MOMOTA_CHOU_Tien_Chen_Fuzhou_Open_2019_Finals\smash\set1_rally24_ball4.0.npy
Kento_MOMOTA_CHOU_Tien_Chen_Fuzhou_Open_2019_Finals,data\clips_cropped_multi\Kento_MOMOTA_CHOU_Tien_Chen_Fuzhou_Open_2019_Finals\smash\set1_rally24_ball8.0.mp4,smash,OK,1.0,1.0,data\pose_features_multi\Kento_MOMOTA_CHOU_Tien_Chen_Fuzhou_Open_2019_Finals\smash\set1_rally24_ball8.0.npy
Kento_MOMOTA_CHOU_Tien_Chen_Fuzhou_Open_2019_Finals,data\clips_cropped_multi\Kento_MOMOTA_CHOU_Tien_Chen_Fuzhou_Open_2019_Finals\smash\set1_rally25_ball11.0.mp4,smash,POSE_INSUFFICIENT,0.696,0.839,data\pose_features_multi\Kento_MOMOTA_CHOU_Tien_Chen_Fuzhou_Open_2019_Finals\smash\set1_rally25_ball11.0.npy
Kento_MOMOTA_CHOU_Tien_Chen_Fuzhou_Open_2019_Finals,data\clips_cropped_multi\Kento_MOMOTA_CHOU_Tien_Chen_Fuzhou_Open_2019_Finals\smash\set1_rally25_ball16.0.mp4,smash,OK,1.0,0.893,data\pose_features_multi\Kento_MOMOTA_CHOU_Tien_Chen_Fuzhou_Open_2019_Finals\smash\set1_rally25_ball16.0.npy
Kento_MOMOTA_CHOU_Tien_Chen_Fuzhou_Open_2019_Finals,data\clips_cropped_multi\Kento_MOMOTA_CHOU_Tien_Chen_Fuzhou_Open_2019_Finals\smash\set1_rally27_ball22.0.mp4,smash,OK,1.0,1.0,data\pose_features_multi\Kento_MOMOTA_CHOU_Tien_Chen_Fuzhou_Open_2019_Finals\smash\set1_rally27_ball22.0.npy
Kento_MOMOTA_CHOU_Tien_Chen_Fuzhou_Open_2019_Finals,data\clips_cropped_multi\Kento_MOMOTA_CHOU_Tien_Chen_Fuzhou_Open_2019_Finals\smash\set1_rally27_ball5.0.mp4,smash,OK,0.964,0.732,data\pose_features_multi\Kento_MOMOTA_CHOU_Tien_Chen_Fuzhou_Open_2019_Finals\smash\set1_rally27_ball5.0.npy
Kento_MOMOTA_CHOU_Tien_Chen_Fuzhou_Open_2019_Finals,data\clips_cropped_multi\Kento_MOMOTA_CHOU_Tien_Chen_Fuzhou_Open_2019_Finals\smash\set1_rally27_ball7.0.mp4,smash,OK,1.0,1.0,data\pose_features_multi\Kento_MOMOTA_CHOU_Tien_Chen_Fuzhou_Open_2019_Finals\smash\set1_rally27_ball7.0.npy
Kento_MOMOTA_CHOU_Tien_Chen_Fuzhou_Open_2019_Finals,data\clips_cropped_multi\Kento_MOMOTA_CHOU_Tien_Chen_Fuzhou_Open_2019_Finals\smash\set1_rally28_ball5.0.mp4,smash,OK,1.0,0.875,data\pose_features_multi\Kento_MOMOTA_CHOU_Tien_Chen_Fuzhou_Open_2019_Finals\smash\set1_rally28_ball5.0.npy
Kento_MOMOTA_CHOU_Tien_Chen_Fuzhou_Open_2019_Finals,data\clips_cropped_multi\Kento_MOMOTA_CHOU_Tien_Chen_Fuzhou_Open_2019_Finals\smash\set1_rally2_ball3.0.mp4,smash,OK,0.964,0.964,data\pose_features_multi\Kento_MOMOTA_CHOU_Tien_Chen_Fuzhou_Open_2019_Finals\smash\set1_rally2_ball3.0.npy
Kento_MOMOTA_CHOU_Tien_Chen_Fuzhou_Open_2019_Finals,data\clips_cropped_multi\Kento_MOMOTA_CHOU_Tien_Chen_Fuzhou_Open_2019_Finals\smash\set1_rally31_ball2.0.mp4,smash,OK,0.964,0.643,data\pose_features_multi\Kento_MOMOTA_CHOU_Tien_Chen_Fuzhou_Open_2019_Finals\smash\set1_rally31_ball2.0.npy
Kento_MOMOTA_CHOU_Tien_Chen_Fuzhou_Open_2019_Finals,data\clips_cropped_multi\Kento_MOMOTA_CHOU_Tien_Chen_Fuzhou_Open_2019_Finals\smash\set1_rally32_ball8.0.mp4,smash,OK,1.0,1.0,data\pose_features_multi\Kento_MOMOTA_CHOU_Tien_Chen_Fuzhou_Open_2019_Finals\smash\set1_rally32_ball8.0.npy
Kento_MOMOTA_CHOU_Tien_Chen_Fuzhou_Open_2019_Finals,data\clips_cropped_multi\Kento_MOMOTA_CHOU_Tien_Chen_Fuzhou_Open_2019_Finals\smash\set1_rally33_ball12.0.mp4,smash,OK,1.0,1.0,data\pose_features_multi\Kento_MOMOTA_CHOU_Tien_Chen_Fuzhou_Open_2019_Finals\smash\set1_rally33_ball12.0.npy
Kento_MOMOTA_CHOU_Tien_Chen_Fuzhou_Open_2019_Finals,data\clips_cropped_multi\Kento_MOMOTA_CHOU_Tien_Chen_Fuzhou_Open_2019_Finals\smash\set1_rally34_ball4.0.mp4,smash,OK,1.0,0.643,data\pose_features_multi\Kento_MOMOTA_CHOU_Tien_Chen_Fuzhou_Open_2019_Finals\smash\set1_rally34_ball4.0.npy
Kento_MOMOTA_CHOU_Tien_Chen_Fuzhou_Open_2019_Finals,data\clips_cropped_multi\Kento_MOMOTA_CHOU_Tien_Chen_Fuzhou_Open_2019_Finals\smash\set1_rally36_ball10.0.mp4,smash,OK,1.0,0.571,data\pose_features_multi\Kento_MOMOTA_CHOU_Tien_Chen_Fuzhou_Open_2019_Finals\smash\set1_rally36_ball10.0.npy
Kento_MOMOTA_CHOU_Tien_Chen_Fuzhou_Open_2019_Finals,data\clips_cropped_multi\Kento_MOMOTA_CHOU_Tien_Chen_Fuzhou_Open_2019_Finals\smash\set1_rally3_ball24.0.mp4,smash,OK,1.0,1.0,data\pose_features_multi\Kento_MOMOTA_CHOU_Tien_Chen_Fuzhou_Open_2019_Finals\smash\set1_rally3_ball24.0.npy
Kento_MOMOTA_CHOU_Tien_Chen_Fuzhou_Open_2019_Finals,data\clips_cropped_multi\Kento_MOMOTA_CHOU_Tien_Chen_Fuzhou_Open_2019_Finals\smash\set1_rally3_ball4.0.mp4,smash,OK,1.0,1.0,data\pose_features_multi\Kento_MOMOTA_CHOU_Tien_Chen_Fuzhou_Open_2019_Finals\smash\set1_rally3_ball4.0.npy
Kento_MOMOTA_CHOU_Tien_Chen_Fuzhou_Open_2019_Finals,data\clips_cropped_multi\Kento_MOMOTA_CHOU_Tien_Chen_Fuzhou_Open_2019_Finals\smash\set1_rally5_ball5.0.mp4,smash,OK,1.0,1.0,data\pose_features_multi\Kento_MOMOTA_CHOU_Tien_Chen_Fuzhou_Open_2019_Finals\smash\set1_rally5_ball5.0.npy
Kento_MOMOTA_CHOU_Tien_Chen_Fuzhou_Open_2019_Finals,data\clips_cropped_multi\Kento_MOMOTA_CHOU_Tien_Chen_Fuzhou_Open_2019_Finals\smash\set1_rally5_ball8.0.mp4,smash,OK,1.0,1.0,data\pose_features_multi\Kento_MOMOTA_CHOU_Tien_Chen_Fuzhou_Open_2019_Finals\smash\set1_rally5_ball8.0.npy
Kento_MOMOTA_CHOU_Tien_Chen_Fuzhou_Open_2019_Finals,data\clips_cropped_multi\Kento_MOMOTA_CHOU_Tien_Chen_Fuzhou_Open_2019_Finals\smash\set1_rally9_ball22.0.mp4,smash,OK,1.0,1.0,data\pose_features_multi\Kento_MOMOTA_CHOU_Tien_Chen_Fuzhou_Open_2019_Finals\smash\set1_rally9_ball22.0.npy
Kento_MOMOTA_CHOU_Tien_Chen_Fuzhou_Open_2019_Finals,data\clips_cropped_multi\Kento_MOMOTA_CHOU_Tien_Chen_Fuzhou_Open_2019_Finals\smash\set2_rally10_ball12.0.mp4,smash,OK,1.0,0.929,data\pose_features_multi\Kento_MOMOTA_CHOU_Tien_Chen_Fuzhou_Open_2019_Finals\smash\set2_rally10_ball12.0.npy
Kento_MOMOTA_CHOU_Tien_Chen_Fuzhou_Open_2019_Finals,data\clips_cropped_multi\Kento_MOMOTA_CHOU_Tien_Chen_Fuzhou_Open_2019_Finals\smash\set2_rally11_ball14.0.mp4,smash,OK,1.0,1.0,data\pose_features_multi\Kento_MOMOTA_CHOU_Tien_Chen_Fuzhou_Open_2019_Finals\smash\set2_rally11_ball14.0.npy
Kento_MOMOTA_CHOU_Tien_Chen_Fuzhou_Open_2019_Finals,data\clips_cropped_multi\Kento_MOMOTA_CHOU_Tien_Chen_Fuzhou_Open_2019_Finals\smash\set2_rally12_ball3.0.mp4,smash,OK,1.0,0.857,data\pose_features_multi\Kento_MOMOTA_CHOU_Tien_Chen_Fuzhou_Open_2019_Finals\smash\set2_rally12_ball3.0.npy
Kento_MOMOTA_CHOU_Tien_Chen_Fuzhou_Open_2019_Finals,data\clips_cropped_multi\Kento_MOMOTA_CHOU_Tien_Chen_Fuzhou_Open_2019_Finals\smash\set2_rally13_ball5.0.mp4,smash,POSE_INSUFFICIENT,0.214,0.268,data\pose_features_multi\Kento_MOMOTA_CHOU_Tien_Chen_Fuzhou_Open_2019_Finals\smash\set2_rally13_ball5.0.npy
Kento_MOMOTA_CHOU_Tien_Chen_Fuzhou_Open_2019_Finals,data\clips_cropped_multi\Kento_MOMOTA_CHOU_Tien_Chen_Fuzhou_Open_2019_Finals\smash\set2_rally16_ball11.0.mp4,smash,OK,1.0,0.911,data\pose_features_multi\Kento_MOMOTA_CHOU_Tien_Chen_Fuzhou_Open_2019_Finals\smash\set2_rally16_ball11.0.npy
Kento_MOMOTA_CHOU_Tien_Chen_Fuzhou_Open_2019_Finals,data\clips_cropped_multi\Kento_MOMOTA_CHOU_Tien_Chen_Fuzhou_Open_2019_Finals\smash\set2_rally19_ball19.0.mp4,smash,OK,1.0,1.0,data\pose_features_multi\Kento_MOMOTA_CHOU_Tien_Chen_Fuzhou_Open_2019_Finals\smash\set2_rally19_ball19.0.npy
Kento_MOMOTA_CHOU_Tien_Chen_Fuzhou_Open_2019_Finals,data\clips_cropped_multi\Kento_MOMOTA_CHOU_Tien_Chen_Fuzhou_Open_2019_Finals\smash\set2_rally19_ball4.0.mp4,smash,OK,1.0,1.0,data\pose_features_multi\Kento_MOMOTA_CHOU_Tien_Chen_Fuzhou_Open_2019_Finals\smash\set2_rally19_ball4.0.npy
Kento_MOMOTA_CHOU_Tien_Chen_Fuzhou_Open_2019_Finals,data\clips_cropped_multi\Kento_MOMOTA_CHOU_Tien_Chen_Fuzhou_Open_2019_Finals\smash\set2_rally1_ball4.0.mp4,smash,OK,1.0,0.679,data\pose_features_multi\Kento_MOMOTA_CHOU_Tien_Chen_Fuzhou_Open_2019_Finals\smash\set2_rally1_ball4.0.npy
Kento_MOMOTA_CHOU_Tien_Chen_Fuzhou_Open_2019_Finals,data\clips_cropped_multi\Kento_MOMOTA_CHOU_Tien_Chen_Fuzhou_Open_2019_Finals\smash\set2_rally23_ball9.0.mp4,smash,OK,1.0,0.982,data\pose_features_multi\Kento_MOMOTA_CHOU_Tien_Chen_Fuzhou_Open_2019_Finals\smash\set2_rally23_ball9.0.npy
Kento_MOMOTA_CHOU_Tien_Chen_Fuzhou_Open_2019_Finals,data\clips_cropped_multi\Kento_MOMOTA_CHOU_Tien_Chen_Fuzhou_Open_2019_Finals\smash\set2_rally24_ball28.0.mp4,smash,OK,1.0,1.0,data\pose_features_multi\Kento_MOMOTA_CHOU_Tien_Chen_Fuzhou_Open_2019_Finals\smash\set2_rally24_ball28.0.npy
Kento_MOMOTA_CHOU_Tien_Chen_Fuzhou_Open_2019_Finals,data\clips_cropped_multi\Kento_MOMOTA_CHOU_Tien_Chen_Fuzhou_Open_2019_Finals\smash\set2_rally27_ball4.0.mp4,smash,OK,1.0,1.0,data\pose_features_multi\Kento_MOMOTA_CHOU_Tien_Chen_Fuzhou_Open_2019_Finals\smash\set2_rally27_ball4.0.npy
Kento_MOMOTA_CHOU_Tien_Chen_Fuzhou_Open_2019_Finals,data\clips_cropped_multi\Kento_MOMOTA_CHOU_Tien_Chen_Fuzhou_Open_2019_Finals\smash\set2_rally28_ball3.0.mp4,smash,OK,1.0,1.0,data\pose_features_multi\Kento_MOMOTA_CHOU_Tien_Chen_Fuzhou_Open_2019_Finals\smash\set2_rally28_ball3.0.npy
Kento_MOMOTA_CHOU_Tien_Chen_Fuzhou_Open_2019_Finals,data\clips_cropped_multi\Kento_MOMOTA_CHOU_Tien_Chen_Fuzhou_Open_2019_Finals\smash\set2_rally29_ball4.0.mp4,smash,OK,1.0,0.875,data\pose_features_multi\Kento_MOMOTA_CHOU_Tien_Chen_Fuzhou_Open_2019_Finals\smash\set2_rally29_ball4.0.npy
Kento_MOMOTA_CHOU_Tien_Chen_Fuzhou_Open_2019_Finals,data\clips_cropped_multi\Kento_MOMOTA_CHOU_Tien_Chen_Fuzhou_Open_2019_Finals\smash\set2_rally2_ball4.0.mp4,smash,OK,1.0,0.857,data\pose_features_multi\Kento_MOMOTA_CHOU_Tien_Chen_Fuzhou_Open_2019_Finals\smash\set2_rally2_ball4.0.npy
Kento_MOMOTA_CHOU_Tien_Chen_Fuzhou_Open_2019_Finals,data\clips_cropped_multi\Kento_MOMOTA_CHOU_Tien_Chen_Fuzhou_Open_2019_Finals\smash\set2_rally30_ball11.0.mp4,smash,OK,1.0,1.0,data\pose_features_multi\Kento_MOMOTA_CHOU_Tien_Chen_Fuzhou_Open_2019_Finals\smash\set2_rally30_ball11.0.npy
Kento_MOMOTA_CHOU_Tien_Chen_Fuzhou_Open_2019_Finals,data\clips_cropped_multi\Kento_MOMOTA_CHOU_Tien_Chen_Fuzhou_Open_2019_Finals\smash\set2_rally30_ball2.0.mp4,smash,POSE_INSUFFICIENT,0.679,0.679,data\pose_features_multi\Kento_MOMOTA_CHOU_Tien_Chen_Fuzhou_Open_2019_Finals\smash\set2_rally30_ball2.0.npy
Kento_MOMOTA_CHOU_Tien_Chen_Fuzhou_Open_2019_Finals,data\clips_cropped_multi\Kento_MOMOTA_CHOU_Tien_Chen_Fuzhou_Open_2019_Finals\smash\set2_rally30_ball21.0.mp4,smash,OK,1.0,0.804,data\pose_features_multi\Kento_MOMOTA_CHOU_Tien_Chen_Fuzhou_Open_2019_Finals\smash\set2_rally30_ball21.0.npy
Kento_MOMOTA_CHOU_Tien_Chen_Fuzhou_Open_2019_Finals,data\clips_cropped_multi\Kento_MOMOTA_CHOU_Tien_Chen_Fuzhou_Open_2019_Finals\smash\set2_rally31_ball4.0.mp4,smash,OK,1.0,1.0,data\pose_features_multi\Kento_MOMOTA_CHOU_Tien_Chen_Fuzhou_Open_2019_Finals\smash\set2_rally31_ball4.0.npy
Kento_MOMOTA_CHOU_Tien_Chen_Fuzhou_Open_2019_Finals,data\clips_cropped_multi\Kento_MOMOTA_CHOU_Tien_Chen_Fuzhou_Open_2019_Finals\smash\set2_rally32_ball4.0.mp4,smash,OK,1.0,0.661,data\pose_features_multi\Kento_MOMOTA_CHOU_Tien_Chen_Fuzhou_Open_2019_Finals\smash\set2_rally32_ball4.0.npy
Kento_MOMOTA_CHOU_Tien_Chen_Fuzhou_Open_2019_Finals,data\clips_cropped_multi\Kento_MOMOTA_CHOU_Tien_Chen_Fuzhou_Open_2019_Finals\smash\set2_rally33_ball10.0.mp4,smash,OK,1.0,1.0,data\pose_features_multi\Kento_MOMOTA_CHOU_Tien_Chen_Fuzhou_Open_2019_Finals\smash\set2_rally33_ball10.0.npy
Kento_MOMOTA_CHOU_Tien_Chen_Fuzhou_Open_2019_Finals,data\clips_cropped_multi\Kento_MOMOTA_CHOU_Tien_Chen_Fuzhou_Open_2019_Finals\smash\set2_rally33_ball18.0.mp4,smash,OK,1.0,1.0,data\pose_features_multi\Kento_MOMOTA_CHOU_Tien_Chen_Fuzhou_Open_2019_Finals\smash\set2_rally33_ball18.0.npy
Kento_MOMOTA_CHOU_Tien_Chen_Fuzhou_Open_2019_Finals,data\clips_cropped_multi\Kento_MOMOTA_CHOU_Tien_Chen_Fuzhou_Open_2019_Finals\smash\set2_rally33_ball6.0.mp4,smash,OK,1.0,1.0,data\pose_features_multi\Kento_MOMOTA_CHOU_Tien_Chen_Fuzhou_Open_2019_Finals\smash\set2_rally33_ball6.0.npy
Kento_MOMOTA_CHOU_Tien_Chen_Fuzhou_Open_2019_Finals,data\clips_cropped_multi\Kento_MOMOTA_CHOU_Tien_Chen_Fuzhou_Open_2019_Finals\smash\set2_rally34_ball23.0.mp4,smash,OK,1.0,1.0,data\pose_features_multi\Kento_MOMOTA_CHOU_Tien_Chen_Fuzhou_Open_2019_Finals\smash\set2_rally34_ball23.0.npy
Kento_MOMOTA_CHOU_Tien_Chen_Fuzhou_Open_2019_Finals,data\clips_cropped_multi\Kento_MOMOTA_CHOU_Tien_Chen_Fuzhou_Open_2019_Finals\smash\set2_rally35_ball5.0.mp4,smash,OK,1.0,1.0,data\pose_features_multi\Kento_MOMOTA_CHOU_Tien_Chen_Fuzhou_Open_2019_Finals\smash\set2_rally35_ball5.0.npy
Kento_MOMOTA_CHOU_Tien_Chen_Fuzhou_Open_2019_Finals,data\clips_cropped_multi\Kento_MOMOTA_CHOU_Tien_Chen_Fuzhou_Open_2019_Finals\smash\set2_rally36_ball10.0.mp4,smash,OK,0.964,0.964,data\pose_features_multi\Kento_MOMOTA_CHOU_Tien_Chen_Fuzhou_Open_2019_Finals\smash\set2_rally36_ball10.0.npy
Kento_MOMOTA_CHOU_Tien_Chen_Fuzhou_Open_2019_Finals,data\clips_cropped_multi\Kento_MOMOTA_CHOU_Tien_Chen_Fuzhou_Open_2019_Finals\smash\set2_rally36_ball16.0.mp4,smash,OK,1.0,0.946,data\pose_features_multi\Kento_MOMOTA_CHOU_Tien_Chen_Fuzhou_Open_2019_Finals\smash\set2_rally36_ball16.0.npy
Kento_MOMOTA_CHOU_Tien_Chen_Fuzhou_Open_2019_Finals,data\clips_cropped_multi\Kento_MOMOTA_CHOU_Tien_Chen_Fuzhou_Open_2019_Finals\smash\set2_rally36_ball34.0.mp4,smash,OK,1.0,0.75,data\pose_features_multi\Kento_MOMOTA_CHOU_Tien_Chen_Fuzhou_Open_2019_Finals\smash\set2_rally36_ball34.0.npy
Kento_MOMOTA_CHOU_Tien_Chen_Fuzhou_Open_2019_Finals,data\clips_cropped_multi\Kento_MOMOTA_CHOU_Tien_Chen_Fuzhou_Open_2019_Finals\smash\set2_rally36_ball4.0.mp4,smash,OK,1.0,0.946,data\pose_features_multi\Kento_MOMOTA_CHOU_Tien_Chen_Fuzhou_Open_2019_Finals\smash\set2_rally36_ball4.0.npy
Kento_MOMOTA_CHOU_Tien_Chen_Fuzhou_Open_2019_Finals,data\clips_cropped_multi\Kento_MOMOTA_CHOU_Tien_Chen_Fuzhou_Open_2019_Finals\smash\set2_rally37_ball14.0.mp4,smash,OK,1.0,1.0,data\pose_features_multi\Kento_MOMOTA_CHOU_Tien_Chen_Fuzhou_Open_2019_Finals\smash\set2_rally37_ball14.0.npy
Kento_MOMOTA_CHOU_Tien_Chen_Fuzhou_Open_2019_Finals,data\clips_cropped_multi\Kento_MOMOTA_CHOU_Tien_Chen_Fuzhou_Open_2019_Finals\smash\set2_rally38_ball10.0.mp4,smash,OK,1.0,1.0,data\pose_features_multi\Kento_MOMOTA_CHOU_Tien_Chen_Fuzhou_Open_2019_Finals\smash\set2_rally38_ball10.0.npy
Kento_MOMOTA_CHOU_Tien_Chen_Fuzhou_Open_2019_Finals,data\clips_cropped_multi\Kento_MOMOTA_CHOU_Tien_Chen_Fuzhou_Open_2019_Finals\smash\set2_rally38_ball7.0.mp4,smash,OK,1.0,1.0,data\pose_features_multi\Kento_MOMOTA_CHOU_Tien_Chen_Fuzhou_Open_2019_Finals\smash\set2_rally38_ball7.0.npy
Kento_MOMOTA_CHOU_Tien_Chen_Fuzhou_Open_2019_Finals,data\clips_cropped_multi\Kento_MOMOTA_CHOU_Tien_Chen_Fuzhou_Open_2019_Finals\smash\set2_rally5_ball3.0.mp4,smash,OK,1.0,0.786,data\pose_features_multi\Kento_MOMOTA_CHOU_Tien_Chen_Fuzhou_Open_2019_Finals\smash\set2_rally5_ball3.0.npy
Kento_MOMOTA_CHOU_Tien_Chen_Fuzhou_Open_2019_Finals,data\clips_cropped_multi\Kento_MOMOTA_CHOU_Tien_Chen_Fuzhou_Open_2019_Finals\smash\set2_rally7_ball12.0.mp4,smash,OK,1.0,0.893,data\pose_features_multi\Kento_MOMOTA_CHOU_Tien_Chen_Fuzhou_Open_2019_Finals\smash\set2_rally7_ball12.0.npy
Kento_MOMOTA_CHOU_Tien_Chen_Fuzhou_Open_2019_Finals,data\clips_cropped_multi\Kento_MOMOTA_CHOU_Tien_Chen_Fuzhou_Open_2019_Finals\smash\set2_rally7_ball18.0.mp4,smash,OK,1.0,0.821,data\pose_features_multi\Kento_MOMOTA_CHOU_Tien_Chen_Fuzhou_Open_2019_Finals\smash\set2_rally7_ball18.0.npy
Kento_MOMOTA_CHOU_Tien_Chen_Fuzhou_Open_2019_Finals,data\clips_cropped_multi\Kento_MOMOTA_CHOU_Tien_Chen_Fuzhou_Open_2019_Finals\smash\set2_rally9_ball34.0.mp4,smash,OK,1.0,0.964,data\pose_features_multi\Kento_MOMOTA_CHOU_Tien_Chen_Fuzhou_Open_2019_Finals\smash\set2_rally9_ball34.0.npy
Kento_MOMOTA_CHOU_Tien_Chen_Fuzhou_Open_2019_Finals,data\clips_cropped_multi\Kento_MOMOTA_CHOU_Tien_Chen_Fuzhou_Open_2019_Finals\smash\set2_rally9_ball5.0.mp4,smash,OK,1.0,1.0,data\pose_features_multi\Kento_MOMOTA_CHOU_Tien_Chen_Fuzhou_Open_2019_Finals\smash\set2_rally9_ball5.0.npy
Kento_MOMOTA_CHOU_Tien_Chen_Fuzhou_Open_2019_Finals,data\clips_cropped_multi\Kento_MOMOTA_CHOU_Tien_Chen_Fuzhou_Open_2019_Finals\smash\set3_rally10_ball19.0.mp4,smash,OK,1.0,0.804,data\pose_features_multi\Kento_MOMOTA_CHOU_Tien_Chen_Fuzhou_Open_2019_Finals\smash\set3_rally10_ball19.0.npy
Kento_MOMOTA_CHOU_Tien_Chen_Fuzhou_Open_2019_Finals,data\clips_cropped_multi\Kento_MOMOTA_CHOU_Tien_Chen_Fuzhou_Open_2019_Finals\smash\set3_rally10_ball6.0.mp4,smash,OK,1.0,1.0,data\pose_features_multi\Kento_MOMOTA_CHOU_Tien_Chen_Fuzhou_Open_2019_Finals\smash\set3_rally10_ball6.0.npy
Kento_MOMOTA_CHOU_Tien_Chen_Fuzhou_Open_2019_Finals,data\clips_cropped_multi\Kento_MOMOTA_CHOU_Tien_Chen_Fuzhou_Open_2019_Finals\smash\set3_rally11_ball7.0.mp4,smash,OK,1.0,1.0,data\pose_features_multi\Kento_MOMOTA_CHOU_Tien_Chen_Fuzhou_Open_2019_Finals\smash\set3_rally11_ball7.0.npy
Kento_MOMOTA_CHOU_Tien_Chen_Fuzhou_Open_2019_Finals,data\clips_cropped_multi\Kento_MOMOTA_CHOU_Tien_Chen_Fuzhou_Open_2019_Finals\smash\set3_rally13_ball3.0.mp4,smash,OK,1.0,1.0,data\pose_features_multi\Kento_MOMOTA_CHOU_Tien_Chen_Fuzhou_Open_2019_Finals\smash\set3_rally13_ball3.0.npy
Kento_MOMOTA_CHOU_Tien_Chen_Fuzhou_Open_2019_Finals,data\clips_cropped_multi\Kento_MOMOTA_CHOU_Tien_Chen_Fuzhou_Open_2019_Finals\smash\set3_rally14_ball13.0.mp4,smash,OK,1.0,0.911,data\pose_features_multi\Kento_MOMOTA_CHOU_Tien_Chen_Fuzhou_Open_2019_Finals\smash\set3_rally14_ball13.0.npy
Kento_MOMOTA_CHOU_Tien_Chen_Fuzhou_Open_2019_Finals,data\clips_cropped_multi\Kento_MOMOTA_CHOU_Tien_Chen_Fuzhou_Open_2019_Finals\smash\set3_rally14_ball3.0.mp4,smash,OK,1.0,0.786,data\pose_features_multi\Kento_MOMOTA_CHOU_Tien_Chen_Fuzhou_Open_2019_Finals\smash\set3_rally14_ball3.0.npy
Kento_MOMOTA_CHOU_Tien_Chen_Fuzhou_Open_2019_Finals,data\clips_cropped_multi\Kento_MOMOTA_CHOU_Tien_Chen_Fuzhou_Open_2019_Finals\smash\set3_rally15_ball2.0.mp4,smash,POSE_INSUFFICIENT,0.571,0.571,data\pose_features_multi\Kento_MOMOTA_CHOU_Tien_Chen_Fuzhou_Open_2019_Finals\smash\set3_rally15_ball2.0.npy
Kento_MOMOTA_CHOU_Tien_Chen_Fuzhou_Open_2019_Finals,data\clips_cropped_multi\Kento_MOMOTA_CHOU_Tien_Chen_Fuzhou_Open_2019_Finals\smash\set3_rally16_ball8.0.mp4,smash,OK,1.0,0.929,data\pose_features_multi\Kento_MOMOTA_CHOU_Tien_Chen_Fuzhou_Open_2019_Finals\smash\set3_rally16_ball8.0.npy
Kento_MOMOTA_CHOU_Tien_Chen_Fuzhou_Open_2019_Finals,data\clips_cropped_multi\Kento_MOMOTA_CHOU_Tien_Chen_Fuzhou_Open_2019_Finals\smash\set3_rally17_ball2.0.mp4,smash,OK,0.911,0.536,data\pose_features_multi\Kento_MOMOTA_CHOU_Tien_Chen_Fuzhou_Open_2019_Finals\smash\set3_rally17_ball2.0.npy
Kento_MOMOTA_CHOU_Tien_Chen_Fuzhou_Open_2019_Finals,data\clips_cropped_multi\Kento_MOMOTA_CHOU_Tien_Chen_Fuzhou_Open_2019_Finals\smash\set3_rally19_ball16.0.mp4,smash,OK,1.0,1.0,data\pose_features_multi\Kento_MOMOTA_CHOU_Tien_Chen_Fuzhou_Open_2019_Finals\smash\set3_rally19_ball16.0.npy
Kento_MOMOTA_CHOU_Tien_Chen_Fuzhou_Open_2019_Finals,data\clips_cropped_multi\Kento_MOMOTA_CHOU_Tien_Chen_Fuzhou_Open_2019_Finals\smash\set3_rally20_ball10.0.mp4,smash,OK,1.0,0.661,data\pose_features_multi\Kento_MOMOTA_CHOU_Tien_Chen_Fuzhou_Open_2019_Finals\smash\set3_rally20_ball10.0.npy
Kento_MOMOTA_CHOU_Tien_Chen_Fuzhou_Open_2019_Finals,data\clips_cropped_multi\Kento_MOMOTA_CHOU_Tien_Chen_Fuzhou_Open_2019_Finals\smash\set3_rally21_ball15.0.mp4,smash,OK,1.0,1.0,data\pose_features_multi\Kento_MOMOTA_CHOU_Tien_Chen_Fuzhou_Open_2019_Finals\smash\set3_rally21_ball15.0.npy
Kento_MOMOTA_CHOU_Tien_Chen_Fuzhou_Open_2019_Finals,data\clips_cropped_multi\Kento_MOMOTA_CHOU_Tien_Chen_Fuzhou_Open_2019_Finals\smash\set3_rally21_ball8.0.mp4,smash,OK,1.0,0.75,data\pose_features_multi\Kento_MOMOTA_CHOU_Tien_Chen_Fuzhou_Open_2019_Finals\smash\set3_rally21_ball8.0.npy
Kento_MOMOTA_CHOU_Tien_Chen_Fuzhou_Open_2019_Finals,data\clips_cropped_multi\Kento_MOMOTA_CHOU_Tien_Chen_Fuzhou_Open_2019_Finals\smash\set3_rally23_ball20.0.mp4,smash,OK,1.0,0.75,data\pose_features_multi\Kento_MOMOTA_CHOU_Tien_Chen_Fuzhou_Open_2019_Finals\smash\set3_rally23_ball20.0.npy
Kento_MOMOTA_CHOU_Tien_Chen_Fuzhou_Open_2019_Finals,data\clips_cropped_multi\Kento_MOMOTA_CHOU_Tien_Chen_Fuzhou_Open_2019_Finals\smash\set3_rally25_ball5.0.mp4,smash,OK,1.0,0.518,data\pose_features_multi\Kento_MOMOTA_CHOU_Tien_Chen_Fuzhou_Open_2019_Finals\smash\set3_rally25_ball5.0.npy
Kento_MOMOTA_CHOU_Tien_Chen_Fuzhou_Open_2019_Finals,data\clips_cropped_multi\Kento_MOMOTA_CHOU_Tien_Chen_Fuzhou_Open_2019_Finals\smash\set3_rally26_ball15.0.mp4,smash,OK,0.732,0.732,data\pose_features_multi\Kento_MOMOTA_CHOU_Tien_Chen_Fuzhou_Open_2019_Finals\smash\set3_rally26_ball15.0.npy
Kento_MOMOTA_CHOU_Tien_Chen_Fuzhou_Open_2019_Finals,data\clips_cropped_multi\Kento_MOMOTA_CHOU_Tien_Chen_Fuzhou_Open_2019_Finals\smash\set3_rally26_ball26.0.mp4,smash,OK,1.0,0.75,data\pose_features_multi\Kento_MOMOTA_CHOU_Tien_Chen_Fuzhou_Open_2019_Finals\smash\set3_rally26_ball26.0.npy
Kento_MOMOTA_CHOU_Tien_Chen_Fuzhou_Open_2019_Finals,data\clips_cropped_multi\Kento_MOMOTA_CHOU_Tien_Chen_Fuzhou_Open_2019_Finals\smash\set3_rally26_ball31.0.mp4,smash,OK,1.0,1.0,data\pose_features_multi\Kento_MOMOTA_CHOU_Tien_Chen_Fuzhou_Open_2019_Finals\smash\set3_rally26_ball31.0.npy
Kento_MOMOTA_CHOU_Tien_Chen_Fuzhou_Open_2019_Finals,data\clips_cropped_multi\Kento_MOMOTA_CHOU_Tien_Chen_Fuzhou_Open_2019_Finals\smash\set3_rally26_ball33.0.mp4,smash,OK,1.0,1.0,data\pose_features_multi\Kento_MOMOTA_CHOU_Tien_Chen_Fuzhou_Open_2019_Finals\smash\set3_rally26_ball33.0.npy
Kento_MOMOTA_CHOU_Tien_Chen_Fuzhou_Open_2019_Finals,data\clips_cropped_multi\Kento_MOMOTA_CHOU_Tien_Chen_Fuzhou_Open_2019_Finals\smash\set3_rally26_ball4.0.mp4,smash,OK,1.0,0.911,data\pose_features_multi\Kento_MOMOTA_CHOU_Tien_Chen_Fuzhou_Open_2019_Finals\smash\set3_rally26_ball4.0.npy
Kento_MOMOTA_CHOU_Tien_Chen_Fuzhou_Open_2019_Finals,data\clips_cropped_multi\Kento_MOMOTA_CHOU_Tien_Chen_Fuzhou_Open_2019_Finals\smash\set3_rally26_ball9.0.mp4,smash,POSE_INSUFFICIENT,0.625,0.661,data\pose_features_multi\Kento_MOMOTA_CHOU_Tien_Chen_Fuzhou_Open_2019_Finals\smash\set3_rally26_ball9.0.npy
Kento_MOMOTA_CHOU_Tien_Chen_Fuzhou_Open_2019_Finals,data\clips_cropped_multi\Kento_MOMOTA_CHOU_Tien_Chen_Fuzhou_Open_2019_Finals\smash\set3_rally28_ball2.0.mp4,smash,OK,0.821,0.821,data\pose_features_multi\Kento_MOMOTA_CHOU_Tien_Chen_Fuzhou_Open_2019_Finals\smash\set3_rally28_ball2.0.npy
Kento_MOMOTA_CHOU_Tien_Chen_Fuzhou_Open_2019_Finals,data\clips_cropped_multi\Kento_MOMOTA_CHOU_Tien_Chen_Fuzhou_Open_2019_Finals\smash\set3_rally29_ball9.0.mp4,smash,OK,1.0,0.804,data\pose_features_multi\Kento_MOMOTA_CHOU_Tien_Chen_Fuzhou_Open_2019_Finals\smash\set3_rally29_ball9.0.npy
Kento_MOMOTA_CHOU_Tien_Chen_Fuzhou_Open_2019_Finals,data\clips_cropped_multi\Kento_MOMOTA_CHOU_Tien_Chen_Fuzhou_Open_2019_Finals\smash\set3_rally2_ball14.0.mp4,smash,OK,1.0,1.0,data\pose_features_multi\Kento_MOMOTA_CHOU_Tien_Chen_Fuzhou_Open_2019_Finals\smash\set3_rally2_ball14.0.npy
Kento_MOMOTA_CHOU_Tien_Chen_Fuzhou_Open_2019_Finals,data\clips_cropped_multi\Kento_MOMOTA_CHOU_Tien_Chen_Fuzhou_Open_2019_Finals\smash\set3_rally30_ball19.0.mp4,smash,OK,1.0,0.893,data\pose_features_multi\Kento_MOMOTA_CHOU_Tien_Chen_Fuzhou_Open_2019_Finals\smash\set3_rally30_ball19.0.npy
Kento_MOMOTA_CHOU_Tien_Chen_Fuzhou_Open_2019_Finals,data\clips_cropped_multi\Kento_MOMOTA_CHOU_Tien_Chen_Fuzhou_Open_2019_Finals\smash\set3_rally31_ball21.0.mp4,smash,OK,1.0,0.732,data\pose_features_multi\Kento_MOMOTA_CHOU_Tien_Chen_Fuzhou_Open_2019_Finals\smash\set3_rally31_ball21.0.npy
Kento_MOMOTA_CHOU_Tien_Chen_Fuzhou_Open_2019_Finals,data\clips_cropped_multi\Kento_MOMOTA_CHOU_Tien_Chen_Fuzhou_Open_2019_Finals\smash\set3_rally31_ball31.0.mp4,smash,OK,1.0,0.786,data\pose_features_multi\Kento_MOMOTA_CHOU_Tien_Chen_Fuzhou_Open_2019_Finals\smash\set3_rally31_ball31.0.npy
Kento_MOMOTA_CHOU_Tien_Chen_Fuzhou_Open_2019_Finals,data\clips_cropped_multi\Kento_MOMOTA_CHOU_Tien_Chen_Fuzhou_Open_2019_Finals\smash\set3_rally32_ball5.0.mp4,smash,POSE_INSUFFICIENT,0.214,0.518,data\pose_features_multi\Kento_MOMOTA_CHOU_Tien_Chen_Fuzhou_Open_2019_Finals\smash\set3_rally32_ball5.0.npy
Kento_MOMOTA_CHOU_Tien_Chen_Fuzhou_Open_2019_Finals,data\clips_cropped_multi\Kento_MOMOTA_CHOU_Tien_Chen_Fuzhou_Open_2019_Finals\smash\set3_rally35_ball18.0.mp4,smash,OK,1.0,1.0,data\pose_features_multi\Kento_MOMOTA_CHOU_Tien_Chen_Fuzhou_Open_2019_Finals\smash\set3_rally35_ball18.0.npy
Kento_MOMOTA_CHOU_Tien_Chen_Fuzhou_Open_2019_Finals,data\clips_cropped_multi\Kento_MOMOTA_CHOU_Tien_Chen_Fuzhou_Open_2019_Finals\smash\set3_rally35_ball5.0.mp4,smash,OK,1.0,0.911,data\pose_features_multi\Kento_MOMOTA_CHOU_Tien_Chen_Fuzhou_Open_2019_Finals\smash\set3_rally35_ball5.0.npy
Kento_MOMOTA_CHOU_Tien_Chen_Fuzhou_Open_2019_Finals,data\clips_cropped_multi\Kento_MOMOTA_CHOU_Tien_Chen_Fuzhou_Open_2019_Finals\smash\set3_rally37_ball5.0.mp4,smash,OK,1.0,1.0,data\pose_features_multi\Kento_MOMOTA_CHOU_Tien_Chen_Fuzhou_Open_2019_Finals\smash\set3_rally37_ball5.0.npy
Kento_MOMOTA_CHOU_Tien_Chen_Fuzhou_Open_2019_Finals,data\clips_cropped_multi\Kento_MOMOTA_CHOU_Tien_Chen_Fuzhou_Open_2019_Finals\smash\set3_rally38_ball8.0.mp4,smash,OK,1.0,0.732,data\pose_features_multi\Kento_MOMOTA_CHOU_Tien_Chen_Fuzhou_Open_2019_Finals\smash\set3_rally38_ball8.0.npy
Kento_MOMOTA_CHOU_Tien_Chen_Fuzhou_Open_2019_Finals,data\clips_cropped_multi\Kento_MOMOTA_CHOU_Tien_Chen_Fuzhou_Open_2019_Finals\smash\set3_rally3_ball14.0.mp4,smash,OK,1.0,1.0,data\pose_features_multi\Kento_MOMOTA_CHOU_Tien_Chen_Fuzhou_Open_2019_Finals\smash\set3_rally3_ball14.0.npy
Kento_MOMOTA_CHOU_Tien_Chen_Fuzhou_Open_2019_Finals,data\clips_cropped_multi\Kento_MOMOTA_CHOU_Tien_Chen_Fuzhou_Open_2019_Finals\smash\set3_rally4_ball13.0.mp4,smash,OK,1.0,0.911,data\pose_features_multi\Kento_MOMOTA_CHOU_Tien_Chen_Fuzhou_Open_2019_Finals\smash\set3_rally4_ball13.0.npy
Kento_MOMOTA_CHOU_Tien_Chen_Fuzhou_Open_2019_Finals,data\clips_cropped_multi\Kento_MOMOTA_CHOU_Tien_Chen_Fuzhou_Open_2019_Finals\smash\set3_rally4_ball3.0.mp4,smash,OK,1.0,0.607,data\pose_features_multi\Kento_MOMOTA_CHOU_Tien_Chen_Fuzhou_Open_2019_Finals\smash\set3_rally4_ball3.0.npy
Kento_MOMOTA_CHOU_Tien_Chen_Fuzhou_Open_2019_Finals,data\clips_cropped_multi\Kento_MOMOTA_CHOU_Tien_Chen_Fuzhou_Open_2019_Finals\smash\set3_rally4_ball8.0.mp4,smash,OK,1.0,1.0,data\pose_features_multi\Kento_MOMOTA_CHOU_Tien_Chen_Fuzhou_Open_2019_Finals\smash\set3_rally4_ball8.0.npy
Kento_MOMOTA_CHOU_Tien_Chen_Fuzhou_Open_2019_Finals,data\clips_cropped_multi\Kento_MOMOTA_CHOU_Tien_Chen_Fuzhou_Open_2019_Finals\smash\set3_rally5_ball9.0.mp4,smash,OK,1.0,0.893,data\pose_features_multi\Kento_MOMOTA_CHOU_Tien_Chen_Fuzhou_Open_2019_Finals\smash\set3_rally5_ball9.0.npy
Kento_MOMOTA_CHOU_Tien_Chen_Fuzhou_Open_2019_Finals,data\clips_cropped_multi\Kento_MOMOTA_CHOU_Tien_Chen_Fuzhou_Open_2019_Finals\smash\set3_rally6_ball12.0.mp4,smash,POSE_INSUFFICIENT,0.232,0.429,data\pose_features_multi\Kento_MOMOTA_CHOU_Tien_Chen_Fuzhou_Open_2019_Finals\smash\set3_rally6_ball12.0.npy
Kento_MOMOTA_CHOU_Tien_Chen_Fuzhou_Open_2019_Finals,data\clips_cropped_multi\Kento_MOMOTA_CHOU_Tien_Chen_Fuzhou_Open_2019_Finals\smash\set3_rally6_ball22.0.mp4,smash,OK,1.0,1.0,data\pose_features_multi\Kento_MOMOTA_CHOU_Tien_Chen_Fuzhou_Open_2019_Finals\smash\set3_rally6_ball22.0.npy
Kento_MOMOTA_CHOU_Tien_Chen_Fuzhou_Open_2019_Finals,data\clips_cropped_multi\Kento_MOMOTA_CHOU_Tien_Chen_Fuzhou_Open_2019_Finals\smash\set3_rally6_ball3.0.mp4,smash,OK,1.0,0.482,data\pose_features_multi\Kento_MOMOTA_CHOU_Tien_Chen_Fuzhou_Open_2019_Finals\smash\set3_rally6_ball3.0.npy
Kento_MOMOTA_CHOU_Tien_Chen_Fuzhou_Open_2019_Finals,data\clips_cropped_multi\Kento_MOMOTA_CHOU_Tien_Chen_Fuzhou_Open_2019_Finals\smash\set3_rally7_ball13.0.mp4,smash,OK,1.0,1.0,data\pose_features_multi\Kento_MOMOTA_CHOU_Tien_Chen_Fuzhou_Open_2019_Finals\smash\set3_rally7_ball13.0.npy
Kento_MOMOTA_CHOU_Tien_Chen_Fuzhou_Open_2019_Finals,data\clips_cropped_multi\Kento_MOMOTA_CHOU_Tien_Chen_Fuzhou_Open_2019_Finals\smash\set3_rally8_ball2.0.mp4,smash,OK,0.804,0.411,data\pose_features_multi\Kento_MOMOTA_CHOU_Tien_Chen_Fuzhou_Open_2019_Finals\smash\set3_rally8_ball2.0.npy
Kento_MOMOTA_CHOU_Tien_Chen_Fuzhou_Open_2019_Finals,data\clips_cropped_multi\Kento_MOMOTA_CHOU_Tien_Chen_Fuzhou_Open_2019_Finals\smash\set3_rally9_ball13.0.mp4,smash,OK,1.0,1.0,data\pose_features_multi\Kento_MOMOTA_CHOU_Tien_Chen_Fuzhou_Open_2019_Finals\smash\set3_rally9_ball13.0.npy
Kento_MOMOTA_CHOU_Tien_Chen_Fuzhou_Open_2019_Finals,data\clips_cropped_multi\Kento_MOMOTA_CHOU_Tien_Chen_Fuzhou_Open_2019_Finals\smash\set3_rally9_ball8.0.mp4,smash,OK,1.0,0.964,data\pose_features_multi\Kento_MOMOTA_CHOU_Tien_Chen_Fuzhou_Open_2019_Finals\smash\set3_rally9_ball8.0.npy
Kento_MOMOTA_CHOU_Tien_Chen_KOREA_OPEN_2019_Final,data/clips_cropped_multi\Kento_MOMOTA_CHOU_Tien_Chen_KOREA_OPEN_2019_Final\clear\set1_rally10_ball9.0.mp4,clear,OK,1.0,0.982,data/pose_features_multi\Kento_MOMOTA_CHOU_Tien_Chen_KOREA_OPEN_2019_Final\clear\set1_rally10_ball9.0.npy
Kento_MOMOTA_CHOU_Tien_Chen_KOREA_OPEN_2019_Final,data/clips_cropped_multi\Kento_MOMOTA_CHOU_Tien_Chen_KOREA_OPEN_2019_Final\clear\set1_rally11_ball6.0.mp4,clear,OK,1.0,1.0,data/pose_features_multi\Kento_MOMOTA_CHOU_Tien_Chen_KOREA_OPEN_2019_Final\clear\set1_rally11_ball6.0.npy
Kento_MOMOTA_CHOU_Tien_Chen_KOREA_OPEN_2019_Final,data/clips_cropped_multi\Kento_MOMOTA_CHOU_Tien_Chen_KOREA_OPEN_2019_Final\clear\set1_rally12_ball3.0.mp4,clear,OK,1.0,1.0,data/pose_features_multi\Kento_MOMOTA_CHOU_Tien_Chen_KOREA_OPEN_2019_Final\clear\set1_rally12_ball3.0.npy
Kento_MOMOTA_CHOU_Tien_Chen_KOREA_OPEN_2019_Final,data/clips_cropped_multi\Kento_MOMOTA_CHOU_Tien_Chen_KOREA_OPEN_2019_Final\clear\set1_rally13_ball10.0.mp4,clear,OK,1.0,1.0,data/pose_features_multi\Kento_MOMOTA_CHOU_Tien_Chen_KOREA_OPEN_2019_Final\clear\set1_rally13_ball10.0.npy
Kento_MOMOTA_CHOU_Tien_Chen_KOREA_OPEN_2019_Final,data/clips_cropped_multi\Kento_MOMOTA_CHOU_Tien_Chen_KOREA_OPEN_2019_Final\clear\set1_rally13_ball11.0.mp4,clear,OK,1.0,1.0,data/pose_features_multi\Kento_MOMOTA_CHOU_Tien_Chen_KOREA_OPEN_2019_Final\clear\set1_rally13_ball11.0.npy
Kento_MOMOTA_CHOU_Tien_Chen_KOREA_OPEN_2019_Final,data/clips_cropped_multi\Kento_MOMOTA_CHOU_Tien_Chen_KOREA_OPEN_2019_Final\clear\set1_rally14_ball18.0.mp4,clear,OK,1.0,1.0,data/pose_features_multi\Kento_MOMOTA_CHOU_Tien_Chen_KOREA_OPEN_2019_Final\clear\set1_rally14_ball18.0.npy
Kento_MOMOTA_CHOU_Tien_Chen_KOREA_OPEN_2019_Final,data/clips_cropped_multi\Kento_MOMOTA_CHOU_Tien_Chen_KOREA_OPEN_2019_Final\clear\set1_rally14_ball19.0.mp4,clear,OK,0.857,0.857,data/pose_features_multi\Kento_MOMOTA_CHOU_Tien_Chen_KOREA_OPEN_2019_Final\clear\set1_rally14_ball19.0.npy
Kento_MOMOTA_CHOU_Tien_Chen_KOREA_OPEN_2019_Final,data/clips_cropped_multi\Kento_MOMOTA_CHOU_Tien_Chen_KOREA_OPEN_2019_Final\clear\set1_rally14_ball7.0.mp4,clear,OK,1.0,1.0,data/pose_features_multi\Kento_MOMOTA_CHOU_Tien_Chen_KOREA_OPEN_2019_Final\clear\set1_rally14_ball7.0.npy
Kento_MOMOTA_CHOU_Tien_Chen_KOREA_OPEN_2019_Final,data/clips_cropped_multi\Kento_MOMOTA_CHOU_Tien_Chen_KOREA_OPEN_2019_Final\clear\set1_rally14_ball8.0.mp4,clear,OK,1.0,0.786,data/pose_features_multi\Kento_MOMOTA_CHOU_Tien_Chen_KOREA_OPEN_2019_Final\clear\set1_rally14_ball8.0.npy
Kento_MOMOTA_CHOU_Tien_Chen_KOREA_OPEN_2019_Final,data/clips_cropped_multi\Kento_MOMOTA_CHOU_Tien_Chen_KOREA_OPEN_2019_Final\clear\set1_rally15_ball11.0.mp4,clear,OK,1.0,0.839,data/pose_features_multi\Kento_MOMOTA_CHOU_Tien_Chen_KOREA_OPEN_2019_Final\clear\set1_rally15_ball11.0.npy
Kento_MOMOTA_CHOU_Tien_Chen_KOREA_OPEN_2019_Final,data/clips_cropped_multi\Kento_MOMOTA_CHOU_Tien_Chen_KOREA_OPEN_2019_Final\clear\set1_rally15_ball4.0.mp4,clear,OK,1.0,1.0,data/pose_features_multi\Kento_MOMOTA_CHOU_Tien_Chen_KOREA_OPEN_2019_Final\clear\set1_rally15_ball4.0.npy
Kento_MOMOTA_CHOU_Tien_Chen_KOREA_OPEN_2019_Final,data/clips_cropped_multi\Kento_MOMOTA_CHOU_Tien_Chen_KOREA_OPEN_2019_Final\clear\set1_rally17_ball4.0.mp4,clear,OK,1.0,1.0,data/pose_features_multi\Kento_MOMOTA_CHOU_Tien_Chen_KOREA_OPEN_2019_Final\clear\set1_rally17_ball4.0.npy
Kento_MOMOTA_CHOU_Tien_Chen_KOREA_OPEN_2019_Final,data/clips_cropped_multi\Kento_MOMOTA_CHOU_Tien_Chen_KOREA_OPEN_2019_Final\clear\set1_rally18_ball2.0.mp4,clear,OK,1.0,0.446,data/pose_features_multi\Kento_MOMOTA_CHOU_Tien_Chen_KOREA_OPEN_2019_Final\clear\set1_rally18_ball2.0.npy
Kento_MOMOTA_CHOU_Tien_Chen_KOREA_OPEN_2019_Final,data/clips_cropped_multi\Kento_MOMOTA_CHOU_Tien_Chen_KOREA_OPEN_2019_Final\clear\set1_rally19_ball12.0.mp4,clear,OK,1.0,1.0,data/pose_features_multi\Kento_MOMOTA_CHOU_Tien_Chen_KOREA_OPEN_2019_Final\clear\set1_rally19_ball12.0.npy
Kento_MOMOTA_CHOU_Tien_Chen_KOREA_OPEN_2019_Final,data/clips_cropped_multi\Kento_MOMOTA_CHOU_Tien_Chen_KOREA_OPEN_2019_Final\clear\set1_rally19_ball13.0.mp4,clear,OK,1.0,0.768,data/pose_features_multi\Kento_MOMOTA_CHOU_Tien_Chen_KOREA_OPEN_2019_Final\clear\set1_rally19_ball13.0.npy
Kento_MOMOTA_CHOU_Tien_Chen_KOREA_OPEN_2019_Final,data/clips_cropped_multi\Kento_MOMOTA_CHOU_Tien_Chen_KOREA_OPEN_2019_Final\clear\set1_rally1_ball3.0.mp4,clear,OK,1.0,1.0,data/pose_features_multi\Kento_MOMOTA_CHOU_Tien_Chen_KOREA_OPEN_2019_Final\clear\set1_rally1_ball3.0.npy
Kento_MOMOTA_CHOU_Tien_Chen_KOREA_OPEN_2019_Final,data/clips_cropped_multi\Kento_MOMOTA_CHOU_Tien_Chen_KOREA_OPEN_2019_Final\clear\set1_rally21_ball18.0.mp4,clear,OK,1.0,1.0,data/pose_features_multi\Kento_MOMOTA_CHOU_Tien_Chen_KOREA_OPEN_2019_Final\clear\set1_rally21_ball18.0.npy
Kento_MOMOTA_CHOU_Tien_Chen_KOREA_OPEN_2019_Final,data/clips_cropped_multi\Kento_MOMOTA_CHOU_Tien_Chen_KOREA_OPEN_2019_Final\clear\set1_rally22_ball20.0.mp4,clear,OK,1.0,1.0,data/pose_features_multi\Kento_MOMOTA_CHOU_Tien_Chen_KOREA_OPEN_2019_Final\clear\set1_rally22_ball20.0.npy
Kento_MOMOTA_CHOU_Tien_Chen_KOREA_OPEN_2019_Final,data/clips_cropped_multi\Kento_MOMOTA_CHOU_Tien_Chen_KOREA_OPEN_2019_Final\clear\set1_rally25_ball3.0.mp4,clear,OK,1.0,1.0,data/pose_features_multi\Kento_MOMOTA_CHOU_Tien_Chen_KOREA_OPEN_2019_Final\clear\set1_rally25_ball3.0.npy
Kento_MOMOTA_CHOU_Tien_Chen_KOREA_OPEN_2019_Final,data/clips_cropped_multi\Kento_MOMOTA_CHOU_Tien_Chen_KOREA_OPEN_2019_Final\clear\set1_rally27_ball10.0.mp4,clear,OK,1.0,1.0,data/pose_features_multi\Kento_MOMOTA_CHOU_Tien_Chen_KOREA_OPEN_2019_Final\clear\set1_rally27_ball10.0.npy
Kento_MOMOTA_CHOU_Tien_Chen_KOREA_OPEN_2019_Final,data/clips_cropped_multi\Kento_MOMOTA_CHOU_Tien_Chen_KOREA_OPEN_2019_Final\clear\set1_rally27_ball3.0.mp4,clear,OK,1.0,1.0,data/pose_features_multi\Kento_MOMOTA_CHOU_Tien_Chen_KOREA_OPEN_2019_Final\clear\set1_rally27_ball3.0.npy
Kento_MOMOTA_CHOU_Tien_Chen_KOREA_OPEN_2019_Final,data/clips_cropped_multi\Kento_MOMOTA_CHOU_Tien_Chen_KOREA_OPEN_2019_Final\clear\set1_rally28_ball13.0.mp4,clear,OK,1.0,0.714,data/pose_features_multi\Kento_MOMOTA_CHOU_Tien_Chen_KOREA_OPEN_2019_Final\clear\set1_rally28_ball13.0.npy
Kento_MOMOTA_CHOU_Tien_Chen_KOREA_OPEN_2019_Final,data/clips_cropped_multi\Kento_MOMOTA_CHOU_Tien_Chen_KOREA_OPEN_2019_Final\clear\set1_rally29_ball6.0.mp4,clear,OK,1.0,1.0,data/pose_features_multi\Kento_MOMOTA_CHOU_Tien_Chen_KOREA_OPEN_2019_Final\clear\set1_rally29_ball6.0.npy
Kento_MOMOTA_CHOU_Tien_Chen_KOREA_OPEN_2019_Final,data/clips_cropped_multi\Kento_MOMOTA_CHOU_Tien_Chen_KOREA_OPEN_2019_Final\clear\set1_rally29_ball7.0.mp4,clear,OK,1.0,0.786,data/pose_features_multi\Kento_MOMOTA_CHOU_Tien_Chen_KOREA_OPEN_2019_Final\clear\set1_rally29_ball7.0.npy
Kento_MOMOTA_CHOU_Tien_Chen_KOREA_OPEN_2019_Final,data/clips_cropped_multi\Kento_MOMOTA_CHOU_Tien_Chen_KOREA_OPEN_2019_Final\clear\set1_rally2_ball11.0.mp4,clear,OK,1.0,1.0,data/pose_features_multi\Kento_MOMOTA_CHOU_Tien_Chen_KOREA_OPEN_2019_Final\clear\set1_rally2_ball11.0.npy
Kento_MOMOTA_CHOU_Tien_Chen_KOREA_OPEN_2019_Final,data/clips_cropped_multi\Kento_MOMOTA_CHOU_Tien_Chen_KOREA_OPEN_2019_Final\clear\set1_rally2_ball3.0.mp4,clear,OK,1.0,0.911,data/pose_features_multi\Kento_MOMOTA_CHOU_Tien_Chen_KOREA_OPEN_2019_Final\clear\set1_rally2_ball3.0.npy
Kento_MOMOTA_CHOU_Tien_Chen_KOREA_OPEN_2019_Final,data/clips_cropped_multi\Kento_MOMOTA_CHOU_Tien_Chen_KOREA_OPEN_2019_Final\clear\set1_rally30_ball14.0.mp4,clear,OK,1.0,1.0,data/pose_features_multi\Kento_MOMOTA_CHOU_Tien_Chen_KOREA_OPEN_2019_Final\clear\set1_rally30_ball14.0.npy
Kento_MOMOTA_CHOU_Tien_Chen_KOREA_OPEN_2019_Final,data/clips_cropped_multi\Kento_MOMOTA_CHOU_Tien_Chen_KOREA_OPEN_2019_Final\clear\set1_rally33_ball10.0.mp4,clear,OK,1.0,1.0,data/pose_features_multi\Kento_MOMOTA_CHOU_Tien_Chen_KOREA_OPEN_2019_Final\clear\set1_rally33_ball10.0.npy
Kento_MOMOTA_CHOU_Tien_Chen_KOREA_OPEN_2019_Final,data/clips_cropped_multi\Kento_MOMOTA_CHOU_Tien_Chen_KOREA_OPEN_2019_Final\clear\set1_rally37_ball4.0.mp4,clear,OK,1.0,1.0,data/pose_features_multi\Kento_MOMOTA_CHOU_Tien_Chen_KOREA_OPEN_2019_Final\clear\set1_rally37_ball4.0.npy
Kento_MOMOTA_CHOU_Tien_Chen_KOREA_OPEN_2019_Final,data/clips_cropped_multi\Kento_MOMOTA_CHOU_Tien_Chen_KOREA_OPEN_2019_Final\clear\set1_rally3_ball12.0.mp4,clear,OK,1.0,0.786,data/pose_features_multi\Kento_MOMOTA_CHOU_Tien_Chen_KOREA_OPEN_2019_Final\clear\set1_rally3_ball12.0.npy
Kento_MOMOTA_CHOU_Tien_Chen_KOREA_OPEN_2019_Final,data/clips_cropped_multi\Kento_MOMOTA_CHOU_Tien_Chen_KOREA_OPEN_2019_Final\clear\set1_rally3_ball6.0.mp4,clear,POSE_INSUFFICIENT,0.696,0.696,data/pose_features_multi\Kento_MOMOTA_CHOU_Tien_Chen_KOREA_OPEN_2019_Final\clear\set1_rally3_ball6.0.npy
Kento_MOMOTA_CHOU_Tien_Chen_KOREA_OPEN_2019_Final,data/clips_cropped_multi\Kento_MOMOTA_CHOU_Tien_Chen_KOREA_OPEN_2019_Final\clear\set1_rally40_ball10.0.mp4,clear,OK,1.0,1.0,data/pose_features_multi\Kento_MOMOTA_CHOU_Tien_Chen_KOREA_OPEN_2019_Final\clear\set1_rally40_ball10.0.npy
Kento_MOMOTA_CHOU_Tien_Chen_KOREA_OPEN_2019_Final,data/clips_cropped_multi\Kento_MOMOTA_CHOU_Tien_Chen_KOREA_OPEN_2019_Final\clear\set1_rally40_ball21.0.mp4,clear,OK,1.0,1.0,data/pose_features_multi\Kento_MOMOTA_CHOU_Tien_Chen_KOREA_OPEN_2019_Final\clear\set1_rally40_ball21.0.npy
Kento_MOMOTA_CHOU_Tien_Chen_KOREA_OPEN_2019_Final,data/clips_cropped_multi\Kento_MOMOTA_CHOU_Tien_Chen_KOREA_OPEN_2019_Final\clear\set1_rally40_ball28.0.mp4,clear,OK,1.0,1.0,data/pose_features_multi\Kento_MOMOTA_CHOU_Tien_Chen_KOREA_OPEN_2019_Final\clear\set1_rally40_ball28.0.npy
Kento_MOMOTA_CHOU_Tien_Chen_KOREA_OPEN_2019_Final,data/clips_cropped_multi\Kento_MOMOTA_CHOU_Tien_Chen_KOREA_OPEN_2019_Final\clear\set1_rally4_ball3.0.mp4,clear,OK,1.0,0.714,data/pose_features_multi\Kento_MOMOTA_CHOU_Tien_Chen_KOREA_OPEN_2019_Final\clear\set1_rally4_ball3.0.npy
Kento_MOMOTA_CHOU_Tien_Chen_KOREA_OPEN_2019_Final,data/clips_cropped_multi\Kento_MOMOTA_CHOU_Tien_Chen_KOREA_OPEN_2019_Final\clear\set1_rally4_ball7.0.mp4,clear,OK,1.0,0.911,data/pose_features_multi\Kento_MOMOTA_CHOU_Tien_Chen_KOREA_OPEN_2019_Final\clear\set1_rally4_ball7.0.npy
Kento_MOMOTA_CHOU_Tien_Chen_KOREA_OPEN_2019_Final,data/clips_cropped_multi\Kento_MOMOTA_CHOU_Tien_Chen_KOREA_OPEN_2019_Final\clear\set1_rally6_ball21.0.mp4,clear,OK,1.0,1.0,data/pose_features_multi\Kento_MOMOTA_CHOU_Tien_Chen_KOREA_OPEN_2019_Final\clear\set1_rally6_ball21.0.npy
Kento_MOMOTA_CHOU_Tien_Chen_KOREA_OPEN_2019_Final,data/clips_cropped_multi\Kento_MOMOTA_CHOU_Tien_Chen_KOREA_OPEN_2019_Final\clear\set1_rally6_ball22.0.mp4,clear,OK,1.0,0.821,data/pose_features_multi\Kento_MOMOTA_CHOU_Tien_Chen_KOREA_OPEN_2019_Final\clear\set1_rally6_ball22.0.npy
Kento_MOMOTA_CHOU_Tien_Chen_KOREA_OPEN_2019_Final,data/clips_cropped_multi\Kento_MOMOTA_CHOU_Tien_Chen_KOREA_OPEN_2019_Final\clear\set1_rally6_ball23.0.mp4,clear,OK,1.0,1.0,data/pose_features_multi\Kento_MOMOTA_CHOU_Tien_Chen_KOREA_OPEN_2019_Final\clear\set1_rally6_ball23.0.npy
Kento_MOMOTA_CHOU_Tien_Chen_KOREA_OPEN_2019_Final,data/clips_cropped_multi\Kento_MOMOTA_CHOU_Tien_Chen_KOREA_OPEN_2019_Final\clear\set1_rally6_ball28.0.mp4,clear,OK,1.0,1.0,data/pose_features_multi\Kento_MOMOTA_CHOU_Tien_Chen_KOREA_OPEN_2019_Final\clear\set1_rally6_ball28.0.npy
Kento_MOMOTA_CHOU_Tien_Chen_KOREA_OPEN_2019_Final,data/clips_cropped_multi\Kento_MOMOTA_CHOU_Tien_Chen_KOREA_OPEN_2019_Final\clear\set1_rally7_ball2.0.mp4,clear,OK,1.0,0.839,data/pose_features_multi\Kento_MOMOTA_CHOU_Tien_Chen_KOREA_OPEN_2019_Final\clear\set1_rally7_ball2.0.npy
Kento_MOMOTA_CHOU_Tien_Chen_KOREA_OPEN_2019_Final,data/clips_cropped_multi\Kento_MOMOTA_CHOU_Tien_Chen_KOREA_OPEN_2019_Final\clear\set1_rally8_ball3.0.mp4,clear,OK,1.0,1.0,data/pose_features_multi\Kento_MOMOTA_CHOU_Tien_Chen_KOREA_OPEN_2019_Final\clear\set1_rally8_ball3.0.npy
Kento_MOMOTA_CHOU_Tien_Chen_KOREA_OPEN_2019_Final,data/clips_cropped_multi\Kento_MOMOTA_CHOU_Tien_Chen_KOREA_OPEN_2019_Final\clear\set2_rally10_ball2.mp4,clear,OK,1.0,0.964,data/pose_features_multi\Kento_MOMOTA_CHOU_Tien_Chen_KOREA_OPEN_2019_Final\clear\set2_rally10_ball2.npy
Kento_MOMOTA_CHOU_Tien_Chen_KOREA_OPEN_2019_Final,data/clips_cropped_multi\Kento_MOMOTA_CHOU_Tien_Chen_KOREA_OPEN_2019_Final\clear\set2_rally12_ball2.mp4,clear,OK,1.0,1.0,data/pose_features_multi\Kento_MOMOTA_CHOU_Tien_Chen_KOREA_OPEN_2019_Final\clear\set2_rally12_ball2.npy
Kento_MOMOTA_CHOU_Tien_Chen_KOREA_OPEN_2019_Final,data/clips_cropped_multi\Kento_MOMOTA_CHOU_Tien_Chen_KOREA_OPEN_2019_Final\clear\set2_rally14_ball18.mp4,clear,OK,1.0,1.0,data/pose_features_multi\Kento_MOMOTA_CHOU_Tien_Chen_KOREA_OPEN_2019_Final\clear\set2_rally14_ball18.npy
Kento_MOMOTA_CHOU_Tien_Chen_KOREA_OPEN_2019_Final,data/clips_cropped_multi\Kento_MOMOTA_CHOU_Tien_Chen_KOREA_OPEN_2019_Final\clear\set2_rally14_ball19.mp4,clear,OK,1.0,0.821,data/pose_features_multi\Kento_MOMOTA_CHOU_Tien_Chen_KOREA_OPEN_2019_Final\clear\set2_rally14_ball19.npy
Kento_MOMOTA_CHOU_Tien_Chen_KOREA_OPEN_2019_Final,data/clips_cropped_multi\Kento_MOMOTA_CHOU_Tien_Chen_KOREA_OPEN_2019_Final\clear\set2_rally14_ball4.mp4,clear,POSE_INSUFFICIENT,0.429,0.429,data/pose_features_multi\Kento_MOMOTA_CHOU_Tien_Chen_KOREA_OPEN_2019_Final\clear\set2_rally14_ball4.npy
Kento_MOMOTA_CHOU_Tien_Chen_KOREA_OPEN_2019_Final,data/clips_cropped_multi\Kento_MOMOTA_CHOU_Tien_Chen_KOREA_OPEN_2019_Final\clear\set2_rally16_ball9.mp4,clear,OK,1.0,0.75,data/pose_features_multi\Kento_MOMOTA_CHOU_Tien_Chen_KOREA_OPEN_2019_Final\clear\set2_rally16_ball9.npy
Kento_MOMOTA_CHOU_Tien_Chen_KOREA_OPEN_2019_Final,data/clips_cropped_multi\Kento_MOMOTA_CHOU_Tien_Chen_KOREA_OPEN_2019_Final\clear\set2_rally17_ball13.mp4,clear,OK,0.964,0.964,data/pose_features_multi\Kento_MOMOTA_CHOU_Tien_Chen_KOREA_OPEN_2019_Final\clear\set2_rally17_ball13.npy
Kento_MOMOTA_CHOU_Tien_Chen_KOREA_OPEN_2019_Final,data/clips_cropped_multi\Kento_MOMOTA_CHOU_Tien_Chen_KOREA_OPEN_2019_Final\clear\set2_rally17_ball17.mp4,clear,OK,1.0,1.0,data/pose_features_multi\Kento_MOMOTA_CHOU_Tien_Chen_KOREA_OPEN_2019_Final\clear\set2_rally17_ball17.npy
Kento_MOMOTA_CHOU_Tien_Chen_KOREA_OPEN_2019_Final,data/clips_cropped_multi\Kento_MOMOTA_CHOU_Tien_Chen_KOREA_OPEN_2019_Final\clear\set2_rally17_ball4.mp4,clear,OK,1.0,0.821,data/pose_features_multi\Kento_MOMOTA_CHOU_Tien_Chen_KOREA_OPEN_2019_Final\clear\set2_rally17_ball4.npy
Kento_MOMOTA_CHOU_Tien_Chen_KOREA_OPEN_2019_Final,data/clips_cropped_multi\Kento_MOMOTA_CHOU_Tien_Chen_KOREA_OPEN_2019_Final\clear\set2_rally19_ball10.mp4,clear,OK,1.0,0.839,data/pose_features_multi\Kento_MOMOTA_CHOU_Tien_Chen_KOREA_OPEN_2019_Final\clear\set2_rally19_ball10.npy
Kento_MOMOTA_CHOU_Tien_Chen_KOREA_OPEN_2019_Final,data/clips_cropped_multi\Kento_MOMOTA_CHOU_Tien_Chen_KOREA_OPEN_2019_Final\clear\set2_rally19_ball11.mp4,clear,OK,1.0,1.0,data/pose_features_multi\Kento_MOMOTA_CHOU_Tien_Chen_KOREA_OPEN_2019_Final\clear\set2_rally19_ball11.npy
Kento_MOMOTA_CHOU_Tien_Chen_KOREA_OPEN_2019_Final,data/clips_cropped_multi\Kento_MOMOTA_CHOU_Tien_Chen_KOREA_OPEN_2019_Final\clear\set2_rally19_ball15.mp4,clear,OK,1.0,1.0,data/pose_features_multi\Kento_MOMOTA_CHOU_Tien_Chen_KOREA_OPEN_2019_Final\clear\set2_rally19_ball15.npy
Kento_MOMOTA_CHOU_Tien_Chen_KOREA_OPEN_2019_Final,data/clips_cropped_multi\Kento_MOMOTA_CHOU_Tien_Chen_KOREA_OPEN_2019_Final\clear\set2_rally20_ball3.mp4,clear,OK,1.0,0.571,data/pose_features_multi\Kento_MOMOTA_CHOU_Tien_Chen_KOREA_OPEN_2019_Final\clear\set2_rally20_ball3.npy
Kento_MOMOTA_CHOU_Tien_Chen_KOREA_OPEN_2019_Final,data/clips_cropped_multi\Kento_MOMOTA_CHOU_Tien_Chen_KOREA_OPEN_2019_Final\clear\set2_rally22_ball16.mp4,clear,OK,1.0,0.839,data/pose_features_multi\Kento_MOMOTA_CHOU_Tien_Chen_KOREA_OPEN_2019_Final\clear\set2_rally22_ball16.npy
Kento_MOMOTA_CHOU_Tien_Chen_KOREA_OPEN_2019_Final,data/clips_cropped_multi\Kento_MOMOTA_CHOU_Tien_Chen_KOREA_OPEN_2019_Final\clear\set2_rally22_ball4.mp4,clear,OK,1.0,0.982,data/pose_features_multi\Kento_MOMOTA_CHOU_Tien_Chen_KOREA_OPEN_2019_Final\clear\set2_rally22_ball4.npy
Kento_MOMOTA_CHOU_Tien_Chen_KOREA_OPEN_2019_Final,data/clips_cropped_multi\Kento_MOMOTA_CHOU_Tien_Chen_KOREA_OPEN_2019_Final\clear\set2_rally27_ball3.mp4,clear,OK,1.0,1.0,data/pose_features_multi\Kento_MOMOTA_CHOU_Tien_Chen_KOREA_OPEN_2019_Final\clear\set2_rally27_ball3.npy
Kento_MOMOTA_CHOU_Tien_Chen_KOREA_OPEN_2019_Final,data/clips_cropped_multi\Kento_MOMOTA_CHOU_Tien_Chen_KOREA_OPEN_2019_Final\clear\set2_rally28_ball12.mp4,clear,OK,1.0,1.0,data/pose_features_multi\Kento_MOMOTA_CHOU_Tien_Chen_KOREA_OPEN_2019_Final\clear\set2_rally28_ball12.npy
Kento_MOMOTA_CHOU_Tien_Chen_KOREA_OPEN_2019_Final,data/clips_cropped_multi\Kento_MOMOTA_CHOU_Tien_Chen_KOREA_OPEN_2019_Final\clear\set2_rally32_ball3.mp4,clear,OK,1.0,1.0,data/pose_features_multi\Kento_MOMOTA_CHOU_Tien_Chen_KOREA_OPEN_2019_Final\clear\set2_rally32_ball3.npy
Kento_MOMOTA_CHOU_Tien_Chen_KOREA_OPEN_2019_Final,data/clips_cropped_multi\Kento_MOMOTA_CHOU_Tien_Chen_KOREA_OPEN_2019_Final\clear\set2_rally33_ball6.mp4,clear,OK,1.0,1.0,data/pose_features_multi\Kento_MOMOTA_CHOU_Tien_Chen_KOREA_OPEN_2019_Final\clear\set2_rally33_ball6.npy
Kento_MOMOTA_CHOU_Tien_Chen_KOREA_OPEN_2019_Final,data/clips_cropped_multi\Kento_MOMOTA_CHOU_Tien_Chen_KOREA_OPEN_2019_Final\clear\set2_rally37_ball3.mp4,clear,OK,1.0,0.75,data/pose_features_multi\Kento_MOMOTA_CHOU_Tien_Chen_KOREA_OPEN_2019_Final\clear\set2_rally37_ball3.npy
Kento_MOMOTA_CHOU_Tien_Chen_KOREA_OPEN_2019_Final,data/clips_cropped_multi\Kento_MOMOTA_CHOU_Tien_Chen_KOREA_OPEN_2019_Final\clear\set2_rally3_ball13.mp4,clear,OK,1.0,1.0,data/pose_features_multi\Kento_MOMOTA_CHOU_Tien_Chen_KOREA_OPEN_2019_Final\clear\set2_rally3_ball13.npy
Kento_MOMOTA_CHOU_Tien_Chen_KOREA_OPEN_2019_Final,data/clips_cropped_multi\Kento_MOMOTA_CHOU_Tien_Chen_KOREA_OPEN_2019_Final\clear\set2_rally3_ball20.mp4,clear,OK,1.0,0.804,data/pose_features_multi\Kento_MOMOTA_CHOU_Tien_Chen_KOREA_OPEN_2019_Final\clear\set2_rally3_ball20.npy
Kento_MOMOTA_CHOU_Tien_Chen_KOREA_OPEN_2019_Final,data/clips_cropped_multi\Kento_MOMOTA_CHOU_Tien_Chen_KOREA_OPEN_2019_Final\clear\set2_rally3_ball25.mp4,clear,OK,1.0,0.821,data/pose_features_multi\Kento_MOMOTA_CHOU_Tien_Chen_KOREA_OPEN_2019_Final\clear\set2_rally3_ball25.npy
Kento_MOMOTA_CHOU_Tien_Chen_KOREA_OPEN_2019_Final,data/clips_cropped_multi\Kento_MOMOTA_CHOU_Tien_Chen_KOREA_OPEN_2019_Final\clear\set2_rally5_ball2.mp4,clear,OK,1.0,1.0,data/pose_features_multi\Kento_MOMOTA_CHOU_Tien_Chen_KOREA_OPEN_2019_Final\clear\set2_rally5_ball2.npy
Kento_MOMOTA_CHOU_Tien_Chen_KOREA_OPEN_2019_Final,data/clips_cropped_multi\Kento_MOMOTA_CHOU_Tien_Chen_KOREA_OPEN_2019_Final\clear\set2_rally6_ball6.mp4,clear,OK,1.0,0.768,data/pose_features_multi\Kento_MOMOTA_CHOU_Tien_Chen_KOREA_OPEN_2019_Final\clear\set2_rally6_ball6.npy
Kento_MOMOTA_CHOU_Tien_Chen_KOREA_OPEN_2019_Final,data/clips_cropped_multi\Kento_MOMOTA_CHOU_Tien_Chen_KOREA_OPEN_2019_Final\clear\set2_rally6_ball7.mp4,clear,OK,1.0,1.0,data/pose_features_multi\Kento_MOMOTA_CHOU_Tien_Chen_KOREA_OPEN_2019_Final\clear\set2_rally6_ball7.npy
Kento_MOMOTA_CHOU_Tien_Chen_KOREA_OPEN_2019_Final,data/clips_cropped_multi\Kento_MOMOTA_CHOU_Tien_Chen_KOREA_OPEN_2019_Final\clear\set2_rally7_ball4.mp4,clear,OK,1.0,0.964,data/pose_features_multi\Kento_MOMOTA_CHOU_Tien_Chen_KOREA_OPEN_2019_Final\clear\set2_rally7_ball4.npy
Kento_MOMOTA_CHOU_Tien_Chen_KOREA_OPEN_2019_Final,data/clips_cropped_multi\Kento_MOMOTA_CHOU_Tien_Chen_KOREA_OPEN_2019_Final\clear\set2_rally8_ball10.mp4,clear,OK,1.0,1.0,data/pose_features_multi\Kento_MOMOTA_CHOU_Tien_Chen_KOREA_OPEN_2019_Final\clear\set2_rally8_ball10.npy
Kento_MOMOTA_CHOU_Tien_Chen_KOREA_OPEN_2019_Final,data/clips_cropped_multi\Kento_MOMOTA_CHOU_Tien_Chen_KOREA_OPEN_2019_Final\clear\set2_rally9_ball3.mp4,clear,OK,1.0,1.0,data/pose_features_multi\Kento_MOMOTA_CHOU_Tien_Chen_KOREA_OPEN_2019_Final\clear\set2_rally9_ball3.npy
Kento_MOMOTA_CHOU_Tien_Chen_KOREA_OPEN_2019_Final,data/clips_cropped_multi\Kento_MOMOTA_CHOU_Tien_Chen_KOREA_OPEN_2019_Final\net_shot\set1_rally10_ball2.0.mp4,net_shot,OK,1.0,1.0,data/pose_features_multi\Kento_MOMOTA_CHOU_Tien_Chen_KOREA_OPEN_2019_Final\net_shot\set1_rally10_ball2.0.npy
Kento_MOMOTA_CHOU_Tien_Chen_KOREA_OPEN_2019_Final,data/clips_cropped_multi\Kento_MOMOTA_CHOU_Tien_Chen_KOREA_OPEN_2019_Final\net_shot\set1_rally10_ball3.0.mp4,net_shot,OK,1.0,1.0,data/pose_features_multi\Kento_MOMOTA_CHOU_Tien_Chen_KOREA_OPEN_2019_Final\net_shot\set1_rally10_ball3.0.npy
Kento_MOMOTA_CHOU_Tien_Chen_KOREA_OPEN_2019_Final,data/clips_cropped_multi\Kento_MOMOTA_CHOU_Tien_Chen_KOREA_OPEN_2019_Final\net_shot\set1_rally11_ball2.0.mp4,net_shot,POSE_INSUFFICIENT,0.5,0.232,data/pose_features_multi\Kento_MOMOTA_CHOU_Tien_Chen_KOREA_OPEN_2019_Final\net_shot\set1_rally11_ball2.0.npy
Kento_MOMOTA_CHOU_Tien_Chen_KOREA_OPEN_2019_Final,data/clips_cropped_multi\Kento_MOMOTA_CHOU_Tien_Chen_KOREA_OPEN_2019_Final\net_shot\set1_rally11_ball3.0.mp4,net_shot,OK,1.0,1.0,data/pose_features_multi\Kento_MOMOTA_CHOU_Tien_Chen_KOREA_OPEN_2019_Final\net_shot\set1_rally11_ball3.0.npy
Kento_MOMOTA_CHOU_Tien_Chen_KOREA_OPEN_2019_Final,data/clips_cropped_multi\Kento_MOMOTA_CHOU_Tien_Chen_KOREA_OPEN_2019_Final\net_shot\set1_rally11_ball4.0.mp4,net_shot,OK,1.0,1.0,data/pose_features_multi\Kento_MOMOTA_CHOU_Tien_Chen_KOREA_OPEN_2019_Final\net_shot\set1_rally11_ball4.0.npy
Kento_MOMOTA_CHOU_Tien_Chen_KOREA_OPEN_2019_Final,data/clips_cropped_multi\Kento_MOMOTA_CHOU_Tien_Chen_KOREA_OPEN_2019_Final\net_shot\set1_rally12_ball10.0.mp4,net_shot,OK,1.0,1.0,data/pose_features_multi\Kento_MOMOTA_CHOU_Tien_Chen_KOREA_OPEN_2019_Final\net_shot\set1_rally12_ball10.0.npy
Kento_MOMOTA_CHOU_Tien_Chen_KOREA_OPEN_2019_Final,data/clips_cropped_multi\Kento_MOMOTA_CHOU_Tien_Chen_KOREA_OPEN_2019_Final\net_shot\set1_rally12_ball11.0.mp4,net_shot,OK,1.0,1.0,data/pose_features_multi\Kento_MOMOTA_CHOU_Tien_Chen_KOREA_OPEN_2019_Final\net_shot\set1_rally12_ball11.0.npy
Kento_MOMOTA_CHOU_Tien_Chen_KOREA_OPEN_2019_Final,data/clips_cropped_multi\Kento_MOMOTA_CHOU_Tien_Chen_KOREA_OPEN_2019_Final\net_shot\set1_rally12_ball8.0.mp4,net_shot,OK,1.0,1.0,data/pose_features_multi\Kento_MOMOTA_CHOU_Tien_Chen_KOREA_OPEN_2019_Final\net_shot\set1_rally12_ball8.0.npy
Kento_MOMOTA_CHOU_Tien_Chen_KOREA_OPEN_2019_Final,data/clips_cropped_multi\Kento_MOMOTA_CHOU_Tien_Chen_KOREA_OPEN_2019_Final\net_shot\set1_rally13_ball4.0.mp4,net_shot,OK,1.0,1.0,data/pose_features_multi\Kento_MOMOTA_CHOU_Tien_Chen_KOREA_OPEN_2019_Final\net_shot\set1_rally13_ball4.0.npy
Kento_MOMOTA_CHOU_Tien_Chen_KOREA_OPEN_2019_Final,data/clips_cropped_multi\Kento_MOMOTA_CHOU_Tien_Chen_KOREA_OPEN_2019_Final\net_shot\set1_rally13_ball5.0.mp4,net_shot,OK,1.0,1.0,data/pose_features_multi\Kento_MOMOTA_CHOU_Tien_Chen_KOREA_OPEN_2019_Final\net_shot\set1_rally13_ball5.0.npy
Kento_MOMOTA_CHOU_Tien_Chen_KOREA_OPEN_2019_Final,data/clips_cropped_multi\Kento_MOMOTA_CHOU_Tien_Chen_KOREA_OPEN_2019_Final\net_shot\set1_rally14_ball16.0.mp4,net_shot,OK,0.875,0.786,data/pose_features_multi\Kento_MOMOTA_CHOU_Tien_Chen_KOREA_OPEN_2019_Final\net_shot\set1_rally14_ball16.0.npy
Kento_MOMOTA_CHOU_Tien_Chen_KOREA_OPEN_2019_Final,data/clips_cropped_multi\Kento_MOMOTA_CHOU_Tien_Chen_KOREA_OPEN_2019_Final\net_shot\set1_rally14_ball23.0.mp4,net_shot,OK,1.0,0.893,data/pose_features_multi\Kento_MOMOTA_CHOU_Tien_Chen_KOREA_OPEN_2019_Final\net_shot\set1_rally14_ball23.0.npy
Kento_MOMOTA_CHOU_Tien_Chen_KOREA_OPEN_2019_Final,data/clips_cropped_multi\Kento_MOMOTA_CHOU_Tien_Chen_KOREA_OPEN_2019_Final\net_shot\set1_rally14_ball24.0.mp4,net_shot,OK,1.0,1.0,data/pose_features_multi\Kento_MOMOTA_CHOU_Tien_Chen_KOREA_OPEN_2019_Final\net_shot\set1_rally14_ball24.0.npy
Kento_MOMOTA_CHOU_Tien_Chen_KOREA_OPEN_2019_Final,data/clips_cropped_multi\Kento_MOMOTA_CHOU_Tien_Chen_KOREA_OPEN_2019_Final\net_shot\set1_rally15_ball7.0.mp4,net_shot,OK,0.946,0.732,data/pose_features_multi\Kento_MOMOTA_CHOU_Tien_Chen_KOREA_OPEN_2019_Final\net_shot\set1_rally15_ball7.0.npy
Kento_MOMOTA_CHOU_Tien_Chen_KOREA_OPEN_2019_Final,data/clips_cropped_multi\Kento_MOMOTA_CHOU_Tien_Chen_KOREA_OPEN_2019_Final\net_shot\set1_rally17_ball2.0.mp4,net_shot,OK,1.0,1.0,data/pose_features_multi\Kento_MOMOTA_CHOU_Tien_Chen_KOREA_OPEN_2019_Final\net_shot\set1_rally17_ball2.0.npy
Kento_MOMOTA_CHOU_Tien_Chen_KOREA_OPEN_2019_Final,data/clips_cropped_multi\Kento_MOMOTA_CHOU_Tien_Chen_KOREA_OPEN_2019_Final\net_shot\set1_rally18_ball5.0.mp4,net_shot,OK,0.875,0.875,data/pose_features_multi\Kento_MOMOTA_CHOU_Tien_Chen_KOREA_OPEN_2019_Final\net_shot\set1_rally18_ball5.0.npy
Kento_MOMOTA_CHOU_Tien_Chen_KOREA_OPEN_2019_Final,data/clips_cropped_multi\Kento_MOMOTA_CHOU_Tien_Chen_KOREA_OPEN_2019_Final\net_shot\set1_rally18_ball9.0.mp4,net_shot,OK,0.911,0.911,data/pose_features_multi\Kento_MOMOTA_CHOU_Tien_Chen_KOREA_OPEN_2019_Final\net_shot\set1_rally18_ball9.0.npy
Kento_MOMOTA_CHOU_Tien_Chen_KOREA_OPEN_2019_Final,data/clips_cropped_multi\Kento_MOMOTA_CHOU_Tien_Chen_KOREA_OPEN_2019_Final\net_shot\set1_rally19_ball2.0.mp4,net_shot,POSE_INSUFFICIENT,0.518,0.732,data/pose_features_multi\Kento_MOMOTA_CHOU_Tien_Chen_KOREA_OPEN_2019_Final\net_shot\set1_rally19_ball2.0.npy
Kento_MOMOTA_CHOU_Tien_Chen_KOREA_OPEN_2019_Final,data/clips_cropped_multi\Kento_MOMOTA_CHOU_Tien_Chen_KOREA_OPEN_2019_Final\net_shot\set1_rally19_ball3.0.mp4,net_shot,OK,1.0,0.768,data/pose_features_multi\Kento_MOMOTA_CHOU_Tien_Chen_KOREA_OPEN_2019_Final\net_shot\set1_rally19_ball3.0.npy
Kento_MOMOTA_CHOU_Tien_Chen_KOREA_OPEN_2019_Final,data/clips_cropped_multi\Kento_MOMOTA_CHOU_Tien_Chen_KOREA_OPEN_2019_Final\net_shot\set1_rally19_ball6.0.mp4,net_shot,OK,1.0,1.0,data/pose_features_multi\Kento_MOMOTA_CHOU_Tien_Chen_KOREA_OPEN_2019_Final\net_shot\set1_rally19_ball6.0.npy
Kento_MOMOTA_CHOU_Tien_Chen_KOREA_OPEN_2019_Final,data/clips_cropped_multi\Kento_MOMOTA_CHOU_Tien_Chen_KOREA_OPEN_2019_Final\net_shot\set1_rally21_ball15.0.mp4,net_shot,OK,1.0,0.607,data/pose_features_multi\Kento_MOMOTA_CHOU_Tien_Chen_KOREA_OPEN_2019_Final\net_shot\set1_rally21_ball15.0.npy
Kento_MOMOTA_CHOU_Tien_Chen_KOREA_OPEN_2019_Final,data/clips_cropped_multi\Kento_MOMOTA_CHOU_Tien_Chen_KOREA_OPEN_2019_Final\net_shot\set1_rally21_ball16.0.mp4,net_shot,OK,1.0,1.0,data/pose_features_multi\Kento_MOMOTA_CHOU_Tien_Chen_KOREA_OPEN_2019_Final\net_shot\set1_rally21_ball16.0.npy
Kento_MOMOTA_CHOU_Tien_Chen_KOREA_OPEN_2019_Final,data/clips_cropped_multi\Kento_MOMOTA_CHOU_Tien_Chen_KOREA_OPEN_2019_Final\net_shot\set1_rally21_ball8.0.mp4,net_shot,OK,1.0,1.0,data/pose_features_multi\Kento_MOMOTA_CHOU_Tien_Chen_KOREA_OPEN_2019_Final\net_shot\set1_rally21_ball8.0.npy
Kento_MOMOTA_CHOU_Tien_Chen_KOREA_OPEN_2019_Final,data/clips_cropped_multi\Kento_MOMOTA_CHOU_Tien_Chen_KOREA_OPEN_2019_Final\net_shot\set1_rally22_ball15.0.mp4,net_shot,OK,1.0,1.0,data/pose_features_multi\Kento_MOMOTA_CHOU_Tien_Chen_KOREA_OPEN_2019_Final\net_shot\set1_rally22_ball15.0.npy
Kento_MOMOTA_CHOU_Tien_Chen_KOREA_OPEN_2019_Final,data/clips_cropped_multi\Kento_MOMOTA_CHOU_Tien_Chen_KOREA_OPEN_2019_Final\net_shot\set1_rally22_ball24.0.mp4,net_shot,OK,0.911,0.911,data/pose_features_multi\Kento_MOMOTA_CHOU_Tien_Chen_KOREA_OPEN_2019_Final\net_shot\set1_rally22_ball24.0.npy
Kento_MOMOTA_CHOU_Tien_Chen_KOREA_OPEN_2019_Final,data/clips_cropped_multi\Kento_MOMOTA_CHOU_Tien_Chen_KOREA_OPEN_2019_Final\net_shot\set1_rally22_ball25.0.mp4,net_shot,OK,1.0,1.0,data/pose_features_multi\Kento_MOMOTA_CHOU_Tien_Chen_KOREA_OPEN_2019_Final\net_shot\set1_rally22_ball25.0.npy
Kento_MOMOTA_CHOU_Tien_Chen_KOREA_OPEN_2019_Final,data/clips_cropped_multi\Kento_MOMOTA_CHOU_Tien_Chen_KOREA_OPEN_2019_Final\net_shot\set1_rally22_ball6.0.mp4,net_shot,OK,1.0,1.0,data/pose_features_multi\Kento_MOMOTA_CHOU_Tien_Chen_KOREA_OPEN_2019_Final\net_shot\set1_rally22_ball6.0.npy
Kento_MOMOTA_CHOU_Tien_Chen_KOREA_OPEN_2019_Final,data/clips_cropped_multi\Kento_MOMOTA_CHOU_Tien_Chen_KOREA_OPEN_2019_Final\net_shot\set1_rally22_ball9.0.mp4,net_shot,OK,1.0,1.0,data/pose_features_multi\Kento_MOMOTA_CHOU_Tien_Chen_KOREA_OPEN_2019_Final\net_shot\set1_rally22_ball9.0.npy
Kento_MOMOTA_CHOU_Tien_Chen_KOREA_OPEN_2019_Final,data/clips_cropped_multi\Kento_MOMOTA_CHOU_Tien_Chen_KOREA_OPEN_2019_Final\net_shot\set1_rally23_ball7.0.mp4,net_shot,OK,1.0,1.0,data/pose_features_multi\Kento_MOMOTA_CHOU_Tien_Chen_KOREA_OPEN_2019_Final\net_shot\set1_rally23_ball7.0.npy
Kento_MOMOTA_CHOU_Tien_Chen_KOREA_OPEN_2019_Final,data/clips_cropped_multi\Kento_MOMOTA_CHOU_Tien_Chen_KOREA_OPEN_2019_Final\net_shot\set1_rally26_ball10.0.mp4,net_shot,OK,1.0,1.0,data/pose_features_multi\Kento_MOMOTA_CHOU_Tien_Chen_KOREA_OPEN_2019_Final\net_shot\set1_rally26_ball10.0.npy
Kento_MOMOTA_CHOU_Tien_Chen_KOREA_OPEN_2019_Final,data/clips_cropped_multi\Kento_MOMOTA_CHOU_Tien_Chen_KOREA_OPEN_2019_Final\net_shot\set1_rally26_ball11.0.mp4,net_shot,OK,1.0,1.0,data/pose_features_multi\Kento_MOMOTA_CHOU_Tien_Chen_KOREA_OPEN_2019_Final\net_shot\set1_rally26_ball11.0.npy
Kento_MOMOTA_CHOU_Tien_Chen_KOREA_OPEN_2019_Final,data/clips_cropped_multi\Kento_MOMOTA_CHOU_Tien_Chen_KOREA_OPEN_2019_Final\net_shot\set1_rally26_ball2.0.mp4,net_shot,OK,1.0,0.893,data/pose_features_multi\Kento_MOMOTA_CHOU_Tien_Chen_KOREA_OPEN_2019_Final\net_shot\set1_rally26_ball2.0.npy
Kento_MOMOTA_CHOU_Tien_Chen_KOREA_OPEN_2019_Final,data/clips_cropped_multi\Kento_MOMOTA_CHOU_Tien_Chen_KOREA_OPEN_2019_Final\net_shot\set1_rally26_ball5.0.mp4,net_shot,POSE_INSUFFICIENT,0.625,0.625,data/pose_features_multi\Kento_MOMOTA_CHOU_Tien_Chen_KOREA_OPEN_2019_Final\net_shot\set1_rally26_ball5.0.npy
Kento_MOMOTA_CHOU_Tien_Chen_KOREA_OPEN_2019_Final,data/clips_cropped_multi\Kento_MOMOTA_CHOU_Tien_Chen_KOREA_OPEN_2019_Final\net_shot\set1_rally26_ball9.0.mp4,net_shot,OK,1.0,1.0,data/pose_features_multi\Kento_MOMOTA_CHOU_Tien_Chen_KOREA_OPEN_2019_Final\net_shot\set1_rally26_ball9.0.npy
Kento_MOMOTA_CHOU_Tien_Chen_KOREA_OPEN_2019_Final,data/clips_cropped_multi\Kento_MOMOTA_CHOU_Tien_Chen_KOREA_OPEN_2019_Final\net_shot\set1_rally27_ball13.0.mp4,net_shot,OK,1.0,1.0,data/pose_features_multi\Kento_MOMOTA_CHOU_Tien_Chen_KOREA_OPEN_2019_Final\net_shot\set1_rally27_ball13.0.npy
Kento_MOMOTA_CHOU_Tien_Chen_KOREA_OPEN_2019_Final,data/clips_cropped_multi\Kento_MOMOTA_CHOU_Tien_Chen_KOREA_OPEN_2019_Final\net_shot\set1_rally27_ball14.0.mp4,net_shot,OK,1.0,1.0,data/pose_features_multi\Kento_MOMOTA_CHOU_Tien_Chen_KOREA_OPEN_2019_Final\net_shot\set1_rally27_ball14.0.npy
Kento_MOMOTA_CHOU_Tien_Chen_KOREA_OPEN_2019_Final,data/clips_cropped_multi\Kento_MOMOTA_CHOU_Tien_Chen_KOREA_OPEN_2019_Final\net_shot\set1_rally28_ball2.0.mp4,net_shot,OK,1.0,0.357,data/pose_features_multi\Kento_MOMOTA_CHOU_Tien_Chen_KOREA_OPEN_2019_Final\net_shot\set1_rally28_ball2.0.npy
Kento_MOMOTA_CHOU_Tien_Chen_KOREA_OPEN_2019_Final,data/clips_cropped_multi\Kento_MOMOTA_CHOU_Tien_Chen_KOREA_OPEN_2019_Final\net_shot\set1_rally28_ball7.0.mp4,net_shot,OK,0.821,0.821,data/pose_features_multi\Kento_MOMOTA_CHOU_Tien_Chen_KOREA_OPEN_2019_Final\net_shot\set1_rally28_ball7.0.npy
Kento_MOMOTA_CHOU_Tien_Chen_KOREA_OPEN_2019_Final,data/clips_cropped_multi\Kento_MOMOTA_CHOU_Tien_Chen_KOREA_OPEN_2019_Final\net_shot\set1_rally28_ball8.0.mp4,net_shot,OK,1.0,1.0,data/pose_features_multi\Kento_MOMOTA_CHOU_Tien_Chen_KOREA_OPEN_2019_Final\net_shot\set1_rally28_ball8.0.npy
Kento_MOMOTA_CHOU_Tien_Chen_KOREA_OPEN_2019_Final,data/clips_cropped_multi\Kento_MOMOTA_CHOU_Tien_Chen_KOREA_OPEN_2019_Final\net_shot\set1_rally29_ball10.0.mp4,net_shot,OK,1.0,1.0,data/pose_features_multi\Kento_MOMOTA_CHOU_Tien_Chen_KOREA_OPEN_2019_Final\net_shot\set1_rally29_ball10.0.npy
Kento_MOMOTA_CHOU_Tien_Chen_KOREA_OPEN_2019_Final,data/clips_cropped_multi\Kento_MOMOTA_CHOU_Tien_Chen_KOREA_OPEN_2019_Final\net_shot\set1_rally29_ball4.0.mp4,net_shot,OK,1.0,1.0,data/pose_features_multi\Kento_MOMOTA_CHOU_Tien_Chen_KOREA_OPEN_2019_Final\net_shot\set1_rally29_ball4.0.npy
Kento_MOMOTA_CHOU_Tien_Chen_KOREA_OPEN_2019_Final,data/clips_cropped_multi\Kento_MOMOTA_CHOU_Tien_Chen_KOREA_OPEN_2019_Final\net_shot\set1_rally2_ball13.0.mp4,net_shot,OK,1.0,0.857,data/pose_features_multi\Kento_MOMOTA_CHOU_Tien_Chen_KOREA_OPEN_2019_Final\net_shot\set1_rally2_ball13.0.npy
Kento_MOMOTA_CHOU_Tien_Chen_KOREA_OPEN_2019_Final,data/clips_cropped_multi\Kento_MOMOTA_CHOU_Tien_Chen_KOREA_OPEN_2019_Final\net_shot\set1_rally2_ball21.0.mp4,net_shot,OK,1.0,1.0,data/pose_features_multi\Kento_MOMOTA_CHOU_Tien_Chen_KOREA_OPEN_2019_Final\net_shot\set1_rally2_ball21.0.npy
Kento_MOMOTA_CHOU_Tien_Chen_KOREA_OPEN_2019_Final,data/clips_cropped_multi\Kento_MOMOTA_CHOU_Tien_Chen_KOREA_OPEN_2019_Final\net_shot\set1_rally2_ball24.0.mp4,net_shot,OK,1.0,1.0,data/pose_features_multi\Kento_MOMOTA_CHOU_Tien_Chen_KOREA_OPEN_2019_Final\net_shot\set1_rally2_ball24.0.npy
Kento_MOMOTA_CHOU_Tien_Chen_KOREA_OPEN_2019_Final,data/clips_cropped_multi\Kento_MOMOTA_CHOU_Tien_Chen_KOREA_OPEN_2019_Final\net_shot\set1_rally2_ball27.0.mp4,net_shot,OK,1.0,1.0,data/pose_features_multi\Kento_MOMOTA_CHOU_Tien_Chen_KOREA_OPEN_2019_Final\net_shot\set1_rally2_ball27.0.npy
Kento_MOMOTA_CHOU_Tien_Chen_KOREA_OPEN_2019_Final,data/clips_cropped_multi\Kento_MOMOTA_CHOU_Tien_Chen_KOREA_OPEN_2019_Final\net_shot\set1_rally2_ball8.0.mp4,net_shot,OK,1.0,0.839,data/pose_features_multi\Kento_MOMOTA_CHOU_Tien_Chen_KOREA_OPEN_2019_Final\net_shot\set1_rally2_ball8.0.npy
Kento_MOMOTA_CHOU_Tien_Chen_KOREA_OPEN_2019_Final,data/clips_cropped_multi\Kento_MOMOTA_CHOU_Tien_Chen_KOREA_OPEN_2019_Final\net_shot\set1_rally2_ball9.0.mp4,net_shot,OK,1.0,1.0,data/pose_features_multi\Kento_MOMOTA_CHOU_Tien_Chen_KOREA_OPEN_2019_Final\net_shot\set1_rally2_ball9.0.npy
Kento_MOMOTA_CHOU_Tien_Chen_KOREA_OPEN_2019_Final,data/clips_cropped_multi\Kento_MOMOTA_CHOU_Tien_Chen_KOREA_OPEN_2019_Final\net_shot\set1_rally30_ball17.0.mp4,net_shot,OK,1.0,1.0,data/pose_features_multi\Kento_MOMOTA_CHOU_Tien_Chen_KOREA_OPEN_2019_Final\net_shot\set1_rally30_ball17.0.npy
Kento_MOMOTA_CHOU_Tien_Chen_KOREA_OPEN_2019_Final,data/clips_cropped_multi\Kento_MOMOTA_CHOU_Tien_Chen_KOREA_OPEN_2019_Final\net_shot\set1_rally30_ball18.0.mp4,net_shot,OK,1.0,1.0,data/pose_features_multi\Kento_MOMOTA_CHOU_Tien_Chen_KOREA_OPEN_2019_Final\net_shot\set1_rally30_ball18.0.npy
Kento_MOMOTA_CHOU_Tien_Chen_KOREA_OPEN_2019_Final,data/clips_cropped_multi\Kento_MOMOTA_CHOU_Tien_Chen_KOREA_OPEN_2019_Final\net_shot\set1_rally31_ball2.0.mp4,net_shot,OK,1.0,1.0,data/pose_features_multi\Kento_MOMOTA_CHOU_Tien_Chen_KOREA_OPEN_2019_Final\net_shot\set1_rally31_ball2.0.npy
Kento_MOMOTA_CHOU_Tien_Chen_KOREA_OPEN_2019_Final,data/clips_cropped_multi\Kento_MOMOTA_CHOU_Tien_Chen_KOREA_OPEN_2019_Final\net_shot\set1_rally31_ball3.0.mp4,net_shot,OK,1.0,0.929,data/pose_features_multi\Kento_MOMOTA_CHOU_Tien_Chen_KOREA_OPEN_2019_Final\net_shot\set1_rally31_ball3.0.npy
Kento_MOMOTA_CHOU_Tien_Chen_KOREA_OPEN_2019_Final,data/clips_cropped_multi\Kento_MOMOTA_CHOU_Tien_Chen_KOREA_OPEN_2019_Final\net_shot\set1_rally31_ball4.0.mp4,net_shot,OK,1.0,1.0,data/pose_features_multi\Kento_MOMOTA_CHOU_Tien_Chen_KOREA_OPEN_2019_Final\net_shot\set1_rally31_ball4.0.npy
Kento_MOMOTA_CHOU_Tien_Chen_KOREA_OPEN_2019_Final,data/clips_cropped_multi\Kento_MOMOTA_CHOU_Tien_Chen_KOREA_OPEN_2019_Final\net_shot\set1_rally32_ball4.0.mp4,net_shot,OK,1.0,1.0,data/pose_features_multi\Kento_MOMOTA_CHOU_Tien_Chen_KOREA_OPEN_2019_Final\net_shot\set1_rally32_ball4.0.npy
Kento_MOMOTA_CHOU_Tien_Chen_KOREA_OPEN_2019_Final,data/clips_cropped_multi\Kento_MOMOTA_CHOU_Tien_Chen_KOREA_OPEN_2019_Final\net_shot\set1_rally32_ball5.0.mp4,net_shot,OK,1.0,1.0,data/pose_features_multi\Kento_MOMOTA_CHOU_Tien_Chen_KOREA_OPEN_2019_Final\net_shot\set1_rally32_ball5.0.npy
Kento_MOMOTA_CHOU_Tien_Chen_KOREA_OPEN_2019_Final,data/clips_cropped_multi\Kento_MOMOTA_CHOU_Tien_Chen_KOREA_OPEN_2019_Final\net_shot\set1_rally33_ball12.0.mp4,net_shot,OK,1.0,1.0,data/pose_features_multi\Kento_MOMOTA_CHOU_Tien_Chen_KOREA_OPEN_2019_Final\net_shot\set1_rally33_ball12.0.npy
Kento_MOMOTA_CHOU_Tien_Chen_KOREA_OPEN_2019_Final,data/clips_cropped_multi\Kento_MOMOTA_CHOU_Tien_Chen_KOREA_OPEN_2019_Final\net_shot\set1_rally33_ball13.0.mp4,net_shot,OK,1.0,0.911,data/pose_features_multi\Kento_MOMOTA_CHOU_Tien_Chen_KOREA_OPEN_2019_Final\net_shot\set1_rally33_ball13.0.npy
Kento_MOMOTA_CHOU_Tien_Chen_KOREA_OPEN_2019_Final,data/clips_cropped_multi\Kento_MOMOTA_CHOU_Tien_Chen_KOREA_OPEN_2019_Final\net_shot\set1_rally33_ball5.0.mp4,net_shot,OK,1.0,1.0,data/pose_features_multi\Kento_MOMOTA_CHOU_Tien_Chen_KOREA_OPEN_2019_Final\net_shot\set1_rally33_ball5.0.npy
Kento_MOMOTA_CHOU_Tien_Chen_KOREA_OPEN_2019_Final,data/clips_cropped_multi\Kento_MOMOTA_CHOU_Tien_Chen_KOREA_OPEN_2019_Final\net_shot\set1_rally33_ball6.0.mp4,net_shot,OK,1.0,1.0,data/pose_features_multi\Kento_MOMOTA_CHOU_Tien_Chen_KOREA_OPEN_2019_Final\net_shot\set1_rally33_ball6.0.npy
Kento_MOMOTA_CHOU_Tien_Chen_KOREA_OPEN_2019_Final,data/clips_cropped_multi\Kento_MOMOTA_CHOU_Tien_Chen_KOREA_OPEN_2019_Final\net_shot\set1_rally33_ball7.0.mp4,net_shot,OK,1.0,1.0,data/pose_features_multi\Kento_MOMOTA_CHOU_Tien_Chen_KOREA_OPEN_2019_Final\net_shot\set1_rally33_ball7.0.npy
Kento_MOMOTA_CHOU_Tien_Chen_KOREA_OPEN_2019_Final,data/clips_cropped_multi\Kento_MOMOTA_CHOU_Tien_Chen_KOREA_OPEN_2019_Final\net_shot\set1_rally33_ball8.0.mp4,net_shot,OK,1.0,1.0,data/pose_features_multi\Kento_MOMOTA_CHOU_Tien_Chen_KOREA_OPEN_2019_Final\net_shot\set1_rally33_ball8.0.npy
Kento_MOMOTA_CHOU_Tien_Chen_KOREA_OPEN_2019_Final,data/clips_cropped_multi\Kento_MOMOTA_CHOU_Tien_Chen_KOREA_OPEN_2019_Final\net_shot\set1_rally34_ball2.0.mp4,net_shot,OK,1.0,1.0,data/pose_features_multi\Kento_MOMOTA_CHOU_Tien_Chen_KOREA_OPEN_2019_Final\net_shot\set1_rally34_ball2.0.npy
Kento_MOMOTA_CHOU_Tien_Chen_KOREA_OPEN_2019_Final,data/clips_cropped_multi\Kento_MOMOTA_CHOU_Tien_Chen_KOREA_OPEN_2019_Final\net_shot\set1_rally34_ball3.0.mp4,net_shot,OK,1.0,1.0,data/pose_features_multi\Kento_MOMOTA_CHOU_Tien_Chen_KOREA_OPEN_2019_Final\net_shot\set1_rally34_ball3.0.npy
Kento_MOMOTA_CHOU_Tien_Chen_KOREA_OPEN_2019_Final,data/clips_cropped_multi\Kento_MOMOTA_CHOU_Tien_Chen_KOREA_OPEN_2019_Final\net_shot\set1_rally34_ball4.0.mp4,net_shot,OK,1.0,1.0,data/pose_features_multi\Kento_MOMOTA_CHOU_Tien_Chen_KOREA_OPEN_2019_Final\net_shot\set1_rally34_ball4.0.npy
Kento_MOMOTA_CHOU_Tien_Chen_KOREA_OPEN_2019_Final,data/clips_cropped_multi\Kento_MOMOTA_CHOU_Tien_Chen_KOREA_OPEN_2019_Final\net_shot\set1_rally34_ball5.0.mp4,net_shot,OK,1.0,1.0,data/pose_features_multi\Kento_MOMOTA_CHOU_Tien_Chen_KOREA_OPEN_2019_Final\net_shot\set1_rally34_ball5.0.npy
Kento_MOMOTA_CHOU_Tien_Chen_KOREA_OPEN_2019_Final,data/clips_cropped_multi\Kento_MOMOTA_CHOU_Tien_Chen_KOREA_OPEN_2019_Final\net_shot\set1_rally35_ball16.0.mp4,net_shot,OK,1.0,1.0,data/pose_features_multi\Kento_MOMOTA_CHOU_Tien_Chen_KOREA_OPEN_2019_Final\net_shot\set1_rally35_ball16.0.npy
Kento_MOMOTA_CHOU_Tien_Chen_KOREA_OPEN_2019_Final,data/clips_cropped_multi\Kento_MOMOTA_CHOU_Tien_Chen_KOREA_OPEN_2019_Final\net_shot\set1_rally35_ball17.0.mp4,net_shot,OK,1.0,1.0,data/pose_features_multi\Kento_MOMOTA_CHOU_Tien_Chen_KOREA_OPEN_2019_Final\net_shot\set1_rally35_ball17.0.npy
Kento_MOMOTA_CHOU_Tien_Chen_KOREA_OPEN_2019_Final,data/clips_cropped_multi\Kento_MOMOTA_CHOU_Tien_Chen_KOREA_OPEN_2019_Final\net_shot\set1_rally35_ball2.0.mp4,net_shot,POSE_INSUFFICIENT,0.268,0.304,data/pose_features_multi\Kento_MOMOTA_CHOU_Tien_Chen_KOREA_OPEN_2019_Final\net_shot\set1_rally35_ball2.0.npy
Kento_MOMOTA_CHOU_Tien_Chen_KOREA_OPEN_2019_Final,data/clips_cropped_multi\Kento_MOMOTA_CHOU_Tien_Chen_KOREA_OPEN_2019_Final\net_shot\set1_rally35_ball22.0.mp4,net_shot,OK,1.0,1.0,data/pose_features_multi\Kento_MOMOTA_CHOU_Tien_Chen_KOREA_OPEN_2019_Final\net_shot\set1_rally35_ball22.0.npy
Kento_MOMOTA_CHOU_Tien_Chen_KOREA_OPEN_2019_Final,data/clips_cropped_multi\Kento_MOMOTA_CHOU_Tien_Chen_KOREA_OPEN_2019_Final\net_shot\set1_rally35_ball23.0.mp4,net_shot,OK,1.0,1.0,data/pose_features_multi\Kento_MOMOTA_CHOU_Tien_Chen_KOREA_OPEN_2019_Final\net_shot\set1_rally35_ball23.0.npy
Kento_MOMOTA_CHOU_Tien_Chen_KOREA_OPEN_2019_Final,data/clips_cropped_multi\Kento_MOMOTA_CHOU_Tien_Chen_KOREA_OPEN_2019_Final\net_shot\set1_rally35_ball3.0.mp4,net_shot,OK,1.0,1.0,data/pose_features_multi\Kento_MOMOTA_CHOU_Tien_Chen_KOREA_OPEN_2019_Final\net_shot\set1_rally35_ball3.0.npy
Kento_MOMOTA_CHOU_Tien_Chen_KOREA_OPEN_2019_Final,data/clips_cropped_multi\Kento_MOMOTA_CHOU_Tien_Chen_KOREA_OPEN_2019_Final\net_shot\set1_rally35_ball7.0.mp4,net_shot,OK,1.0,0.643,data/pose_features_multi\Kento_MOMOTA_CHOU_Tien_Chen_KOREA_OPEN_2019_Final\net_shot\set1_rally35_ball7.0.npy
Kento_MOMOTA_CHOU_Tien_Chen_KOREA_OPEN_2019_Final,data/clips_cropped_multi\Kento_MOMOTA_CHOU_Tien_Chen_KOREA_OPEN_2019_Final\net_shot\set1_rally35_ball8.0.mp4,net_shot,OK,1.0,1.0,data/pose_features_multi\Kento_MOMOTA_CHOU_Tien_Chen_KOREA_OPEN_2019_Final\net_shot\set1_rally35_ball8.0.npy
Kento_MOMOTA_CHOU_Tien_Chen_KOREA_OPEN_2019_Final,data/clips_cropped_multi\Kento_MOMOTA_CHOU_Tien_Chen_KOREA_OPEN_2019_Final\net_shot\set1_rally35_ball9.0.mp4,net_shot,OK,1.0,1.0,data/pose_features_multi\Kento_MOMOTA_CHOU_Tien_Chen_KOREA_OPEN_2019_Final\net_shot\set1_rally35_ball9.0.npy
Kento_MOMOTA_CHOU_Tien_Chen_KOREA_OPEN_2019_Final,data/clips_cropped_multi\Kento_MOMOTA_CHOU_Tien_Chen_KOREA_OPEN_2019_Final\net_shot\set1_rally36_ball2.0.mp4,net_shot,OK,1.0,0.446,data/pose_features_multi\Kento_MOMOTA_CHOU_Tien_Chen_KOREA_OPEN_2019_Final\net_shot\set1_rally36_ball2.0.npy
Kento_MOMOTA_CHOU_Tien_Chen_KOREA_OPEN_2019_Final,data/clips_cropped_multi\Kento_MOMOTA_CHOU_Tien_Chen_KOREA_OPEN_2019_Final\net_shot\set1_rally36_ball6.0.mp4,net_shot,OK,1.0,0.804,data/pose_features_multi\Kento_MOMOTA_CHOU_Tien_Chen_KOREA_OPEN_2019_Final\net_shot\set1_rally36_ball6.0.npy
Kento_MOMOTA_CHOU_Tien_Chen_KOREA_OPEN_2019_Final,data/clips_cropped_multi\Kento_MOMOTA_CHOU_Tien_Chen_KOREA_OPEN_2019_Final\net_shot\set1_rally37_ball2.0.mp4,net_shot,POSE_INSUFFICIENT,0.536,0.536,data/pose_features_multi\Kento_MOMOTA_CHOU_Tien_Chen_KOREA_OPEN_2019_Final\net_shot\set1_rally37_ball2.0.npy
Kento_MOMOTA_CHOU_Tien_Chen_KOREA_OPEN_2019_Final,data/clips_cropped_multi\Kento_MOMOTA_CHOU_Tien_Chen_KOREA_OPEN_2019_Final\net_shot\set1_rally37_ball7.0.mp4,net_shot,OK,1.0,1.0,data/pose_features_multi\Kento_MOMOTA_CHOU_Tien_Chen_KOREA_OPEN_2019_Final\net_shot\set1_rally37_ball7.0.npy
Kento_MOMOTA_CHOU_Tien_Chen_KOREA_OPEN_2019_Final,data/clips_cropped_multi\Kento_MOMOTA_CHOU_Tien_Chen_KOREA_OPEN_2019_Final\net_shot\set1_rally37_ball8.0.mp4,net_shot,OK,1.0,1.0,data/pose_features_multi\Kento_MOMOTA_CHOU_Tien_Chen_KOREA_OPEN_2019_Final\net_shot\set1_rally37_ball8.0.npy
Kento_MOMOTA_CHOU_Tien_Chen_KOREA_OPEN_2019_Final,data/clips_cropped_multi\Kento_MOMOTA_CHOU_Tien_Chen_KOREA_OPEN_2019_Final\net_shot\set1_rally39_ball2.0.mp4,net_shot,OK,1.0,1.0,data/pose_features_multi\Kento_MOMOTA_CHOU_Tien_Chen_KOREA_OPEN_2019_Final\net_shot\set1_rally39_ball2.0.npy
Kento_MOMOTA_CHOU_Tien_Chen_KOREA_OPEN_2019_Final,data/clips_cropped_multi\Kento_MOMOTA_CHOU_Tien_Chen_KOREA_OPEN_2019_Final\net_shot\set1_rally3_ball15.0.mp4,net_shot,OK,0.929,0.929,data/pose_features_multi\Kento_MOMOTA_CHOU_Tien_Chen_KOREA_OPEN_2019_Final\net_shot\set1_rally3_ball15.0.npy
Kento_MOMOTA_CHOU_Tien_Chen_KOREA_OPEN_2019_Final,data/clips_cropped_multi\Kento_MOMOTA_CHOU_Tien_Chen_KOREA_OPEN_2019_Final\net_shot\set1_rally3_ball16.0.mp4,net_shot,OK,1.0,1.0,data/pose_features_multi\Kento_MOMOTA_CHOU_Tien_Chen_KOREA_OPEN_2019_Final\net_shot\set1_rally3_ball16.0.npy
Kento_MOMOTA_CHOU_Tien_Chen_KOREA_OPEN_2019_Final,data/clips_cropped_multi\Kento_MOMOTA_CHOU_Tien_Chen_KOREA_OPEN_2019_Final\net_shot\set1_rally3_ball8.0.mp4,net_shot,OK,1.0,1.0,data/pose_features_multi\Kento_MOMOTA_CHOU_Tien_Chen_KOREA_OPEN_2019_Final\net_shot\set1_rally3_ball8.0.npy
Kento_MOMOTA_CHOU_Tien_Chen_KOREA_OPEN_2019_Final,data/clips_cropped_multi\Kento_MOMOTA_CHOU_Tien_Chen_KOREA_OPEN_2019_Final\net_shot\set1_rally40_ball19.0.mp4,net_shot,OK,1.0,1.0,data/pose_features_multi\Kento_MOMOTA_CHOU_Tien_Chen_KOREA_OPEN_2019_Final\net_shot\set1_rally40_ball19.0.npy
Kento_MOMOTA_CHOU_Tien_Chen_KOREA_OPEN_2019_Final,data/clips_cropped_multi\Kento_MOMOTA_CHOU_Tien_Chen_KOREA_OPEN_2019_Final\net_shot\set1_rally40_ball2.0.mp4,net_shot,OK,1.0,0.625,data/pose_features_multi\Kento_MOMOTA_CHOU_Tien_Chen_KOREA_OPEN_2019_Final\net_shot\set1_rally40_ball2.0.npy
Kento_MOMOTA_CHOU_Tien_Chen_KOREA_OPEN_2019_Final,data/clips_cropped_multi\Kento_MOMOTA_CHOU_Tien_Chen_KOREA_OPEN_2019_Final\net_shot\set1_rally40_ball26.0.mp4,net_shot,OK,1.0,1.0,data/pose_features_multi\Kento_MOMOTA_CHOU_Tien_Chen_KOREA_OPEN_2019_Final\net_shot\set1_rally40_ball26.0.npy
Kento_MOMOTA_CHOU_Tien_Chen_KOREA_OPEN_2019_Final,data/clips_cropped_multi\Kento_MOMOTA_CHOU_Tien_Chen_KOREA_OPEN_2019_Final\net_shot\set1_rally40_ball3.0.mp4,net_shot,OK,1.0,1.0,data/pose_features_multi\Kento_MOMOTA_CHOU_Tien_Chen_KOREA_OPEN_2019_Final\net_shot\set1_rally40_ball3.0.npy
Kento_MOMOTA_CHOU_Tien_Chen_KOREA_OPEN_2019_Final,data/clips_cropped_multi\Kento_MOMOTA_CHOU_Tien_Chen_KOREA_OPEN_2019_Final\net_shot\set1_rally40_ball7.0.mp4,net_shot,OK,1.0,1.0,data/pose_features_multi\Kento_MOMOTA_CHOU_Tien_Chen_KOREA_OPEN_2019_Final\net_shot\set1_rally40_ball7.0.npy
Kento_MOMOTA_CHOU_Tien_Chen_KOREA_OPEN_2019_Final,data/clips_cropped_multi\Kento_MOMOTA_CHOU_Tien_Chen_KOREA_OPEN_2019_Final\net_shot\set1_rally40_ball8.0.mp4,net_shot,OK,1.0,1.0,data/pose_features_multi\Kento_MOMOTA_CHOU_Tien_Chen_KOREA_OPEN_2019_Final\net_shot\set1_rally40_ball8.0.npy
Kento_MOMOTA_CHOU_Tien_Chen_KOREA_OPEN_2019_Final,data/clips_cropped_multi\Kento_MOMOTA_CHOU_Tien_Chen_KOREA_OPEN_2019_Final\net_shot\set1_rally4_ball13.0.mp4,net_shot,OK,0.732,0.732,data/pose_features_multi\Kento_MOMOTA_CHOU_Tien_Chen_KOREA_OPEN_2019_Final\net_shot\set1_rally4_ball13.0.npy
Kento_MOMOTA_CHOU_Tien_Chen_KOREA_OPEN_2019_Final,data/clips_cropped_multi\Kento_MOMOTA_CHOU_Tien_Chen_KOREA_OPEN_2019_Final\net_shot\set1_rally4_ball14.0.mp4,net_shot,OK,1.0,1.0,data/pose_features_multi\Kento_MOMOTA_CHOU_Tien_Chen_KOREA_OPEN_2019_Final\net_shot\set1_rally4_ball14.0.npy
Kento_MOMOTA_CHOU_Tien_Chen_KOREA_OPEN_2019_Final,data/clips_cropped_multi\Kento_MOMOTA_CHOU_Tien_Chen_KOREA_OPEN_2019_Final\net_shot\set1_rally4_ball15.0.mp4,net_shot,OK,1.0,1.0,data/pose_features_multi\Kento_MOMOTA_CHOU_Tien_Chen_KOREA_OPEN_2019_Final\net_shot\set1_rally4_ball15.0.npy
Kento_MOMOTA_CHOU_Tien_Chen_KOREA_OPEN_2019_Final,data/clips_cropped_multi\Kento_MOMOTA_CHOU_Tien_Chen_KOREA_OPEN_2019_Final\net_shot\set1_rally4_ball5.0.mp4,net_shot,OK,1.0,1.0,data/pose_features_multi\Kento_MOMOTA_CHOU_Tien_Chen_KOREA_OPEN_2019_Final\net_shot\set1_rally4_ball5.0.npy
Kento_MOMOTA_CHOU_Tien_Chen_KOREA_OPEN_2019_Final,data/clips_cropped_multi\Kento_MOMOTA_CHOU_Tien_Chen_KOREA_OPEN_2019_Final\net_shot\set1_rally5_ball2.0.mp4,net_shot,OK,1.0,1.0,data/pose_features_multi\Kento_MOMOTA_CHOU_Tien_Chen_KOREA_OPEN_2019_Final\net_shot\set1_rally5_ball2.0.npy
Kento_MOMOTA_CHOU_Tien_Chen_KOREA_OPEN_2019_Final,data/clips_cropped_multi\Kento_MOMOTA_CHOU_Tien_Chen_KOREA_OPEN_2019_Final\net_shot\set1_rally5_ball3.0.mp4,net_shot,OK,1.0,0.804,data/pose_features_multi\Kento_MOMOTA_CHOU_Tien_Chen_KOREA_OPEN_2019_Final\net_shot\set1_rally5_ball3.0.npy
Kento_MOMOTA_CHOU_Tien_Chen_KOREA_OPEN_2019_Final,data/clips_cropped_multi\Kento_MOMOTA_CHOU_Tien_Chen_KOREA_OPEN_2019_Final\net_shot\set1_rally6_ball19.0.mp4,net_shot,OK,1.0,1.0,data/pose_features_multi\Kento_MOMOTA_CHOU_Tien_Chen_KOREA_OPEN_2019_Final\net_shot\set1_rally6_ball19.0.npy
Kento_MOMOTA_CHOU_Tien_Chen_KOREA_OPEN_2019_Final,data/clips_cropped_multi\Kento_MOMOTA_CHOU_Tien_Chen_KOREA_OPEN_2019_Final\net_shot\set1_rally6_ball2.0.mp4,net_shot,OK,1.0,0.607,data/pose_features_multi\Kento_MOMOTA_CHOU_Tien_Chen_KOREA_OPEN_2019_Final\net_shot\set1_rally6_ball2.0.npy
Kento_MOMOTA_CHOU_Tien_Chen_KOREA_OPEN_2019_Final,data/clips_cropped_multi\Kento_MOMOTA_CHOU_Tien_Chen_KOREA_OPEN_2019_Final\net_shot\set1_rally6_ball26.0.mp4,net_shot,OK,1.0,1.0,data/pose_features_multi\Kento_MOMOTA_CHOU_Tien_Chen_KOREA_OPEN_2019_Final\net_shot\set1_rally6_ball26.0.npy
Kento_MOMOTA_CHOU_Tien_Chen_KOREA_OPEN_2019_Final,data/clips_cropped_multi\Kento_MOMOTA_CHOU_Tien_Chen_KOREA_OPEN_2019_Final\net_shot\set1_rally6_ball5.0.mp4,net_shot,OK,1.0,1.0,data/pose_features_multi\Kento_MOMOTA_CHOU_Tien_Chen_KOREA_OPEN_2019_Final\net_shot\set1_rally6_ball5.0.npy
Kento_MOMOTA_CHOU_Tien_Chen_KOREA_OPEN_2019_Final,data/clips_cropped_multi\Kento_MOMOTA_CHOU_Tien_Chen_KOREA_OPEN_2019_Final\net_shot\set1_rally6_ball9.0.mp4,net_shot,OK,1.0,0.946,data/pose_features_multi\Kento_MOMOTA_CHOU_Tien_Chen_KOREA_OPEN_2019_Final\net_shot\set1_rally6_ball9.0.npy
Kento_MOMOTA_CHOU_Tien_Chen_KOREA_OPEN_2019_Final,data/clips_cropped_multi\Kento_MOMOTA_CHOU_Tien_Chen_KOREA_OPEN_2019_Final\net_shot\set1_rally8_ball14.0.mp4,net_shot,OK,1.0,1.0,data/pose_features_multi\Kento_MOMOTA_CHOU_Tien_Chen_KOREA_OPEN_2019_Final\net_shot\set1_rally8_ball14.0.npy
Kento_MOMOTA_CHOU_Tien_Chen_KOREA_OPEN_2019_Final,data/clips_cropped_multi\Kento_MOMOTA_CHOU_Tien_Chen_KOREA_OPEN_2019_Final\net_shot\set1_rally8_ball15.0.mp4,net_shot,OK,1.0,1.0,data/pose_features_multi\Kento_MOMOTA_CHOU_Tien_Chen_KOREA_OPEN_2019_Final\net_shot\set1_rally8_ball15.0.npy
Kento_MOMOTA_CHOU_Tien_Chen_KOREA_OPEN_2019_Final,data/clips_cropped_multi\Kento_MOMOTA_CHOU_Tien_Chen_KOREA_OPEN_2019_Final\net_shot\set2_rally11_ball4.mp4,net_shot,OK,1.0,1.0,data/pose_features_multi\Kento_MOMOTA_CHOU_Tien_Chen_KOREA_OPEN_2019_Final\net_shot\set2_rally11_ball4.npy
Kento_MOMOTA_CHOU_Tien_Chen_KOREA_OPEN_2019_Final,data/clips_cropped_multi\Kento_MOMOTA_CHOU_Tien_Chen_KOREA_OPEN_2019_Final\net_shot\set2_rally12_ball10.mp4,net_shot,OK,1.0,0.982,data/pose_features_multi\Kento_MOMOTA_CHOU_Tien_Chen_KOREA_OPEN_2019_Final\net_shot\set2_rally12_ball10.npy
Kento_MOMOTA_CHOU_Tien_Chen_KOREA_OPEN_2019_Final,data/clips_cropped_multi\Kento_MOMOTA_CHOU_Tien_Chen_KOREA_OPEN_2019_Final\net_shot\set2_rally12_ball9.mp4,net_shot,OK,1.0,1.0,data/pose_features_multi\Kento_MOMOTA_CHOU_Tien_Chen_KOREA_OPEN_2019_Final\net_shot\set2_rally12_ball9.npy
Kento_MOMOTA_CHOU_Tien_Chen_KOREA_OPEN_2019_Final,data/clips_cropped_multi\Kento_MOMOTA_CHOU_Tien_Chen_KOREA_OPEN_2019_Final\net_shot\set2_rally13_ball2.mp4,net_shot,OK,1.0,1.0,data/pose_features_multi\Kento_MOMOTA_CHOU_Tien_Chen_KOREA_OPEN_2019_Final\net_shot\set2_rally13_ball2.npy
Kento_MOMOTA_CHOU_Tien_Chen_KOREA_OPEN_2019_Final,data/clips_cropped_multi\Kento_MOMOTA_CHOU_Tien_Chen_KOREA_OPEN_2019_Final\net_shot\set2_rally14_ball10.mp4,net_shot,OK,1.0,1.0,data/pose_features_multi\Kento_MOMOTA_CHOU_Tien_Chen_KOREA_OPEN_2019_Final\net_shot\set2_rally14_ball10.npy
Kento_MOMOTA_CHOU_Tien_Chen_KOREA_OPEN_2019_Final,data/clips_cropped_multi\Kento_MOMOTA_CHOU_Tien_Chen_KOREA_OPEN_2019_Final\net_shot\set2_rally14_ball11.mp4,net_shot,OK,1.0,0.75,data/pose_features_multi\Kento_MOMOTA_CHOU_Tien_Chen_KOREA_OPEN_2019_Final\net_shot\set2_rally14_ball11.npy
Kento_MOMOTA_CHOU_Tien_Chen_KOREA_OPEN_2019_Final,data/clips_cropped_multi\Kento_MOMOTA_CHOU_Tien_Chen_KOREA_OPEN_2019_Final\net_shot\set2_rally14_ball16.mp4,net_shot,OK,1.0,1.0,data/pose_features_multi\Kento_MOMOTA_CHOU_Tien_Chen_KOREA_OPEN_2019_Final\net_shot\set2_rally14_ball16.npy
Kento_MOMOTA_CHOU_Tien_Chen_KOREA_OPEN_2019_Final,data/clips_cropped_multi\Kento_MOMOTA_CHOU_Tien_Chen_KOREA_OPEN_2019_Final\net_shot\set2_rally14_ball21.mp4,net_shot,OK,1.0,1.0,data/pose_features_multi\Kento_MOMOTA_CHOU_Tien_Chen_KOREA_OPEN_2019_Final\net_shot\set2_rally14_ball21.npy
Kento_MOMOTA_CHOU_Tien_Chen_KOREA_OPEN_2019_Final,data/clips_cropped_multi\Kento_MOMOTA_CHOU_Tien_Chen_KOREA_OPEN_2019_Final\net_shot\set2_rally14_ball25.mp4,net_shot,OK,0.75,0.214,data/pose_features_multi\Kento_MOMOTA_CHOU_Tien_Chen_KOREA_OPEN_2019_Final\net_shot\set2_rally14_ball25.npy
Kento_MOMOTA_CHOU_Tien_Chen_KOREA_OPEN_2019_Final,data/clips_cropped_multi\Kento_MOMOTA_CHOU_Tien_Chen_KOREA_OPEN_2019_Final\net_shot\set2_rally14_ball26.mp4,net_shot,POSE_INSUFFICIENT,0.661,0.75,data/pose_features_multi\Kento_MOMOTA_CHOU_Tien_Chen_KOREA_OPEN_2019_Final\net_shot\set2_rally14_ball26.npy
Kento_MOMOTA_CHOU_Tien_Chen_KOREA_OPEN_2019_Final,data/clips_cropped_multi\Kento_MOMOTA_CHOU_Tien_Chen_KOREA_OPEN_2019_Final\net_shot\set2_rally14_ball9.mp4,net_shot,OK,1.0,0.839,data/pose_features_multi\Kento_MOMOTA_CHOU_Tien_Chen_KOREA_OPEN_2019_Final\net_shot\set2_rally14_ball9.npy
Kento_MOMOTA_CHOU_Tien_Chen_KOREA_OPEN_2019_Final,data/clips_cropped_multi\Kento_MOMOTA_CHOU_Tien_Chen_KOREA_OPEN_2019_Final\net_shot\set2_rally15_ball2.mp4,net_shot,POSE_INSUFFICIENT,0.643,0.679,data/pose_features_multi\Kento_MOMOTA_CHOU_Tien_Chen_KOREA_OPEN_2019_Final\net_shot\set2_rally15_ball2.npy
Kento_MOMOTA_CHOU_Tien_Chen_KOREA_OPEN_2019_Final,data/clips_cropped_multi\Kento_MOMOTA_CHOU_Tien_Chen_KOREA_OPEN_2019_Final\net_shot\set2_rally15_ball7.mp4,net_shot,OK,1.0,1.0,data/pose_features_multi\Kento_MOMOTA_CHOU_Tien_Chen_KOREA_OPEN_2019_Final\net_shot\set2_rally15_ball7.npy
Kento_MOMOTA_CHOU_Tien_Chen_KOREA_OPEN_2019_Final,data/clips_cropped_multi\Kento_MOMOTA_CHOU_Tien_Chen_KOREA_OPEN_2019_Final\net_shot\set2_rally15_ball8.mp4,net_shot,OK,1.0,1.0,data/pose_features_multi\Kento_MOMOTA_CHOU_Tien_Chen_KOREA_OPEN_2019_Final\net_shot\set2_rally15_ball8.npy
Kento_MOMOTA_CHOU_Tien_Chen_KOREA_OPEN_2019_Final,data/clips_cropped_multi\Kento_MOMOTA_CHOU_Tien_Chen_KOREA_OPEN_2019_Final\net_shot\set2_rally17_ball10.mp4,net_shot,OK,1.0,0.911,data/pose_features_multi\Kento_MOMOTA_CHOU_Tien_Chen_KOREA_OPEN_2019_Final\net_shot\set2_rally17_ball10.npy
Kento_MOMOTA_CHOU_Tien_Chen_KOREA_OPEN_2019_Final,data/clips_cropped_multi\Kento_MOMOTA_CHOU_Tien_Chen_KOREA_OPEN_2019_Final\net_shot\set2_rally17_ball2.mp4,net_shot,OK,1.0,0.464,data/pose_features_multi\Kento_MOMOTA_CHOU_Tien_Chen_KOREA_OPEN_2019_Final\net_shot\set2_rally17_ball2.npy
Kento_MOMOTA_CHOU_Tien_Chen_KOREA_OPEN_2019_Final,data/clips_cropped_multi\Kento_MOMOTA_CHOU_Tien_Chen_KOREA_OPEN_2019_Final\net_shot\set2_rally18_ball2.mp4,net_shot,OK,0.821,0.821,data/pose_features_multi\Kento_MOMOTA_CHOU_Tien_Chen_KOREA_OPEN_2019_Final\net_shot\set2_rally18_ball2.npy
Kento_MOMOTA_CHOU_Tien_Chen_KOREA_OPEN_2019_Final,data/clips_cropped_multi\Kento_MOMOTA_CHOU_Tien_Chen_KOREA_OPEN_2019_Final\net_shot\set2_rally1_ball2.mp4,net_shot,OK,1.0,1.0,data/pose_features_multi\Kento_MOMOTA_CHOU_Tien_Chen_KOREA_OPEN_2019_Final\net_shot\set2_rally1_ball2.npy
Kento_MOMOTA_CHOU_Tien_Chen_KOREA_OPEN_2019_Final,data/clips_cropped_multi\Kento_MOMOTA_CHOU_Tien_Chen_KOREA_OPEN_2019_Final\net_shot\set2_rally21_ball6.mp4,net_shot,OK,1.0,1.0,data/pose_features_multi\Kento_MOMOTA_CHOU_Tien_Chen_KOREA_OPEN_2019_Final\net_shot\set2_rally21_ball6.npy
Kento_MOMOTA_CHOU_Tien_Chen_KOREA_OPEN_2019_Final,data/clips_cropped_multi\Kento_MOMOTA_CHOU_Tien_Chen_KOREA_OPEN_2019_Final\net_shot\set2_rally22_ball10.mp4,net_shot,OK,1.0,0.696,data/pose_features_multi\Kento_MOMOTA_CHOU_Tien_Chen_KOREA_OPEN_2019_Final\net_shot\set2_rally22_ball10.npy
Kento_MOMOTA_CHOU_Tien_Chen_KOREA_OPEN_2019_Final,data/clips_cropped_multi\Kento_MOMOTA_CHOU_Tien_Chen_KOREA_OPEN_2019_Final\net_shot\set2_rally22_ball13.mp4,net_shot,OK,1.0,1.0,data/pose_features_multi\Kento_MOMOTA_CHOU_Tien_Chen_KOREA_OPEN_2019_Final\net_shot\set2_rally22_ball13.npy
Kento_MOMOTA_CHOU_Tien_Chen_KOREA_OPEN_2019_Final,data/clips_cropped_multi\Kento_MOMOTA_CHOU_Tien_Chen_KOREA_OPEN_2019_Final\net_shot\set2_rally22_ball14.mp4,net_shot,OK,1.0,1.0,data/pose_features_multi\Kento_MOMOTA_CHOU_Tien_Chen_KOREA_OPEN_2019_Final\net_shot\set2_rally22_ball14.npy
Kento_MOMOTA_CHOU_Tien_Chen_KOREA_OPEN_2019_Final,data/clips_cropped_multi\Kento_MOMOTA_CHOU_Tien_Chen_KOREA_OPEN_2019_Final\net_shot\set2_rally22_ball19.mp4,net_shot,OK,1.0,1.0,data/pose_features_multi\Kento_MOMOTA_CHOU_Tien_Chen_KOREA_OPEN_2019_Final\net_shot\set2_rally22_ball19.npy
Kento_MOMOTA_CHOU_Tien_Chen_KOREA_OPEN_2019_Final,data/clips_cropped_multi\Kento_MOMOTA_CHOU_Tien_Chen_KOREA_OPEN_2019_Final\net_shot\set2_rally23_ball2.mp4,net_shot,OK,1.0,0.036,data/pose_features_multi\Kento_MOMOTA_CHOU_Tien_Chen_KOREA_OPEN_2019_Final\net_shot\set2_rally23_ball2.npy
Kento_MOMOTA_CHOU_Tien_Chen_KOREA_OPEN_2019_Final,data/clips_cropped_multi\Kento_MOMOTA_CHOU_Tien_Chen_KOREA_OPEN_2019_Final\net_shot\set2_rally23_ball5.mp4,net_shot,OK,1.0,1.0,data/pose_features_multi\Kento_MOMOTA_CHOU_Tien_Chen_KOREA_OPEN_2019_Final\net_shot\set2_rally23_ball5.npy
Kento_MOMOTA_CHOU_Tien_Chen_KOREA_OPEN_2019_Final,data/clips_cropped_multi\Kento_MOMOTA_CHOU_Tien_Chen_KOREA_OPEN_2019_Final\net_shot\set2_rally23_ball6.mp4,net_shot,OK,1.0,0.679,data/pose_features_multi\Kento_MOMOTA_CHOU_Tien_Chen_KOREA_OPEN_2019_Final\net_shot\set2_rally23_ball6.npy
Kento_MOMOTA_CHOU_Tien_Chen_KOREA_OPEN_2019_Final,data/clips_cropped_multi\Kento_MOMOTA_CHOU_Tien_Chen_KOREA_OPEN_2019_Final\net_shot\set2_rally23_ball7.mp4,net_shot,OK,1.0,1.0,data/pose_features_multi\Kento_MOMOTA_CHOU_Tien_Chen_KOREA_OPEN_2019_Final\net_shot\set2_rally23_ball7.npy
Kento_MOMOTA_CHOU_Tien_Chen_KOREA_OPEN_2019_Final,data/clips_cropped_multi\Kento_MOMOTA_CHOU_Tien_Chen_KOREA_OPEN_2019_Final\net_shot\set2_rally24_ball2.mp4,net_shot,OK,1.0,0.821,data/pose_features_multi\Kento_MOMOTA_CHOU_Tien_Chen_KOREA_OPEN_2019_Final\net_shot\set2_rally24_ball2.npy
Kento_MOMOTA_CHOU_Tien_Chen_KOREA_OPEN_2019_Final,data/clips_cropped_multi\Kento_MOMOTA_CHOU_Tien_Chen_KOREA_OPEN_2019_Final\net_shot\set2_rally24_ball3.mp4,net_shot,OK,1.0,1.0,data/pose_features_multi\Kento_MOMOTA_CHOU_Tien_Chen_KOREA_OPEN_2019_Final\net_shot\set2_rally24_ball3.npy
Kento_MOMOTA_CHOU_Tien_Chen_KOREA_OPEN_2019_Final,data/clips_cropped_multi\Kento_MOMOTA_CHOU_Tien_Chen_KOREA_OPEN_2019_Final\net_shot\set2_rally25_ball9.mp4,net_shot,OK,1.0,1.0,data/pose_features_multi\Kento_MOMOTA_CHOU_Tien_Chen_KOREA_OPEN_2019_Final\net_shot\set2_rally25_ball9.npy
Kento_MOMOTA_CHOU_Tien_Chen_KOREA_OPEN_2019_Final,data/clips_cropped_multi\Kento_MOMOTA_CHOU_Tien_Chen_KOREA_OPEN_2019_Final\net_shot\set2_rally26_ball4.mp4,net_shot,OK,1.0,1.0,data/pose_features_multi\Kento_MOMOTA_CHOU_Tien_Chen_KOREA_OPEN_2019_Final\net_shot\set2_rally26_ball4.npy
Kento_MOMOTA_CHOU_Tien_Chen_KOREA_OPEN_2019_Final,data/clips_cropped_multi\Kento_MOMOTA_CHOU_Tien_Chen_KOREA_OPEN_2019_Final\net_shot\set2_rally26_ball7.mp4,net_shot,OK,1.0,1.0,data/pose_features_multi\Kento_MOMOTA_CHOU_Tien_Chen_KOREA_OPEN_2019_Final\net_shot\set2_rally26_ball7.npy
Kento_MOMOTA_CHOU_Tien_Chen_KOREA_OPEN_2019_Final,data/clips_cropped_multi\Kento_MOMOTA_CHOU_Tien_Chen_KOREA_OPEN_2019_Final\net_shot\set2_rally28_ball14.mp4,net_shot,OK,0.964,0.964,data/pose_features_multi\Kento_MOMOTA_CHOU_Tien_Chen_KOREA_OPEN_2019_Final\net_shot\set2_rally28_ball14.npy
Kento_MOMOTA_CHOU_Tien_Chen_KOREA_OPEN_2019_Final,data/clips_cropped_multi\Kento_MOMOTA_CHOU_Tien_Chen_KOREA_OPEN_2019_Final\net_shot\set2_rally28_ball5.mp4,net_shot,OK,1.0,0.911,data/pose_features_multi\Kento_MOMOTA_CHOU_Tien_Chen_KOREA_OPEN_2019_Final\net_shot\set2_rally28_ball5.npy
Kento_MOMOTA_CHOU_Tien_Chen_KOREA_OPEN_2019_Final,data/clips_cropped_multi\Kento_MOMOTA_CHOU_Tien_Chen_KOREA_OPEN_2019_Final\net_shot\set2_rally28_ball9.mp4,net_shot,OK,1.0,1.0,data/pose_features_multi\Kento_MOMOTA_CHOU_Tien_Chen_KOREA_OPEN_2019_Final\net_shot\set2_rally28_ball9.npy
Kento_MOMOTA_CHOU_Tien_Chen_KOREA_OPEN_2019_Final,data/clips_cropped_multi\Kento_MOMOTA_CHOU_Tien_Chen_KOREA_OPEN_2019_Final\net_shot\set2_rally29_ball2.mp4,net_shot,POSE_INSUFFICIENT,0.482,0.304,data/pose_features_multi\Kento_MOMOTA_CHOU_Tien_Chen_KOREA_OPEN_2019_Final\net_shot\set2_rally29_ball2.npy
Kento_MOMOTA_CHOU_Tien_Chen_KOREA_OPEN_2019_Final,data/clips_cropped_multi\Kento_MOMOTA_CHOU_Tien_Chen_KOREA_OPEN_2019_Final\net_shot\set2_rally29_ball3.mp4,net_shot,OK,1.0,1.0,data/pose_features_multi\Kento_MOMOTA_CHOU_Tien_Chen_KOREA_OPEN_2019_Final\net_shot\set2_rally29_ball3.npy
Kento_MOMOTA_CHOU_Tien_Chen_KOREA_OPEN_2019_Final,data/clips_cropped_multi\Kento_MOMOTA_CHOU_Tien_Chen_KOREA_OPEN_2019_Final\net_shot\set2_rally29_ball7.mp4,net_shot,OK,1.0,1.0,data/pose_features_multi\Kento_MOMOTA_CHOU_Tien_Chen_KOREA_OPEN_2019_Final\net_shot\set2_rally29_ball7.npy
Kento_MOMOTA_CHOU_Tien_Chen_KOREA_OPEN_2019_Final,data/clips_cropped_multi\Kento_MOMOTA_CHOU_Tien_Chen_KOREA_OPEN_2019_Final\net_shot\set2_rally30_ball12.mp4,net_shot,OK,1.0,0.893,data/pose_features_multi\Kento_MOMOTA_CHOU_Tien_Chen_KOREA_OPEN_2019_Final\net_shot\set2_rally30_ball12.npy
Kento_MOMOTA_CHOU_Tien_Chen_KOREA_OPEN_2019_Final,data/clips_cropped_multi\Kento_MOMOTA_CHOU_Tien_Chen_KOREA_OPEN_2019_Final\net_shot\set2_rally30_ball5.mp4,net_shot,OK,1.0,1.0,data/pose_features_multi\Kento_MOMOTA_CHOU_Tien_Chen_KOREA_OPEN_2019_Final\net_shot\set2_rally30_ball5.npy
Kento_MOMOTA_CHOU_Tien_Chen_KOREA_OPEN_2019_Final,data/clips_cropped_multi\Kento_MOMOTA_CHOU_Tien_Chen_KOREA_OPEN_2019_Final\net_shot\set2_rally30_ball6.mp4,net_shot,OK,1.0,0.5,data/pose_features_multi\Kento_MOMOTA_CHOU_Tien_Chen_KOREA_OPEN_2019_Final\net_shot\set2_rally30_ball6.npy
Kento_MOMOTA_CHOU_Tien_Chen_KOREA_OPEN_2019_Final,data/clips_cropped_multi\Kento_MOMOTA_CHOU_Tien_Chen_KOREA_OPEN_2019_Final\net_shot\set2_rally30_ball7.mp4,net_shot,OK,1.0,1.0,data/pose_features_multi\Kento_MOMOTA_CHOU_Tien_Chen_KOREA_OPEN_2019_Final\net_shot\set2_rally30_ball7.npy
Kento_MOMOTA_CHOU_Tien_Chen_KOREA_OPEN_2019_Final,data/clips_cropped_multi\Kento_MOMOTA_CHOU_Tien_Chen_KOREA_OPEN_2019_Final\net_shot\set2_rally31_ball6.mp4,net_shot,OK,1.0,1.0,data/pose_features_multi\Kento_MOMOTA_CHOU_Tien_Chen_KOREA_OPEN_2019_Final\net_shot\set2_rally31_ball6.npy
Kento_MOMOTA_CHOU_Tien_Chen_KOREA_OPEN_2019_Final,data/clips_cropped_multi\Kento_MOMOTA_CHOU_Tien_Chen_KOREA_OPEN_2019_Final\net_shot\set2_rally31_ball7.mp4,net_shot,OK,1.0,0.964,data/pose_features_multi\Kento_MOMOTA_CHOU_Tien_Chen_KOREA_OPEN_2019_Final\net_shot\set2_rally31_ball7.npy
Kento_MOMOTA_CHOU_Tien_Chen_KOREA_OPEN_2019_Final,data/clips_cropped_multi\Kento_MOMOTA_CHOU_Tien_Chen_KOREA_OPEN_2019_Final\net_shot\set2_rally31_ball8.mp4,net_shot,OK,1.0,1.0,data/pose_features_multi\Kento_MOMOTA_CHOU_Tien_Chen_KOREA_OPEN_2019_Final\net_shot\set2_rally31_ball8.npy
Kento_MOMOTA_CHOU_Tien_Chen_KOREA_OPEN_2019_Final,data/clips_cropped_multi\Kento_MOMOTA_CHOU_Tien_Chen_KOREA_OPEN_2019_Final\net_shot\set2_rally31_ball9.mp4,net_shot,OK,1.0,0.982,data/pose_features_multi\Kento_MOMOTA_CHOU_Tien_Chen_KOREA_OPEN_2019_Final\net_shot\set2_rally31_ball9.npy
Kento_MOMOTA_CHOU_Tien_Chen_KOREA_OPEN_2019_Final,data/clips_cropped_multi\Kento_MOMOTA_CHOU_Tien_Chen_KOREA_OPEN_2019_Final\net_shot\set2_rally33_ball4.mp4,net_shot,OK,1.0,1.0,data/pose_features_multi\Kento_MOMOTA_CHOU_Tien_Chen_KOREA_OPEN_2019_Final\net_shot\set2_rally33_ball4.npy
Kento_MOMOTA_CHOU_Tien_Chen_KOREA_OPEN_2019_Final,data/clips_cropped_multi\Kento_MOMOTA_CHOU_Tien_Chen_KOREA_OPEN_2019_Final\net_shot\set2_rally33_ball8.mp4,net_shot,OK,0.929,0.929,data/pose_features_multi\Kento_MOMOTA_CHOU_Tien_Chen_KOREA_OPEN_2019_Final\net_shot\set2_rally33_ball8.npy
Kento_MOMOTA_CHOU_Tien_Chen_KOREA_OPEN_2019_Final,data/clips_cropped_multi\Kento_MOMOTA_CHOU_Tien_Chen_KOREA_OPEN_2019_Final\net_shot\set2_rally33_ball9.mp4,net_shot,OK,1.0,1.0,data/pose_features_multi\Kento_MOMOTA_CHOU_Tien_Chen_KOREA_OPEN_2019_Final\net_shot\set2_rally33_ball9.npy
Kento_MOMOTA_CHOU_Tien_Chen_KOREA_OPEN_2019_Final,data/clips_cropped_multi\Kento_MOMOTA_CHOU_Tien_Chen_KOREA_OPEN_2019_Final\net_shot\set2_rally34_ball10.mp4,net_shot,OK,1.0,1.0,data/pose_features_multi\Kento_MOMOTA_CHOU_Tien_Chen_KOREA_OPEN_2019_Final\net_shot\set2_rally34_ball10.npy
Kento_MOMOTA_CHOU_Tien_Chen_KOREA_OPEN_2019_Final,data/clips_cropped_multi\Kento_MOMOTA_CHOU_Tien_Chen_KOREA_OPEN_2019_Final\net_shot\set2_rally34_ball2.mp4,net_shot,OK,1.0,0.196,data/pose_features_multi\Kento_MOMOTA_CHOU_Tien_Chen_KOREA_OPEN_2019_Final\net_shot\set2_rally34_ball2.npy
Kento_MOMOTA_CHOU_Tien_Chen_KOREA_OPEN_2019_Final,data/clips_cropped_multi\Kento_MOMOTA_CHOU_Tien_Chen_KOREA_OPEN_2019_Final\net_shot\set2_rally34_ball3.mp4,net_shot,OK,1.0,1.0,data/pose_features_multi\Kento_MOMOTA_CHOU_Tien_Chen_KOREA_OPEN_2019_Final\net_shot\set2_rally34_ball3.npy
Kento_MOMOTA_CHOU_Tien_Chen_KOREA_OPEN_2019_Final,data/clips_cropped_multi\Kento_MOMOTA_CHOU_Tien_Chen_KOREA_OPEN_2019_Final\net_shot\set2_rally34_ball4.mp4,net_shot,OK,1.0,1.0,data/pose_features_multi\Kento_MOMOTA_CHOU_Tien_Chen_KOREA_OPEN_2019_Final\net_shot\set2_rally34_ball4.npy
Kento_MOMOTA_CHOU_Tien_Chen_KOREA_OPEN_2019_Final,data/clips_cropped_multi\Kento_MOMOTA_CHOU_Tien_Chen_KOREA_OPEN_2019_Final\net_shot\set2_rally34_ball8.mp4,net_shot,OK,1.0,0.607,data/pose_features_multi\Kento_MOMOTA_CHOU_Tien_Chen_KOREA_OPEN_2019_Final\net_shot\set2_rally34_ball8.npy
Kento_MOMOTA_CHOU_Tien_Chen_KOREA_OPEN_2019_Final,data/clips_cropped_multi\Kento_MOMOTA_CHOU_Tien_Chen_KOREA_OPEN_2019_Final\net_shot\set2_rally34_ball9.mp4,net_shot,OK,1.0,1.0,data/pose_features_multi\Kento_MOMOTA_CHOU_Tien_Chen_KOREA_OPEN_2019_Final\net_shot\set2_rally34_ball9.npy
Kento_MOMOTA_CHOU_Tien_Chen_KOREA_OPEN_2019_Final,data/clips_cropped_multi\Kento_MOMOTA_CHOU_Tien_Chen_KOREA_OPEN_2019_Final\net_shot\set2_rally35_ball2.mp4,net_shot,OK,1.0,1.0,data/pose_features_multi\Kento_MOMOTA_CHOU_Tien_Chen_KOREA_OPEN_2019_Final\net_shot\set2_rally35_ball2.npy
Kento_MOMOTA_CHOU_Tien_Chen_KOREA_OPEN_2019_Final,data/clips_cropped_multi\Kento_MOMOTA_CHOU_Tien_Chen_KOREA_OPEN_2019_Final\net_shot\set2_rally35_ball5.mp4,net_shot,OK,1.0,0.768,data/pose_features_multi\Kento_MOMOTA_CHOU_Tien_Chen_KOREA_OPEN_2019_Final\net_shot\set2_rally35_ball5.npy
Kento_MOMOTA_CHOU_Tien_Chen_KOREA_OPEN_2019_Final,data/clips_cropped_multi\Kento_MOMOTA_CHOU_Tien_Chen_KOREA_OPEN_2019_Final\net_shot\set2_rally35_ball6.mp4,net_shot,OK,1.0,1.0,data/pose_features_multi\Kento_MOMOTA_CHOU_Tien_Chen_KOREA_OPEN_2019_Final\net_shot\set2_rally35_ball6.npy
Kento_MOMOTA_CHOU_Tien_Chen_KOREA_OPEN_2019_Final,data/clips_cropped_multi\Kento_MOMOTA_CHOU_Tien_Chen_KOREA_OPEN_2019_Final\net_shot\set2_rally36_ball5.mp4,net_shot,OK,1.0,0.732,data/pose_features_multi\Kento_MOMOTA_CHOU_Tien_Chen_KOREA_OPEN_2019_Final\net_shot\set2_rally36_ball5.npy
Kento_MOMOTA_CHOU_Tien_Chen_KOREA_OPEN_2019_Final,data/clips_cropped_multi\Kento_MOMOTA_CHOU_Tien_Chen_KOREA_OPEN_2019_Final\net_shot\set2_rally36_ball6.mp4,net_shot,OK,1.0,1.0,data/pose_features_multi\Kento_MOMOTA_CHOU_Tien_Chen_KOREA_OPEN_2019_Final\net_shot\set2_rally36_ball6.npy
Kento_MOMOTA_CHOU_Tien_Chen_KOREA_OPEN_2019_Final,data/clips_cropped_multi\Kento_MOMOTA_CHOU_Tien_Chen_KOREA_OPEN_2019_Final\net_shot\set2_rally37_ball1.mp4,net_shot,OK,0.857,0.446,data/pose_features_multi\Kento_MOMOTA_CHOU_Tien_Chen_KOREA_OPEN_2019_Final\net_shot\set2_rally37_ball1.npy
Kento_MOMOTA_CHOU_Tien_Chen_KOREA_OPEN_2019_Final,data/clips_cropped_multi\Kento_MOMOTA_CHOU_Tien_Chen_KOREA_OPEN_2019_Final\net_shot\set2_rally37_ball13.mp4,net_shot,OK,1.0,1.0,data/pose_features_multi\Kento_MOMOTA_CHOU_Tien_Chen_KOREA_OPEN_2019_Final\net_shot\set2_rally37_ball13.npy
Kento_MOMOTA_CHOU_Tien_Chen_KOREA_OPEN_2019_Final,data/clips_cropped_multi\Kento_MOMOTA_CHOU_Tien_Chen_KOREA_OPEN_2019_Final\net_shot\set2_rally37_ball14.mp4,net_shot,OK,0.964,0.786,data/pose_features_multi\Kento_MOMOTA_CHOU_Tien_Chen_KOREA_OPEN_2019_Final\net_shot\set2_rally37_ball14.npy
Kento_MOMOTA_CHOU_Tien_Chen_KOREA_OPEN_2019_Final,data/clips_cropped_multi\Kento_MOMOTA_CHOU_Tien_Chen_KOREA_OPEN_2019_Final\net_shot\set2_rally37_ball17.mp4,net_shot,OK,1.0,0.929,data/pose_features_multi\Kento_MOMOTA_CHOU_Tien_Chen_KOREA_OPEN_2019_Final\net_shot\set2_rally37_ball17.npy
Kento_MOMOTA_CHOU_Tien_Chen_KOREA_OPEN_2019_Final,data/clips_cropped_multi\Kento_MOMOTA_CHOU_Tien_Chen_KOREA_OPEN_2019_Final\net_shot\set2_rally37_ball18.mp4,net_shot,OK,1.0,1.0,data/pose_features_multi\Kento_MOMOTA_CHOU_Tien_Chen_KOREA_OPEN_2019_Final\net_shot\set2_rally37_ball18.npy
Kento_MOMOTA_CHOU_Tien_Chen_KOREA_OPEN_2019_Final,data/clips_cropped_multi\Kento_MOMOTA_CHOU_Tien_Chen_KOREA_OPEN_2019_Final\net_shot\set2_rally37_ball19.mp4,net_shot,OK,1.0,1.0,data/pose_features_multi\Kento_MOMOTA_CHOU_Tien_Chen_KOREA_OPEN_2019_Final\net_shot\set2_rally37_ball19.npy
Kento_MOMOTA_CHOU_Tien_Chen_KOREA_OPEN_2019_Final,data/clips_cropped_multi\Kento_MOMOTA_CHOU_Tien_Chen_KOREA_OPEN_2019_Final\net_shot\set2_rally37_ball20.mp4,net_shot,OK,1.0,1.0,data/pose_features_multi\Kento_MOMOTA_CHOU_Tien_Chen_KOREA_OPEN_2019_Final\net_shot\set2_rally37_ball20.npy
Kento_MOMOTA_CHOU_Tien_Chen_KOREA_OPEN_2019_Final,data/clips_cropped_multi\Kento_MOMOTA_CHOU_Tien_Chen_KOREA_OPEN_2019_Final\net_shot\set2_rally37_ball5.mp4,net_shot,OK,1.0,0.929,data/pose_features_multi\Kento_MOMOTA_CHOU_Tien_Chen_KOREA_OPEN_2019_Final\net_shot\set2_rally37_ball5.npy
Kento_MOMOTA_CHOU_Tien_Chen_KOREA_OPEN_2019_Final,data/clips_cropped_multi\Kento_MOMOTA_CHOU_Tien_Chen_KOREA_OPEN_2019_Final\net_shot\set2_rally37_ball6.mp4,net_shot,OK,1.0,1.0,data/pose_features_multi\Kento_MOMOTA_CHOU_Tien_Chen_KOREA_OPEN_2019_Final\net_shot\set2_rally37_ball6.npy
Kento_MOMOTA_CHOU_Tien_Chen_KOREA_OPEN_2019_Final,data/clips_cropped_multi\Kento_MOMOTA_CHOU_Tien_Chen_KOREA_OPEN_2019_Final\net_shot\set2_rally37_ball9.mp4,net_shot,OK,1.0,1.0,data/pose_features_multi\Kento_MOMOTA_CHOU_Tien_Chen_KOREA_OPEN_2019_Final\net_shot\set2_rally37_ball9.npy
Kento_MOMOTA_CHOU_Tien_Chen_KOREA_OPEN_2019_Final,data/clips_cropped_multi\Kento_MOMOTA_CHOU_Tien_Chen_KOREA_OPEN_2019_Final\net_shot\set2_rally38_ball1.mp4,net_shot,OK,0.75,0.75,data/pose_features_multi\Kento_MOMOTA_CHOU_Tien_Chen_KOREA_OPEN_2019_Final\net_shot\set2_rally38_ball1.npy
Kento_MOMOTA_CHOU_Tien_Chen_KOREA_OPEN_2019_Final,data/clips_cropped_multi\Kento_MOMOTA_CHOU_Tien_Chen_KOREA_OPEN_2019_Final\net_shot\set2_rally38_ball2.mp4,net_shot,OK,0.946,0.946,data/pose_features_multi\Kento_MOMOTA_CHOU_Tien_Chen_KOREA_OPEN_2019_Final\net_shot\set2_rally38_ball2.npy
Kento_MOMOTA_CHOU_Tien_Chen_KOREA_OPEN_2019_Final,data/clips_cropped_multi\Kento_MOMOTA_CHOU_Tien_Chen_KOREA_OPEN_2019_Final\net_shot\set2_rally3_ball11.mp4,net_shot,OK,1.0,1.0,data/pose_features_multi\Kento_MOMOTA_CHOU_Tien_Chen_KOREA_OPEN_2019_Final\net_shot\set2_rally3_ball11.npy
Kento_MOMOTA_CHOU_Tien_Chen_KOREA_OPEN_2019_Final,data/clips_cropped_multi\Kento_MOMOTA_CHOU_Tien_Chen_KOREA_OPEN_2019_Final\net_shot\set2_rally3_ball15.mp4,net_shot,OK,1.0,1.0,data/pose_features_multi\Kento_MOMOTA_CHOU_Tien_Chen_KOREA_OPEN_2019_Final\net_shot\set2_rally3_ball15.npy
Kento_MOMOTA_CHOU_Tien_Chen_KOREA_OPEN_2019_Final,data/clips_cropped_multi\Kento_MOMOTA_CHOU_Tien_Chen_KOREA_OPEN_2019_Final\net_shot\set2_rally3_ball4.mp4,net_shot,OK,1.0,0.714,data/pose_features_multi\Kento_MOMOTA_CHOU_Tien_Chen_KOREA_OPEN_2019_Final\net_shot\set2_rally3_ball4.npy
Kento_MOMOTA_CHOU_Tien_Chen_KOREA_OPEN_2019_Final,data/clips_cropped_multi\Kento_MOMOTA_CHOU_Tien_Chen_KOREA_OPEN_2019_Final\net_shot\set2_rally4_ball2.mp4,net_shot,OK,1.0,0.268,data/pose_features_multi\Kento_MOMOTA_CHOU_Tien_Chen_KOREA_OPEN_2019_Final\net_shot\set2_rally4_ball2.npy
Kento_MOMOTA_CHOU_Tien_Chen_KOREA_OPEN_2019_Final,data/clips_cropped_multi\Kento_MOMOTA_CHOU_Tien_Chen_KOREA_OPEN_2019_Final\net_shot\set2_rally4_ball9.mp4,net_shot,OK,1.0,1.0,data/pose_features_multi\Kento_MOMOTA_CHOU_Tien_Chen_KOREA_OPEN_2019_Final\net_shot\set2_rally4_ball9.npy
Kento_MOMOTA_CHOU_Tien_Chen_KOREA_OPEN_2019_Final,data/clips_cropped_multi\Kento_MOMOTA_CHOU_Tien_Chen_KOREA_OPEN_2019_Final\net_shot\set2_rally5_ball5.mp4,net_shot,OK,1.0,0.821,data/pose_features_multi\Kento_MOMOTA_CHOU_Tien_Chen_KOREA_OPEN_2019_Final\net_shot\set2_rally5_ball5.npy
Kento_MOMOTA_CHOU_Tien_Chen_KOREA_OPEN_2019_Final,data/clips_cropped_multi\Kento_MOMOTA_CHOU_Tien_Chen_KOREA_OPEN_2019_Final\net_shot\set2_rally5_ball8.mp4,net_shot,OK,1.0,1.0,data/pose_features_multi\Kento_MOMOTA_CHOU_Tien_Chen_KOREA_OPEN_2019_Final\net_shot\set2_rally5_ball8.npy
Kento_MOMOTA_CHOU_Tien_Chen_KOREA_OPEN_2019_Final,data/clips_cropped_multi\Kento_MOMOTA_CHOU_Tien_Chen_KOREA_OPEN_2019_Final\net_shot\set2_rally5_ball9.mp4,net_shot,OK,1.0,0.714,data/pose_features_multi\Kento_MOMOTA_CHOU_Tien_Chen_KOREA_OPEN_2019_Final\net_shot\set2_rally5_ball9.npy
Kento_MOMOTA_CHOU_Tien_Chen_KOREA_OPEN_2019_Final,data/clips_cropped_multi\Kento_MOMOTA_CHOU_Tien_Chen_KOREA_OPEN_2019_Final\net_shot\set2_rally6_ball4.mp4,net_shot,OK,1.0,1.0,data/pose_features_multi\Kento_MOMOTA_CHOU_Tien_Chen_KOREA_OPEN_2019_Final\net_shot\set2_rally6_ball4.npy
Kento_MOMOTA_CHOU_Tien_Chen_KOREA_OPEN_2019_Final,data/clips_cropped_multi\Kento_MOMOTA_CHOU_Tien_Chen_KOREA_OPEN_2019_Final\net_shot\set2_rally8_ball18.mp4,net_shot,OK,1.0,1.0,data/pose_features_multi\Kento_MOMOTA_CHOU_Tien_Chen_KOREA_OPEN_2019_Final\net_shot\set2_rally8_ball18.npy
Kento_MOMOTA_CHOU_Tien_Chen_KOREA_OPEN_2019_Final,data/clips_cropped_multi\Kento_MOMOTA_CHOU_Tien_Chen_KOREA_OPEN_2019_Final\net_shot\set2_rally8_ball4.mp4,net_shot,OK,1.0,1.0,data/pose_features_multi\Kento_MOMOTA_CHOU_Tien_Chen_KOREA_OPEN_2019_Final\net_shot\set2_rally8_ball4.npy
Kento_MOMOTA_CHOU_Tien_Chen_KOREA_OPEN_2019_Final,data/clips_cropped_multi\Kento_MOMOTA_CHOU_Tien_Chen_KOREA_OPEN_2019_Final\net_shot\set2_rally8_ball8.mp4,net_shot,OK,1.0,1.0,data/pose_features_multi\Kento_MOMOTA_CHOU_Tien_Chen_KOREA_OPEN_2019_Final\net_shot\set2_rally8_ball8.npy
Kento_MOMOTA_CHOU_Tien_Chen_KOREA_OPEN_2019_Final,data/clips_cropped_multi\Kento_MOMOTA_CHOU_Tien_Chen_KOREA_OPEN_2019_Final\short_service\set1_rally10_ball1.0.mp4,short_service,OK,1.0,1.0,data/pose_features_multi\Kento_MOMOTA_CHOU_Tien_Chen_KOREA_OPEN_2019_Final\short_service\set1_rally10_ball1.0.npy
Kento_MOMOTA_CHOU_Tien_Chen_KOREA_OPEN_2019_Final,data/clips_cropped_multi\Kento_MOMOTA_CHOU_Tien_Chen_KOREA_OPEN_2019_Final\short_service\set1_rally11_ball1.0.mp4,short_service,OK,0.893,0.893,data/pose_features_multi\Kento_MOMOTA_CHOU_Tien_Chen_KOREA_OPEN_2019_Final\short_service\set1_rally11_ball1.0.npy
Kento_MOMOTA_CHOU_Tien_Chen_KOREA_OPEN_2019_Final,data/clips_cropped_multi\Kento_MOMOTA_CHOU_Tien_Chen_KOREA_OPEN_2019_Final\short_service\set1_rally12_ball1.0.mp4,short_service,OK,1.0,1.0,data/pose_features_multi\Kento_MOMOTA_CHOU_Tien_Chen_KOREA_OPEN_2019_Final\short_service\set1_rally12_ball1.0.npy
Kento_MOMOTA_CHOU_Tien_Chen_KOREA_OPEN_2019_Final,data/clips_cropped_multi\Kento_MOMOTA_CHOU_Tien_Chen_KOREA_OPEN_2019_Final\short_service\set1_rally14_ball1.0.mp4,short_service,OK,1.0,1.0,data/pose_features_multi\Kento_MOMOTA_CHOU_Tien_Chen_KOREA_OPEN_2019_Final\short_service\set1_rally14_ball1.0.npy
Kento_MOMOTA_CHOU_Tien_Chen_KOREA_OPEN_2019_Final,data/clips_cropped_multi\Kento_MOMOTA_CHOU_Tien_Chen_KOREA_OPEN_2019_Final\short_service\set1_rally15_ball1.0.mp4,short_service,OK,1.0,1.0,data/pose_features_multi\Kento_MOMOTA_CHOU_Tien_Chen_KOREA_OPEN_2019_Final\short_service\set1_rally15_ball1.0.npy
Kento_MOMOTA_CHOU_Tien_Chen_KOREA_OPEN_2019_Final,data/clips_cropped_multi\Kento_MOMOTA_CHOU_Tien_Chen_KOREA_OPEN_2019_Final\short_service\set1_rally16_ball1.0.mp4,short_service,OK,1.0,1.0,data/pose_features_multi\Kento_MOMOTA_CHOU_Tien_Chen_KOREA_OPEN_2019_Final\short_service\set1_rally16_ball1.0.npy
Kento_MOMOTA_CHOU_Tien_Chen_KOREA_OPEN_2019_Final,data/clips_cropped_multi\Kento_MOMOTA_CHOU_Tien_Chen_KOREA_OPEN_2019_Final\short_service\set1_rally17_ball1.0.mp4,short_service,OK,0.714,0.714,data/pose_features_multi\Kento_MOMOTA_CHOU_Tien_Chen_KOREA_OPEN_2019_Final\short_service\set1_rally17_ball1.0.npy
Kento_MOMOTA_CHOU_Tien_Chen_KOREA_OPEN_2019_Final,data/clips_cropped_multi\Kento_MOMOTA_CHOU_Tien_Chen_KOREA_OPEN_2019_Final\short_service\set1_rally19_ball1.0.mp4,short_service,OK,1.0,0.25,data/pose_features_multi\Kento_MOMOTA_CHOU_Tien_Chen_KOREA_OPEN_2019_Final\short_service\set1_rally19_ball1.0.npy
Kento_MOMOTA_CHOU_Tien_Chen_KOREA_OPEN_2019_Final,data/clips_cropped_multi\Kento_MOMOTA_CHOU_Tien_Chen_KOREA_OPEN_2019_Final\short_service\set1_rally1_ball1.0.mp4,short_service,OK,1.0,1.0,data/pose_features_multi\Kento_MOMOTA_CHOU_Tien_Chen_KOREA_OPEN_2019_Final\short_service\set1_rally1_ball1.0.npy
Kento_MOMOTA_CHOU_Tien_Chen_KOREA_OPEN_2019_Final,data/clips_cropped_multi\Kento_MOMOTA_CHOU_Tien_Chen_KOREA_OPEN_2019_Final\short_service\set1_rally21_ball1.0.mp4,short_service,OK,1.0,0.179,data/pose_features_multi\Kento_MOMOTA_CHOU_Tien_Chen_KOREA_OPEN_2019_Final\short_service\set1_rally21_ball1.0.npy
Kento_MOMOTA_CHOU_Tien_Chen_KOREA_OPEN_2019_Final,data/clips_cropped_multi\Kento_MOMOTA_CHOU_Tien_Chen_KOREA_OPEN_2019_Final\short_service\set1_rally22_ball1.0.mp4,short_service,OK,1.0,1.0,data/pose_features_multi\Kento_MOMOTA_CHOU_Tien_Chen_KOREA_OPEN_2019_Final\short_service\set1_rally22_ball1.0.npy
Kento_MOMOTA_CHOU_Tien_Chen_KOREA_OPEN_2019_Final,data/clips_cropped_multi\Kento_MOMOTA_CHOU_Tien_Chen_KOREA_OPEN_2019_Final\short_service\set1_rally23_ball1.0.mp4,short_service,OK,1.0,1.0,data/pose_features_multi\Kento_MOMOTA_CHOU_Tien_Chen_KOREA_OPEN_2019_Final\short_service\set1_rally23_ball1.0.npy
Kento_MOMOTA_CHOU_Tien_Chen_KOREA_OPEN_2019_Final,data/clips_cropped_multi\Kento_MOMOTA_CHOU_Tien_Chen_KOREA_OPEN_2019_Final\short_service\set1_rally24_ball1.0.mp4,short_service,OK,1.0,1.0,data/pose_features_multi\Kento_MOMOTA_CHOU_Tien_Chen_KOREA_OPEN_2019_Final\short_service\set1_rally24_ball1.0.npy
Kento_MOMOTA_CHOU_Tien_Chen_KOREA_OPEN_2019_Final,data/clips_cropped_multi\Kento_MOMOTA_CHOU_Tien_Chen_KOREA_OPEN_2019_Final\short_service\set1_rally25_ball1.0.mp4,short_service,OK,1.0,1.0,data/pose_features_multi\Kento_MOMOTA_CHOU_Tien_Chen_KOREA_OPEN_2019_Final\short_service\set1_rally25_ball1.0.npy
Kento_MOMOTA_CHOU_Tien_Chen_KOREA_OPEN_2019_Final,data/clips_cropped_multi\Kento_MOMOTA_CHOU_Tien_Chen_KOREA_OPEN_2019_Final\short_service\set1_rally26_ball1.0.mp4,short_service,POSE_INSUFFICIENT,0.643,0.214,data/pose_features_multi\Kento_MOMOTA_CHOU_Tien_Chen_KOREA_OPEN_2019_Final\short_service\set1_rally26_ball1.0.npy
Kento_MOMOTA_CHOU_Tien_Chen_KOREA_OPEN_2019_Final,data/clips_cropped_multi\Kento_MOMOTA_CHOU_Tien_Chen_KOREA_OPEN_2019_Final\short_service\set1_rally27_ball1.0.mp4,short_service,OK,1.0,1.0,data/pose_features_multi\Kento_MOMOTA_CHOU_Tien_Chen_KOREA_OPEN_2019_Final\short_service\set1_rally27_ball1.0.npy
Kento_MOMOTA_CHOU_Tien_Chen_KOREA_OPEN_2019_Final,data/clips_cropped_multi\Kento_MOMOTA_CHOU_Tien_Chen_KOREA_OPEN_2019_Final\short_service\set1_rally28_ball1.0.mp4,short_service,OK,1.0,1.0,data/pose_features_multi\Kento_MOMOTA_CHOU_Tien_Chen_KOREA_OPEN_2019_Final\short_service\set1_rally28_ball1.0.npy
Kento_MOMOTA_CHOU_Tien_Chen_KOREA_OPEN_2019_Final,data/clips_cropped_multi\Kento_MOMOTA_CHOU_Tien_Chen_KOREA_OPEN_2019_Final\short_service\set1_rally29_ball1.0.mp4,short_service,OK,1.0,1.0,data/pose_features_multi\Kento_MOMOTA_CHOU_Tien_Chen_KOREA_OPEN_2019_Final\short_service\set1_rally29_ball1.0.npy
Kento_MOMOTA_CHOU_Tien_Chen_KOREA_OPEN_2019_Final,data/clips_cropped_multi\Kento_MOMOTA_CHOU_Tien_Chen_KOREA_OPEN_2019_Final\short_service\set1_rally2_ball1.0.mp4,short_service,POSE_INSUFFICIENT,0.357,0.357,data/pose_features_multi\Kento_MOMOTA_CHOU_Tien_Chen_KOREA_OPEN_2019_Final\short_service\set1_rally2_ball1.0.npy
Kento_MOMOTA_CHOU_Tien_Chen_KOREA_OPEN_2019_Final,data/clips_cropped_multi\Kento_MOMOTA_CHOU_Tien_Chen_KOREA_OPEN_2019_Final\short_service\set1_rally30_ball1.0.mp4,short_service,OK,1.0,1.0,data/pose_features_multi\Kento_MOMOTA_CHOU_Tien_Chen_KOREA_OPEN_2019_Final\short_service\set1_rally30_ball1.0.npy
Kento_MOMOTA_CHOU_Tien_Chen_KOREA_OPEN_2019_Final,data/clips_cropped_multi\Kento_MOMOTA_CHOU_Tien_Chen_KOREA_OPEN_2019_Final\short_service\set1_rally31_ball1.0.mp4,short_service,OK,1.0,0.0,data/pose_features_multi\Kento_MOMOTA_CHOU_Tien_Chen_KOREA_OPEN_2019_Final\short_service\set1_rally31_ball1.0.npy
Kento_MOMOTA_CHOU_Tien_Chen_KOREA_OPEN_2019_Final,data/clips_cropped_multi\Kento_MOMOTA_CHOU_Tien_Chen_KOREA_OPEN_2019_Final\short_service\set1_rally33_ball1.0.mp4,short_service,OK,1.0,0.286,data/pose_features_multi\Kento_MOMOTA_CHOU_Tien_Chen_KOREA_OPEN_2019_Final\short_service\set1_rally33_ball1.0.npy
Kento_MOMOTA_CHOU_Tien_Chen_KOREA_OPEN_2019_Final,data/clips_cropped_multi\Kento_MOMOTA_CHOU_Tien_Chen_KOREA_OPEN_2019_Final\short_service\set1_rally34_ball1.0.mp4,short_service,OK,1.0,1.0,data/pose_features_multi\Kento_MOMOTA_CHOU_Tien_Chen_KOREA_OPEN_2019_Final\short_service\set1_rally34_ball1.0.npy
Kento_MOMOTA_CHOU_Tien_Chen_KOREA_OPEN_2019_Final,data/clips_cropped_multi\Kento_MOMOTA_CHOU_Tien_Chen_KOREA_OPEN_2019_Final\short_service\set1_rally36_ball1.0.mp4,short_service,OK,1.0,1.0,data/pose_features_multi\Kento_MOMOTA_CHOU_Tien_Chen_KOREA_OPEN_2019_Final\short_service\set1_rally36_ball1.0.npy
Kento_MOMOTA_CHOU_Tien_Chen_KOREA_OPEN_2019_Final,data/clips_cropped_multi\Kento_MOMOTA_CHOU_Tien_Chen_KOREA_OPEN_2019_Final\short_service\set1_rally38_ball1.0.mp4,short_service,OK,0.857,0.857,data/pose_features_multi\Kento_MOMOTA_CHOU_Tien_Chen_KOREA_OPEN_2019_Final\short_service\set1_rally38_ball1.0.npy
Kento_MOMOTA_CHOU_Tien_Chen_KOREA_OPEN_2019_Final,data/clips_cropped_multi\Kento_MOMOTA_CHOU_Tien_Chen_KOREA_OPEN_2019_Final\short_service\set1_rally39_ball1.0.mp4,short_service,OK,1.0,0.0,data/pose_features_multi\Kento_MOMOTA_CHOU_Tien_Chen_KOREA_OPEN_2019_Final\short_service\set1_rally39_ball1.0.npy
Kento_MOMOTA_CHOU_Tien_Chen_KOREA_OPEN_2019_Final,data/clips_cropped_multi\Kento_MOMOTA_CHOU_Tien_Chen_KOREA_OPEN_2019_Final\short_service\set1_rally40_ball1.0.mp4,short_service,OK,1.0,1.0,data/pose_features_multi\Kento_MOMOTA_CHOU_Tien_Chen_KOREA_OPEN_2019_Final\short_service\set1_rally40_ball1.0.npy
Kento_MOMOTA_CHOU_Tien_Chen_KOREA_OPEN_2019_Final,data/clips_cropped_multi\Kento_MOMOTA_CHOU_Tien_Chen_KOREA_OPEN_2019_Final\short_service\set1_rally4_ball1.0.mp4,short_service,OK,1.0,1.0,data/pose_features_multi\Kento_MOMOTA_CHOU_Tien_Chen_KOREA_OPEN_2019_Final\short_service\set1_rally4_ball1.0.npy
Kento_MOMOTA_CHOU_Tien_Chen_KOREA_OPEN_2019_Final,data/clips_cropped_multi\Kento_MOMOTA_CHOU_Tien_Chen_KOREA_OPEN_2019_Final\short_service\set1_rally5_ball1.0.mp4,short_service,OK,1.0,0.393,data/pose_features_multi\Kento_MOMOTA_CHOU_Tien_Chen_KOREA_OPEN_2019_Final\short_service\set1_rally5_ball1.0.npy
Kento_MOMOTA_CHOU_Tien_Chen_KOREA_OPEN_2019_Final,data/clips_cropped_multi\Kento_MOMOTA_CHOU_Tien_Chen_KOREA_OPEN_2019_Final\short_service\set1_rally6_ball1.0.mp4,short_service,OK,0.786,0.786,data/pose_features_multi\Kento_MOMOTA_CHOU_Tien_Chen_KOREA_OPEN_2019_Final\short_service\set1_rally6_ball1.0.npy
Kento_MOMOTA_CHOU_Tien_Chen_KOREA_OPEN_2019_Final,data/clips_cropped_multi\Kento_MOMOTA_CHOU_Tien_Chen_KOREA_OPEN_2019_Final\short_service\set1_rally8_ball1.0.mp4,short_service,OK,1.0,1.0,data/pose_features_multi\Kento_MOMOTA_CHOU_Tien_Chen_KOREA_OPEN_2019_Final\short_service\set1_rally8_ball1.0.npy
Kento_MOMOTA_CHOU_Tien_Chen_KOREA_OPEN_2019_Final,data/clips_cropped_multi\Kento_MOMOTA_CHOU_Tien_Chen_KOREA_OPEN_2019_Final\short_service\set1_rally9_ball1.0.mp4,short_service,OK,1.0,1.0,data/pose_features_multi\Kento_MOMOTA_CHOU_Tien_Chen_KOREA_OPEN_2019_Final\short_service\set1_rally9_ball1.0.npy
Kento_MOMOTA_CHOU_Tien_Chen_KOREA_OPEN_2019_Final,data/clips_cropped_multi\Kento_MOMOTA_CHOU_Tien_Chen_KOREA_OPEN_2019_Final\short_service\set2_rally11_ball1.mp4,short_service,OK,1.0,0.0,data/pose_features_multi\Kento_MOMOTA_CHOU_Tien_Chen_KOREA_OPEN_2019_Final\short_service\set2_rally11_ball1.npy
Kento_MOMOTA_CHOU_Tien_Chen_KOREA_OPEN_2019_Final,data/clips_cropped_multi\Kento_MOMOTA_CHOU_Tien_Chen_KOREA_OPEN_2019_Final\short_service\set2_rally13_ball1.mp4,short_service,OK,1.0,0.571,data/pose_features_multi\Kento_MOMOTA_CHOU_Tien_Chen_KOREA_OPEN_2019_Final\short_service\set2_rally13_ball1.npy
Kento_MOMOTA_CHOU_Tien_Chen_KOREA_OPEN_2019_Final,data/clips_cropped_multi\Kento_MOMOTA_CHOU_Tien_Chen_KOREA_OPEN_2019_Final\short_service\set2_rally15_ball1.mp4,short_service,POSE_INSUFFICIENT,0.179,0.179,data/pose_features_multi\Kento_MOMOTA_CHOU_Tien_Chen_KOREA_OPEN_2019_Final\short_service\set2_rally15_ball1.npy
Kento_MOMOTA_CHOU_Tien_Chen_KOREA_OPEN_2019_Final,data/clips_cropped_multi\Kento_MOMOTA_CHOU_Tien_Chen_KOREA_OPEN_2019_Final\short_service\set2_rally17_ball1.mp4,short_service,OK,1.0,1.0,data/pose_features_multi\Kento_MOMOTA_CHOU_Tien_Chen_KOREA_OPEN_2019_Final\short_service\set2_rally17_ball1.npy
Kento_MOMOTA_CHOU_Tien_Chen_KOREA_OPEN_2019_Final,data/clips_cropped_multi\Kento_MOMOTA_CHOU_Tien_Chen_KOREA_OPEN_2019_Final\short_service\set2_rally18_ball1.mp4,short_service,POSE_INSUFFICIENT,0.357,0.0,data/pose_features_multi\Kento_MOMOTA_CHOU_Tien_Chen_KOREA_OPEN_2019_Final\short_service\set2_rally18_ball1.npy
Kento_MOMOTA_CHOU_Tien_Chen_KOREA_OPEN_2019_Final,data/clips_cropped_multi\Kento_MOMOTA_CHOU_Tien_Chen_KOREA_OPEN_2019_Final\short_service\set2_rally1_ball1.mp4,short_service,OK,1.0,0.107,data/pose_features_multi\Kento_MOMOTA_CHOU_Tien_Chen_KOREA_OPEN_2019_Final\short_service\set2_rally1_ball1.npy
Kento_MOMOTA_CHOU_Tien_Chen_KOREA_OPEN_2019_Final,data/clips_cropped_multi\Kento_MOMOTA_CHOU_Tien_Chen_KOREA_OPEN_2019_Final\short_service\set2_rally20_ball1.mp4,short_service,OK,1.0,0.0,data/pose_features_multi\Kento_MOMOTA_CHOU_Tien_Chen_KOREA_OPEN_2019_Final\short_service\set2_rally20_ball1.npy
Kento_MOMOTA_CHOU_Tien_Chen_KOREA_OPEN_2019_Final,data/clips_cropped_multi\Kento_MOMOTA_CHOU_Tien_Chen_KOREA_OPEN_2019_Final\short_service\set2_rally21_ball1.mp4,short_service,OK,1.0,0.0,data/pose_features_multi\Kento_MOMOTA_CHOU_Tien_Chen_KOREA_OPEN_2019_Final\short_service\set2_rally21_ball1.npy
Kento_MOMOTA_CHOU_Tien_Chen_KOREA_OPEN_2019_Final,data/clips_cropped_multi\Kento_MOMOTA_CHOU_Tien_Chen_KOREA_OPEN_2019_Final\short_service\set2_rally22_ball1.mp4,short_service,OK,1.0,1.0,data/pose_features_multi\Kento_MOMOTA_CHOU_Tien_Chen_KOREA_OPEN_2019_Final\short_service\set2_rally22_ball1.npy
Kento_MOMOTA_CHOU_Tien_Chen_KOREA_OPEN_2019_Final,data/clips_cropped_multi\Kento_MOMOTA_CHOU_Tien_Chen_KOREA_OPEN_2019_Final\short_service\set2_rally23_ball1.mp4,short_service,OK,1.0,1.0,data/pose_features_multi\Kento_MOMOTA_CHOU_Tien_Chen_KOREA_OPEN_2019_Final\short_service\set2_rally23_ball1.npy
Kento_MOMOTA_CHOU_Tien_Chen_KOREA_OPEN_2019_Final,data/clips_cropped_multi\Kento_MOMOTA_CHOU_Tien_Chen_KOREA_OPEN_2019_Final\short_service\set2_rally24_ball1.mp4,short_service,OK,1.0,0.536,data/pose_features_multi\Kento_MOMOTA_CHOU_Tien_Chen_KOREA_OPEN_2019_Final\short_service\set2_rally24_ball1.npy
Kento_MOMOTA_CHOU_Tien_Chen_KOREA_OPEN_2019_Final,data/clips_cropped_multi\Kento_MOMOTA_CHOU_Tien_Chen_KOREA_OPEN_2019_Final\short_service\set2_rally25_ball1.mp4,short_service,OK,0.893,0.321,data/pose_features_multi\Kento_MOMOTA_CHOU_Tien_Chen_KOREA_OPEN_2019_Final\short_service\set2_rally25_ball1.npy
Kento_MOMOTA_CHOU_Tien_Chen_KOREA_OPEN_2019_Final,data/clips_cropped_multi\Kento_MOMOTA_CHOU_Tien_Chen_KOREA_OPEN_2019_Final\short_service\set2_rally26_ball1.mp4,short_service,OK,1.0,1.0,data/pose_features_multi\Kento_MOMOTA_CHOU_Tien_Chen_KOREA_OPEN_2019_Final\short_service\set2_rally26_ball1.npy
Kento_MOMOTA_CHOU_Tien_Chen_KOREA_OPEN_2019_Final,data/clips_cropped_multi\Kento_MOMOTA_CHOU_Tien_Chen_KOREA_OPEN_2019_Final\short_service\set2_rally27_ball1.mp4,short_service,OK,1.0,1.0,data/pose_features_multi\Kento_MOMOTA_CHOU_Tien_Chen_KOREA_OPEN_2019_Final\short_service\set2_rally27_ball1.npy
Kento_MOMOTA_CHOU_Tien_Chen_KOREA_OPEN_2019_Final,data/clips_cropped_multi\Kento_MOMOTA_CHOU_Tien_Chen_KOREA_OPEN_2019_Final\short_service\set2_rally28_ball1.mp4,short_service,OK,1.0,0.357,data/pose_features_multi\Kento_MOMOTA_CHOU_Tien_Chen_KOREA_OPEN_2019_Final\short_service\set2_rally28_ball1.npy
Kento_MOMOTA_CHOU_Tien_Chen_KOREA_OPEN_2019_Final,data/clips_cropped_multi\Kento_MOMOTA_CHOU_Tien_Chen_KOREA_OPEN_2019_Final\short_service\set2_rally2_ball1.mp4,short_service,OK,1.0,0.071,data/pose_features_multi\Kento_MOMOTA_CHOU_Tien_Chen_KOREA_OPEN_2019_Final\short_service\set2_rally2_ball1.npy
Kento_MOMOTA_CHOU_Tien_Chen_KOREA_OPEN_2019_Final,data/clips_cropped_multi\Kento_MOMOTA_CHOU_Tien_Chen_KOREA_OPEN_2019_Final\short_service\set2_rally30_ball1.mp4,short_service,OK,1.0,1.0,data/pose_features_multi\Kento_MOMOTA_CHOU_Tien_Chen_KOREA_OPEN_2019_Final\short_service\set2_rally30_ball1.npy
Kento_MOMOTA_CHOU_Tien_Chen_KOREA_OPEN_2019_Final,data/clips_cropped_multi\Kento_MOMOTA_CHOU_Tien_Chen_KOREA_OPEN_2019_Final\short_service\set2_rally32_ball1.mp4,short_service,POSE_INSUFFICIENT,0.429,0.429,data/pose_features_multi\Kento_MOMOTA_CHOU_Tien_Chen_KOREA_OPEN_2019_Final\short_service\set2_rally32_ball1.npy
Kento_MOMOTA_CHOU_Tien_Chen_KOREA_OPEN_2019_Final,data/clips_cropped_multi\Kento_MOMOTA_CHOU_Tien_Chen_KOREA_OPEN_2019_Final\short_service\set2_rally33_ball1.mp4,short_service,OK,1.0,0.036,data/pose_features_multi\Kento_MOMOTA_CHOU_Tien_Chen_KOREA_OPEN_2019_Final\short_service\set2_rally33_ball1.npy
Kento_MOMOTA_CHOU_Tien_Chen_KOREA_OPEN_2019_Final,data/clips_cropped_multi\Kento_MOMOTA_CHOU_Tien_Chen_KOREA_OPEN_2019_Final\short_service\set2_rally34_ball1.mp4,short_service,OK,0.857,0.857,data/pose_features_multi\Kento_MOMOTA_CHOU_Tien_Chen_KOREA_OPEN_2019_Final\short_service\set2_rally34_ball1.npy
Kento_MOMOTA_CHOU_Tien_Chen_KOREA_OPEN_2019_Final,data/clips_cropped_multi\Kento_MOMOTA_CHOU_Tien_Chen_KOREA_OPEN_2019_Final\short_service\set2_rally35_ball1.mp4,short_service,OK,1.0,0.536,data/pose_features_multi\Kento_MOMOTA_CHOU_Tien_Chen_KOREA_OPEN_2019_Final\short_service\set2_rally35_ball1.npy
Kento_MOMOTA_CHOU_Tien_Chen_KOREA_OPEN_2019_Final,data/clips_cropped_multi\Kento_MOMOTA_CHOU_Tien_Chen_KOREA_OPEN_2019_Final\short_service\set2_rally36_ball1.mp4,short_service,OK,0.857,0.857,data/pose_features_multi\Kento_MOMOTA_CHOU_Tien_Chen_KOREA_OPEN_2019_Final\short_service\set2_rally36_ball1.npy
Kento_MOMOTA_CHOU_Tien_Chen_KOREA_OPEN_2019_Final,data/clips_cropped_multi\Kento_MOMOTA_CHOU_Tien_Chen_KOREA_OPEN_2019_Final\short_service\set2_rally4_ball1.mp4,short_service,POSE_INSUFFICIENT,0.536,0.536,data/pose_features_multi\Kento_MOMOTA_CHOU_Tien_Chen_KOREA_OPEN_2019_Final\short_service\set2_rally4_ball1.npy
Kento_MOMOTA_CHOU_Tien_Chen_KOREA_OPEN_2019_Final,data/clips_cropped_multi\Kento_MOMOTA_CHOU_Tien_Chen_KOREA_OPEN_2019_Final\short_service\set2_rally6_ball1.mp4,short_service,OK,1.0,1.0,data/pose_features_multi\Kento_MOMOTA_CHOU_Tien_Chen_KOREA_OPEN_2019_Final\short_service\set2_rally6_ball1.npy
Kento_MOMOTA_CHOU_Tien_Chen_KOREA_OPEN_2019_Final,data/clips_cropped_multi\Kento_MOMOTA_CHOU_Tien_Chen_KOREA_OPEN_2019_Final\short_service\set2_rally7_ball1.mp4,short_service,OK,1.0,1.0,data/pose_features_multi\Kento_MOMOTA_CHOU_Tien_Chen_KOREA_OPEN_2019_Final\short_service\set2_rally7_ball1.npy
Kento_MOMOTA_CHOU_Tien_Chen_KOREA_OPEN_2019_Final,data/clips_cropped_multi\Kento_MOMOTA_CHOU_Tien_Chen_KOREA_OPEN_2019_Final\short_service\set2_rally9_ball1.mp4,short_service,OK,1.0,1.0,data/pose_features_multi\Kento_MOMOTA_CHOU_Tien_Chen_KOREA_OPEN_2019_Final\short_service\set2_rally9_ball1.npy
Kento_MOMOTA_CHOU_Tien_Chen_KOREA_OPEN_2019_Final,data/clips_cropped_multi\Kento_MOMOTA_CHOU_Tien_Chen_KOREA_OPEN_2019_Final\smash\set1_rally10_ball5.0.mp4,smash,OK,1.0,0.893,data/pose_features_multi\Kento_MOMOTA_CHOU_Tien_Chen_KOREA_OPEN_2019_Final\smash\set1_rally10_ball5.0.npy
Kento_MOMOTA_CHOU_Tien_Chen_KOREA_OPEN_2019_Final,data/clips_cropped_multi\Kento_MOMOTA_CHOU_Tien_Chen_KOREA_OPEN_2019_Final\smash\set1_rally11_ball7.0.mp4,smash,OK,1.0,1.0,data/pose_features_multi\Kento_MOMOTA_CHOU_Tien_Chen_KOREA_OPEN_2019_Final\smash\set1_rally11_ball7.0.npy
Kento_MOMOTA_CHOU_Tien_Chen_KOREA_OPEN_2019_Final,data/clips_cropped_multi\Kento_MOMOTA_CHOU_Tien_Chen_KOREA_OPEN_2019_Final\smash\set1_rally13_ball12.0.mp4,smash,OK,1.0,1.0,data/pose_features_multi\Kento_MOMOTA_CHOU_Tien_Chen_KOREA_OPEN_2019_Final\smash\set1_rally13_ball12.0.npy
Kento_MOMOTA_CHOU_Tien_Chen_KOREA_OPEN_2019_Final,data/clips_cropped_multi\Kento_MOMOTA_CHOU_Tien_Chen_KOREA_OPEN_2019_Final\smash\set1_rally14_ball20.0.mp4,smash,OK,1.0,0.732,data/pose_features_multi\Kento_MOMOTA_CHOU_Tien_Chen_KOREA_OPEN_2019_Final\smash\set1_rally14_ball20.0.npy
Kento_MOMOTA_CHOU_Tien_Chen_KOREA_OPEN_2019_Final,data/clips_cropped_multi\Kento_MOMOTA_CHOU_Tien_Chen_KOREA_OPEN_2019_Final\smash\set1_rally15_ball5.0.mp4,smash,OK,1.0,1.0,data/pose_features_multi\Kento_MOMOTA_CHOU_Tien_Chen_KOREA_OPEN_2019_Final\smash\set1_rally15_ball5.0.npy
Kento_MOMOTA_CHOU_Tien_Chen_KOREA_OPEN_2019_Final,data/clips_cropped_multi\Kento_MOMOTA_CHOU_Tien_Chen_KOREA_OPEN_2019_Final\smash\set1_rally16_ball7.0.mp4,smash,OK,1.0,1.0,data/pose_features_multi\Kento_MOMOTA_CHOU_Tien_Chen_KOREA_OPEN_2019_Final\smash\set1_rally16_ball7.0.npy
Kento_MOMOTA_CHOU_Tien_Chen_KOREA_OPEN_2019_Final,data/clips_cropped_multi\Kento_MOMOTA_CHOU_Tien_Chen_KOREA_OPEN_2019_Final\smash\set1_rally17_ball5.0.mp4,smash,OK,1.0,1.0,data/pose_features_multi\Kento_MOMOTA_CHOU_Tien_Chen_KOREA_OPEN_2019_Final\smash\set1_rally17_ball5.0.npy
Kento_MOMOTA_CHOU_Tien_Chen_KOREA_OPEN_2019_Final,data/clips_cropped_multi\Kento_MOMOTA_CHOU_Tien_Chen_KOREA_OPEN_2019_Final\smash\set1_rally17_ball8.0.mp4,smash,OK,1.0,1.0,data/pose_features_multi\Kento_MOMOTA_CHOU_Tien_Chen_KOREA_OPEN_2019_Final\smash\set1_rally17_ball8.0.npy
Kento_MOMOTA_CHOU_Tien_Chen_KOREA_OPEN_2019_Final,data/clips_cropped_multi\Kento_MOMOTA_CHOU_Tien_Chen_KOREA_OPEN_2019_Final\smash\set1_rally18_ball3.0.mp4,smash,OK,1.0,1.0,data/pose_features_multi\Kento_MOMOTA_CHOU_Tien_Chen_KOREA_OPEN_2019_Final\smash\set1_rally18_ball3.0.npy
Kento_MOMOTA_CHOU_Tien_Chen_KOREA_OPEN_2019_Final,data/clips_cropped_multi\Kento_MOMOTA_CHOU_Tien_Chen_KOREA_OPEN_2019_Final\smash\set1_rally19_ball14.0.mp4,smash,OK,1.0,1.0,data/pose_features_multi\Kento_MOMOTA_CHOU_Tien_Chen_KOREA_OPEN_2019_Final\smash\set1_rally19_ball14.0.npy
Kento_MOMOTA_CHOU_Tien_Chen_KOREA_OPEN_2019_Final,data/clips_cropped_multi\Kento_MOMOTA_CHOU_Tien_Chen_KOREA_OPEN_2019_Final\smash\set1_rally21_ball13.0.mp4,smash,OK,1.0,0.625,data/pose_features_multi\Kento_MOMOTA_CHOU_Tien_Chen_KOREA_OPEN_2019_Final\smash\set1_rally21_ball13.0.npy
Kento_MOMOTA_CHOU_Tien_Chen_KOREA_OPEN_2019_Final,data/clips_cropped_multi\Kento_MOMOTA_CHOU_Tien_Chen_KOREA_OPEN_2019_Final\smash\set1_rally21_ball19.0.mp4,smash,OK,1.0,0.839,data/pose_features_multi\Kento_MOMOTA_CHOU_Tien_Chen_KOREA_OPEN_2019_Final\smash\set1_rally21_ball19.0.npy
Kento_MOMOTA_CHOU_Tien_Chen_KOREA_OPEN_2019_Final,data/clips_cropped_multi\Kento_MOMOTA_CHOU_Tien_Chen_KOREA_OPEN_2019_Final\smash\set1_rally21_ball3.0.mp4,smash,OK,1.0,1.0,data/pose_features_multi\Kento_MOMOTA_CHOU_Tien_Chen_KOREA_OPEN_2019_Final\smash\set1_rally21_ball3.0.npy
Kento_MOMOTA_CHOU_Tien_Chen_KOREA_OPEN_2019_Final,data/clips_cropped_multi\Kento_MOMOTA_CHOU_Tien_Chen_KOREA_OPEN_2019_Final\smash\set1_rally21_ball6.0.mp4,smash,OK,1.0,1.0,data/pose_features_multi\Kento_MOMOTA_CHOU_Tien_Chen_KOREA_OPEN_2019_Final\smash\set1_rally21_ball6.0.npy
Kento_MOMOTA_CHOU_Tien_Chen_KOREA_OPEN_2019_Final,data/clips_cropped_multi\Kento_MOMOTA_CHOU_Tien_Chen_KOREA_OPEN_2019_Final\smash\set1_rally22_ball3.0.mp4,smash,OK,1.0,1.0,data/pose_features_multi\Kento_MOMOTA_CHOU_Tien_Chen_KOREA_OPEN_2019_Final\smash\set1_rally22_ball3.0.npy
Kento_MOMOTA_CHOU_Tien_Chen_KOREA_OPEN_2019_Final,data/clips_cropped_multi\Kento_MOMOTA_CHOU_Tien_Chen_KOREA_OPEN_2019_Final\smash\set1_rally23_ball12.0.mp4,smash,OK,1.0,1.0,data/pose_features_multi\Kento_MOMOTA_CHOU_Tien_Chen_KOREA_OPEN_2019_Final\smash\set1_rally23_ball12.0.npy
Kento_MOMOTA_CHOU_Tien_Chen_KOREA_OPEN_2019_Final,data/clips_cropped_multi\Kento_MOMOTA_CHOU_Tien_Chen_KOREA_OPEN_2019_Final\smash\set1_rally23_ball4.0.mp4,smash,OK,1.0,1.0,data/pose_features_multi\Kento_MOMOTA_CHOU_Tien_Chen_KOREA_OPEN_2019_Final\smash\set1_rally23_ball4.0.npy
Kento_MOMOTA_CHOU_Tien_Chen_KOREA_OPEN_2019_Final,data/clips_cropped_multi\Kento_MOMOTA_CHOU_Tien_Chen_KOREA_OPEN_2019_Final\smash\set1_rally24_ball3.0.mp4,smash,OK,1.0,0.964,data/pose_features_multi\Kento_MOMOTA_CHOU_Tien_Chen_KOREA_OPEN_2019_Final\smash\set1_rally24_ball3.0.npy
Kento_MOMOTA_CHOU_Tien_Chen_KOREA_OPEN_2019_Final,data/clips_cropped_multi\Kento_MOMOTA_CHOU_Tien_Chen_KOREA_OPEN_2019_Final\smash\set1_rally24_ball6.0.mp4,smash,OK,1.0,1.0,data/pose_features_multi\Kento_MOMOTA_CHOU_Tien_Chen_KOREA_OPEN_2019_Final\smash\set1_rally24_ball6.0.npy
Kento_MOMOTA_CHOU_Tien_Chen_KOREA_OPEN_2019_Final,data/clips_cropped_multi\Kento_MOMOTA_CHOU_Tien_Chen_KOREA_OPEN_2019_Final\smash\set1_rally25_ball4.0.mp4,smash,OK,1.0,0.857,data/pose_features_multi\Kento_MOMOTA_CHOU_Tien_Chen_KOREA_OPEN_2019_Final\smash\set1_rally25_ball4.0.npy
Kento_MOMOTA_CHOU_Tien_Chen_KOREA_OPEN_2019_Final,data/clips_cropped_multi\Kento_MOMOTA_CHOU_Tien_Chen_KOREA_OPEN_2019_Final\smash\set1_rally26_ball13.0.mp4,smash,OK,1.0,0.875,data/pose_features_multi\Kento_MOMOTA_CHOU_Tien_Chen_KOREA_OPEN_2019_Final\smash\set1_rally26_ball13.0.npy
Kento_MOMOTA_CHOU_Tien_Chen_KOREA_OPEN_2019_Final,data/clips_cropped_multi\Kento_MOMOTA_CHOU_Tien_Chen_KOREA_OPEN_2019_Final\smash\set1_rally27_ball16.0.mp4,smash,OK,1.0,0.946,data/pose_features_multi\Kento_MOMOTA_CHOU_Tien_Chen_KOREA_OPEN_2019_Final\smash\set1_rally27_ball16.0.npy
Kento_MOMOTA_CHOU_Tien_Chen_KOREA_OPEN_2019_Final,data/clips_cropped_multi\Kento_MOMOTA_CHOU_Tien_Chen_KOREA_OPEN_2019_Final\smash\set1_rally27_ball4.0.mp4,smash,OK,1.0,1.0,data/pose_features_multi\Kento_MOMOTA_CHOU_Tien_Chen_KOREA_OPEN_2019_Final\smash\set1_rally27_ball4.0.npy
Kento_MOMOTA_CHOU_Tien_Chen_KOREA_OPEN_2019_Final,data/clips_cropped_multi\Kento_MOMOTA_CHOU_Tien_Chen_KOREA_OPEN_2019_Final\smash\set1_rally28_ball14.0.mp4,smash,OK,1.0,1.0,data/pose_features_multi\Kento_MOMOTA_CHOU_Tien_Chen_KOREA_OPEN_2019_Final\smash\set1_rally28_ball14.0.npy
Kento_MOMOTA_CHOU_Tien_Chen_KOREA_OPEN_2019_Final,data/clips_cropped_multi\Kento_MOMOTA_CHOU_Tien_Chen_KOREA_OPEN_2019_Final\smash\set1_rally2_ball29.0.mp4,smash,OK,1.0,0.786,data/pose_features_multi\Kento_MOMOTA_CHOU_Tien_Chen_KOREA_OPEN_2019_Final\smash\set1_rally2_ball29.0.npy
Kento_MOMOTA_CHOU_Tien_Chen_KOREA_OPEN_2019_Final,data/clips_cropped_multi\Kento_MOMOTA_CHOU_Tien_Chen_KOREA_OPEN_2019_Final\smash\set1_rally32_ball7.0.mp4,smash,OK,1.0,0.929,data/pose_features_multi\Kento_MOMOTA_CHOU_Tien_Chen_KOREA_OPEN_2019_Final\smash\set1_rally32_ball7.0.npy
Kento_MOMOTA_CHOU_Tien_Chen_KOREA_OPEN_2019_Final,data/clips_cropped_multi\Kento_MOMOTA_CHOU_Tien_Chen_KOREA_OPEN_2019_Final\smash\set1_rally33_ball15.0.mp4,smash,OK,1.0,1.0,data/pose_features_multi\Kento_MOMOTA_CHOU_Tien_Chen_KOREA_OPEN_2019_Final\smash\set1_rally33_ball15.0.npy
Kento_MOMOTA_CHOU_Tien_Chen_KOREA_OPEN_2019_Final,data/clips_cropped_multi\Kento_MOMOTA_CHOU_Tien_Chen_KOREA_OPEN_2019_Final\smash\set1_rally34_ball7.0.mp4,smash,OK,1.0,1.0,data/pose_features_multi\Kento_MOMOTA_CHOU_Tien_Chen_KOREA_OPEN_2019_Final\smash\set1_rally34_ball7.0.npy
Kento_MOMOTA_CHOU_Tien_Chen_KOREA_OPEN_2019_Final,data/clips_cropped_multi\Kento_MOMOTA_CHOU_Tien_Chen_KOREA_OPEN_2019_Final\smash\set1_rally36_ball4.0.mp4,smash,OK,1.0,0.821,data/pose_features_multi\Kento_MOMOTA_CHOU_Tien_Chen_KOREA_OPEN_2019_Final\smash\set1_rally36_ball4.0.npy
Kento_MOMOTA_CHOU_Tien_Chen_KOREA_OPEN_2019_Final,data/clips_cropped_multi\Kento_MOMOTA_CHOU_Tien_Chen_KOREA_OPEN_2019_Final\smash\set1_rally38_ball4.0.mp4,smash,OK,1.0,1.0,data/pose_features_multi\Kento_MOMOTA_CHOU_Tien_Chen_KOREA_OPEN_2019_Final\smash\set1_rally38_ball4.0.npy
Kento_MOMOTA_CHOU_Tien_Chen_KOREA_OPEN_2019_Final,data/clips_cropped_multi\Kento_MOMOTA_CHOU_Tien_Chen_KOREA_OPEN_2019_Final\smash\set1_rally3_ball18.0.mp4,smash,OK,1.0,1.0,data/pose_features_multi\Kento_MOMOTA_CHOU_Tien_Chen_KOREA_OPEN_2019_Final\smash\set1_rally3_ball18.0.npy
Kento_MOMOTA_CHOU_Tien_Chen_KOREA_OPEN_2019_Final,data/clips_cropped_multi\Kento_MOMOTA_CHOU_Tien_Chen_KOREA_OPEN_2019_Final\smash\set1_rally40_ball15.0.mp4,smash,OK,0.929,0.929,data/pose_features_multi\Kento_MOMOTA_CHOU_Tien_Chen_KOREA_OPEN_2019_Final\smash\set1_rally40_ball15.0.npy
Kento_MOMOTA_CHOU_Tien_Chen_KOREA_OPEN_2019_Final,data/clips_cropped_multi\Kento_MOMOTA_CHOU_Tien_Chen_KOREA_OPEN_2019_Final\smash\set1_rally40_ball22.0.mp4,smash,OK,1.0,1.0,data/pose_features_multi\Kento_MOMOTA_CHOU_Tien_Chen_KOREA_OPEN_2019_Final\smash\set1_rally40_ball22.0.npy
Kento_MOMOTA_CHOU_Tien_Chen_KOREA_OPEN_2019_Final,data/clips_cropped_multi\Kento_MOMOTA_CHOU_Tien_Chen_KOREA_OPEN_2019_Final\smash\set1_rally4_ball17.0.mp4,smash,OK,1.0,0.696,data/pose_features_multi\Kento_MOMOTA_CHOU_Tien_Chen_KOREA_OPEN_2019_Final\smash\set1_rally4_ball17.0.npy
Kento_MOMOTA_CHOU_Tien_Chen_KOREA_OPEN_2019_Final,data/clips_cropped_multi\Kento_MOMOTA_CHOU_Tien_Chen_KOREA_OPEN_2019_Final\smash\set1_rally6_ball29.0.mp4,smash,OK,1.0,1.0,data/pose_features_multi\Kento_MOMOTA_CHOU_Tien_Chen_KOREA_OPEN_2019_Final\smash\set1_rally6_ball29.0.npy
Kento_MOMOTA_CHOU_Tien_Chen_KOREA_OPEN_2019_Final,data/clips_cropped_multi\Kento_MOMOTA_CHOU_Tien_Chen_KOREA_OPEN_2019_Final\smash\set1_rally7_ball3.0.mp4,smash,OK,1.0,1.0,data/pose_features_multi\Kento_MOMOTA_CHOU_Tien_Chen_KOREA_OPEN_2019_Final\smash\set1_rally7_ball3.0.npy
Kento_MOMOTA_CHOU_Tien_Chen_KOREA_OPEN_2019_Final,data/clips_cropped_multi\Kento_MOMOTA_CHOU_Tien_Chen_KOREA_OPEN_2019_Final\smash\set1_rally8_ball4.0.mp4,smash,OK,1.0,0.786,data/pose_features_multi\Kento_MOMOTA_CHOU_Tien_Chen_KOREA_OPEN_2019_Final\smash\set1_rally8_ball4.0.npy
Kento_MOMOTA_CHOU_Tien_Chen_KOREA_OPEN_2019_Final,data/clips_cropped_multi\Kento_MOMOTA_CHOU_Tien_Chen_KOREA_OPEN_2019_Final\smash\set2_rally10_ball3.mp4,smash,OK,1.0,1.0,data/pose_features_multi\Kento_MOMOTA_CHOU_Tien_Chen_KOREA_OPEN_2019_Final\smash\set2_rally10_ball3.npy
Kento_MOMOTA_CHOU_Tien_Chen_KOREA_OPEN_2019_Final,data/clips_cropped_multi\Kento_MOMOTA_CHOU_Tien_Chen_KOREA_OPEN_2019_Final\smash\set2_rally10_ball6.mp4,smash,OK,1.0,0.768,data/pose_features_multi\Kento_MOMOTA_CHOU_Tien_Chen_KOREA_OPEN_2019_Final\smash\set2_rally10_ball6.npy
Kento_MOMOTA_CHOU_Tien_Chen_KOREA_OPEN_2019_Final,data/clips_cropped_multi\Kento_MOMOTA_CHOU_Tien_Chen_KOREA_OPEN_2019_Final\smash\set2_rally13_ball4.mp4,smash,OK,1.0,1.0,data/pose_features_multi\Kento_MOMOTA_CHOU_Tien_Chen_KOREA_OPEN_2019_Final\smash\set2_rally13_ball4.npy
Kento_MOMOTA_CHOU_Tien_Chen_KOREA_OPEN_2019_Final,data/clips_cropped_multi\Kento_MOMOTA_CHOU_Tien_Chen_KOREA_OPEN_2019_Final\smash\set2_rally14_ball5.mp4,smash,OK,1.0,1.0,data/pose_features_multi\Kento_MOMOTA_CHOU_Tien_Chen_KOREA_OPEN_2019_Final\smash\set2_rally14_ball5.npy
Kento_MOMOTA_CHOU_Tien_Chen_KOREA_OPEN_2019_Final,data/clips_cropped_multi\Kento_MOMOTA_CHOU_Tien_Chen_KOREA_OPEN_2019_Final\smash\set2_rally15_ball11.mp4,smash,OK,1.0,1.0,data/pose_features_multi\Kento_MOMOTA_CHOU_Tien_Chen_KOREA_OPEN_2019_Final\smash\set2_rally15_ball11.npy
Kento_MOMOTA_CHOU_Tien_Chen_KOREA_OPEN_2019_Final,data/clips_cropped_multi\Kento_MOMOTA_CHOU_Tien_Chen_KOREA_OPEN_2019_Final\smash\set2_rally16_ball10.mp4,smash,OK,0.786,0.786,data/pose_features_multi\Kento_MOMOTA_CHOU_Tien_Chen_KOREA_OPEN_2019_Final\smash\set2_rally16_ball10.npy
Kento_MOMOTA_CHOU_Tien_Chen_KOREA_OPEN_2019_Final,data/clips_cropped_multi\Kento_MOMOTA_CHOU_Tien_Chen_KOREA_OPEN_2019_Final\smash\set2_rally17_ball18.mp4,smash,OK,1.0,0.714,data/pose_features_multi\Kento_MOMOTA_CHOU_Tien_Chen_KOREA_OPEN_2019_Final\smash\set2_rally17_ball18.npy
Kento_MOMOTA_CHOU_Tien_Chen_KOREA_OPEN_2019_Final,data/clips_cropped_multi\Kento_MOMOTA_CHOU_Tien_Chen_KOREA_OPEN_2019_Final\smash\set2_rally17_ball8.mp4,smash,OK,1.0,0.839,data/pose_features_multi\Kento_MOMOTA_CHOU_Tien_Chen_KOREA_OPEN_2019_Final\smash\set2_rally17_ball8.npy
Kento_MOMOTA_CHOU_Tien_Chen_KOREA_OPEN_2019_Final,data/clips_cropped_multi\Kento_MOMOTA_CHOU_Tien_Chen_KOREA_OPEN_2019_Final\smash\set2_rally19_ball18.mp4,smash,OK,1.0,1.0,data/pose_features_multi\Kento_MOMOTA_CHOU_Tien_Chen_KOREA_OPEN_2019_Final\smash\set2_rally19_ball18.npy
Kento_MOMOTA_CHOU_Tien_Chen_KOREA_OPEN_2019_Final,data/clips_cropped_multi\Kento_MOMOTA_CHOU_Tien_Chen_KOREA_OPEN_2019_Final\smash\set2_rally1_ball4.mp4,smash,OK,1.0,1.0,data/pose_features_multi\Kento_MOMOTA_CHOU_Tien_Chen_KOREA_OPEN_2019_Final\smash\set2_rally1_ball4.npy
Kento_MOMOTA_CHOU_Tien_Chen_KOREA_OPEN_2019_Final,data/clips_cropped_multi\Kento_MOMOTA_CHOU_Tien_Chen_KOREA_OPEN_2019_Final\smash\set2_rally20_ball4.mp4,smash,OK,0.964,0.964,data/pose_features_multi\Kento_MOMOTA_CHOU_Tien_Chen_KOREA_OPEN_2019_Final\smash\set2_rally20_ball4.npy
Kento_MOMOTA_CHOU_Tien_Chen_KOREA_OPEN_2019_Final,data/clips_cropped_multi\Kento_MOMOTA_CHOU_Tien_Chen_KOREA_OPEN_2019_Final\smash\set2_rally22_ball17.mp4,smash,OK,1.0,1.0,data/pose_features_multi\Kento_MOMOTA_CHOU_Tien_Chen_KOREA_OPEN_2019_Final\smash\set2_rally22_ball17.npy
Kento_MOMOTA_CHOU_Tien_Chen_KOREA_OPEN_2019_Final,data/clips_cropped_multi\Kento_MOMOTA_CHOU_Tien_Chen_KOREA_OPEN_2019_Final\smash\set2_rally22_ball5.mp4,smash,OK,1.0,1.0,data/pose_features_multi\Kento_MOMOTA_CHOU_Tien_Chen_KOREA_OPEN_2019_Final\smash\set2_rally22_ball5.npy
Kento_MOMOTA_CHOU_Tien_Chen_KOREA_OPEN_2019_Final,data/clips_cropped_multi\Kento_MOMOTA_CHOU_Tien_Chen_KOREA_OPEN_2019_Final\smash\set2_rally22_ball8.mp4,smash,OK,0.857,0.857,data/pose_features_multi\Kento_MOMOTA_CHOU_Tien_Chen_KOREA_OPEN_2019_Final\smash\set2_rally22_ball8.npy
Kento_MOMOTA_CHOU_Tien_Chen_KOREA_OPEN_2019_Final,data/clips_cropped_multi\Kento_MOMOTA_CHOU_Tien_Chen_KOREA_OPEN_2019_Final\smash\set2_rally23_ball4.mp4,smash,OK,1.0,0.911,data/pose_features_multi\Kento_MOMOTA_CHOU_Tien_Chen_KOREA_OPEN_2019_Final\smash\set2_rally23_ball4.npy
Kento_MOMOTA_CHOU_Tien_Chen_KOREA_OPEN_2019_Final,data/clips_cropped_multi\Kento_MOMOTA_CHOU_Tien_Chen_KOREA_OPEN_2019_Final\smash\set2_rally26_ball9.mp4,smash,OK,1.0,1.0,data/pose_features_multi\Kento_MOMOTA_CHOU_Tien_Chen_KOREA_OPEN_2019_Final\smash\set2_rally26_ball9.npy
Kento_MOMOTA_CHOU_Tien_Chen_KOREA_OPEN_2019_Final,data/clips_cropped_multi\Kento_MOMOTA_CHOU_Tien_Chen_KOREA_OPEN_2019_Final\smash\set2_rally27_ball4.mp4,smash,OK,1.0,0.911,data/pose_features_multi\Kento_MOMOTA_CHOU_Tien_Chen_KOREA_OPEN_2019_Final\smash\set2_rally27_ball4.npy
Kento_MOMOTA_CHOU_Tien_Chen_KOREA_OPEN_2019_Final,data/clips_cropped_multi\Kento_MOMOTA_CHOU_Tien_Chen_KOREA_OPEN_2019_Final\smash\set2_rally28_ball16.mp4,smash,OK,0.804,0.804,data/pose_features_multi\Kento_MOMOTA_CHOU_Tien_Chen_KOREA_OPEN_2019_Final\smash\set2_rally28_ball16.npy
Kento_MOMOTA_CHOU_Tien_Chen_KOREA_OPEN_2019_Final,data/clips_cropped_multi\Kento_MOMOTA_CHOU_Tien_Chen_KOREA_OPEN_2019_Final\smash\set2_rally28_ball7.mp4,smash,OK,1.0,1.0,data/pose_features_multi\Kento_MOMOTA_CHOU_Tien_Chen_KOREA_OPEN_2019_Final\smash\set2_rally28_ball7.npy
Kento_MOMOTA_CHOU_Tien_Chen_KOREA_OPEN_2019_Final,data/clips_cropped_multi\Kento_MOMOTA_CHOU_Tien_Chen_KOREA_OPEN_2019_Final\smash\set2_rally29_ball5.mp4,smash,POSE_INSUFFICIENT,0.304,0.429,data/pose_features_multi\Kento_MOMOTA_CHOU_Tien_Chen_KOREA_OPEN_2019_Final\smash\set2_rally29_ball5.npy
Kento_MOMOTA_CHOU_Tien_Chen_KOREA_OPEN_2019_Final,data/clips_cropped_multi\Kento_MOMOTA_CHOU_Tien_Chen_KOREA_OPEN_2019_Final\smash\set2_rally29_ball9.mp4,smash,OK,1.0,1.0,data/pose_features_multi\Kento_MOMOTA_CHOU_Tien_Chen_KOREA_OPEN_2019_Final\smash\set2_rally29_ball9.npy
Kento_MOMOTA_CHOU_Tien_Chen_KOREA_OPEN_2019_Final,data/clips_cropped_multi\Kento_MOMOTA_CHOU_Tien_Chen_KOREA_OPEN_2019_Final\smash\set2_rally30_ball3.mp4,smash,OK,1.0,1.0,data/pose_features_multi\Kento_MOMOTA_CHOU_Tien_Chen_KOREA_OPEN_2019_Final\smash\set2_rally30_ball3.npy
Kento_MOMOTA_CHOU_Tien_Chen_KOREA_OPEN_2019_Final,data/clips_cropped_multi\Kento_MOMOTA_CHOU_Tien_Chen_KOREA_OPEN_2019_Final\smash\set2_rally30_ball9.mp4,smash,OK,0.929,0.929,data/pose_features_multi\Kento_MOMOTA_CHOU_Tien_Chen_KOREA_OPEN_2019_Final\smash\set2_rally30_ball9.npy
Kento_MOMOTA_CHOU_Tien_Chen_KOREA_OPEN_2019_Final,data/clips_cropped_multi\Kento_MOMOTA_CHOU_Tien_Chen_KOREA_OPEN_2019_Final\smash\set2_rally36_ball8.mp4,smash,OK,0.964,0.964,data/pose_features_multi\Kento_MOMOTA_CHOU_Tien_Chen_KOREA_OPEN_2019_Final\smash\set2_rally36_ball8.npy
Kento_MOMOTA_CHOU_Tien_Chen_KOREA_OPEN_2019_Final,data/clips_cropped_multi\Kento_MOMOTA_CHOU_Tien_Chen_KOREA_OPEN_2019_Final\smash\set2_rally37_ball11.mp4,smash,OK,1.0,1.0,data/pose_features_multi\Kento_MOMOTA_CHOU_Tien_Chen_KOREA_OPEN_2019_Final\smash\set2_rally37_ball11.npy
Kento_MOMOTA_CHOU_Tien_Chen_KOREA_OPEN_2019_Final,data/clips_cropped_multi\Kento_MOMOTA_CHOU_Tien_Chen_KOREA_OPEN_2019_Final\smash\set2_rally37_ball22.mp4,smash,POSE_INSUFFICIENT,0.661,0.321,data/pose_features_multi\Kento_MOMOTA_CHOU_Tien_Chen_KOREA_OPEN_2019_Final\smash\set2_rally37_ball22.npy
Kento_MOMOTA_CHOU_Tien_Chen_KOREA_OPEN_2019_Final,data/clips_cropped_multi\Kento_MOMOTA_CHOU_Tien_Chen_KOREA_OPEN_2019_Final\smash\set2_rally3_ball17.mp4,smash,POSE_INSUFFICIENT,0.143,0.071,data/pose_features_multi\Kento_MOMOTA_CHOU_Tien_Chen_KOREA_OPEN_2019_Final\smash\set2_rally3_ball17.npy
Kento_MOMOTA_CHOU_Tien_Chen_KOREA_OPEN_2019_Final,data/clips_cropped_multi\Kento_MOMOTA_CHOU_Tien_Chen_KOREA_OPEN_2019_Final\smash\set2_rally3_ball2.mp4,smash,OK,1.0,0.696,data/pose_features_multi\Kento_MOMOTA_CHOU_Tien_Chen_KOREA_OPEN_2019_Final\smash\set2_rally3_ball2.npy
Kento_MOMOTA_CHOU_Tien_Chen_KOREA_OPEN_2019_Final,data/clips_cropped_multi\Kento_MOMOTA_CHOU_Tien_Chen_KOREA_OPEN_2019_Final\smash\set2_rally3_ball21.mp4,smash,OK,1.0,1.0,data/pose_features_multi\Kento_MOMOTA_CHOU_Tien_Chen_KOREA_OPEN_2019_Final\smash\set2_rally3_ball21.npy
Kento_MOMOTA_CHOU_Tien_Chen_KOREA_OPEN_2019_Final,data/clips_cropped_multi\Kento_MOMOTA_CHOU_Tien_Chen_KOREA_OPEN_2019_Final\smash\set2_rally3_ball26.mp4,smash,OK,1.0,0.732,data/pose_features_multi\Kento_MOMOTA_CHOU_Tien_Chen_KOREA_OPEN_2019_Final\smash\set2_rally3_ball26.npy
Kento_MOMOTA_CHOU_Tien_Chen_KOREA_OPEN_2019_Final,data/clips_cropped_multi\Kento_MOMOTA_CHOU_Tien_Chen_KOREA_OPEN_2019_Final\smash\set2_rally4_ball7.mp4,smash,OK,0.857,0.857,data/pose_features_multi\Kento_MOMOTA_CHOU_Tien_Chen_KOREA_OPEN_2019_Final\smash\set2_rally4_ball7.npy
Kento_MOMOTA_CHOU_Tien_Chen_KOREA_OPEN_2019_Final,data/clips_cropped_multi\Kento_MOMOTA_CHOU_Tien_Chen_KOREA_OPEN_2019_Final\smash\set2_rally5_ball3.mp4,smash,OK,1.0,0.786,data/pose_features_multi\Kento_MOMOTA_CHOU_Tien_Chen_KOREA_OPEN_2019_Final\smash\set2_rally5_ball3.npy
Kento_MOMOTA_CHOU_Tien_Chen_KOREA_OPEN_2019_Final,data/clips_cropped_multi\Kento_MOMOTA_CHOU_Tien_Chen_KOREA_OPEN_2019_Final\smash\set2_rally6_ball11.mp4,smash,OK,1.0,1.0,data/pose_features_multi\Kento_MOMOTA_CHOU_Tien_Chen_KOREA_OPEN_2019_Final\smash\set2_rally6_ball11.npy
Kento_MOMOTA_CHOU_Tien_Chen_KOREA_OPEN_2019_Final,data/clips_cropped_multi\Kento_MOMOTA_CHOU_Tien_Chen_KOREA_OPEN_2019_Final\smash\set2_rally7_ball5.mp4,smash,OK,1.0,1.0,data/pose_features_multi\Kento_MOMOTA_CHOU_Tien_Chen_KOREA_OPEN_2019_Final\smash\set2_rally7_ball5.npy
Kento_MOMOTA_CHOU_Tien_Chen_KOREA_OPEN_2019_Final,data/clips_cropped_multi\Kento_MOMOTA_CHOU_Tien_Chen_KOREA_OPEN_2019_Final\smash\set2_rally8_ball14.mp4,smash,OK,0.964,0.964,data/pose_features_multi\Kento_MOMOTA_CHOU_Tien_Chen_KOREA_OPEN_2019_Final\smash\set2_rally8_ball14.npy
Kento_MOMOTA_CHOU_Tien_Chen_KOREA_OPEN_2019_Final,data/clips_cropped_multi\Kento_MOMOTA_CHOU_Tien_Chen_KOREA_OPEN_2019_Final\smash\set2_rally8_ball20.mp4,smash,OK,0.893,0.893,data/pose_features_multi\Kento_MOMOTA_CHOU_Tien_Chen_KOREA_OPEN_2019_Final\smash\set2_rally8_ball20.npy
Kento_MOMOTA_CHOU_Tien_Chen_KOREA_OPEN_2019_Final,data/clips_cropped_multi\Kento_MOMOTA_CHOU_Tien_Chen_KOREA_OPEN_2019_Final\smash\set2_rally8_ball6.mp4,smash,OK,1.0,1.0,data/pose_features_multi\Kento_MOMOTA_CHOU_Tien_Chen_KOREA_OPEN_2019_Final\smash\set2_rally8_ball6.npy
Kento_MOMOTA_CHOU_Tien_Chen_KOREA_OPEN_2019_Final,data/clips_cropped_multi\Kento_MOMOTA_CHOU_Tien_Chen_KOREA_OPEN_2019_Final\smash\set2_rally9_ball4.mp4,smash,OK,1.0,0.982,data/pose_features_multi\Kento_MOMOTA_CHOU_Tien_Chen_KOREA_OPEN_2019_Final\smash\set2_rally9_ball4.npy
NG_Ka_Long_Angus_Jonatan_CHRISTIE_Malaysia_Masters_2020_QuarterFinals,data/clips_cropped_multi\NG_Ka_Long_Angus_Jonatan_CHRISTIE_Malaysia_Masters_2020_QuarterFinals\clear\set1_rally15_ball11.0.mp4,clear,POSE_INSUFFICIENT,0.429,0.696,data/pose_features_multi\NG_Ka_Long_Angus_Jonatan_CHRISTIE_Malaysia_Masters_2020_QuarterFinals\clear\set1_rally15_ball11.0.npy
NG_Ka_Long_Angus_Jonatan_CHRISTIE_Malaysia_Masters_2020_QuarterFinals,data/clips_cropped_multi\NG_Ka_Long_Angus_Jonatan_CHRISTIE_Malaysia_Masters_2020_QuarterFinals\clear\set1_rally15_ball4.0.mp4,clear,OK,1.0,0.714,data/pose_features_multi\NG_Ka_Long_Angus_Jonatan_CHRISTIE_Malaysia_Masters_2020_QuarterFinals\clear\set1_rally15_ball4.0.npy
NG_Ka_Long_Angus_Jonatan_CHRISTIE_Malaysia_Masters_2020_QuarterFinals,data/clips_cropped_multi\NG_Ka_Long_Angus_Jonatan_CHRISTIE_Malaysia_Masters_2020_QuarterFinals\clear\set1_rally19_ball5.0.mp4,clear,OK,1.0,1.0,data/pose_features_multi\NG_Ka_Long_Angus_Jonatan_CHRISTIE_Malaysia_Masters_2020_QuarterFinals\clear\set1_rally19_ball5.0.npy
NG_Ka_Long_Angus_Jonatan_CHRISTIE_Malaysia_Masters_2020_QuarterFinals,data/clips_cropped_multi\NG_Ka_Long_Angus_Jonatan_CHRISTIE_Malaysia_Masters_2020_QuarterFinals\clear\set1_rally26_ball12.0.mp4,clear,POSE_INSUFFICIENT,0.643,0.679,data/pose_features_multi\NG_Ka_Long_Angus_Jonatan_CHRISTIE_Malaysia_Masters_2020_QuarterFinals\clear\set1_rally26_ball12.0.npy
NG_Ka_Long_Angus_Jonatan_CHRISTIE_Malaysia_Masters_2020_QuarterFinals,data/clips_cropped_multi\NG_Ka_Long_Angus_Jonatan_CHRISTIE_Malaysia_Masters_2020_QuarterFinals\clear\set1_rally26_ball13.0.mp4,clear,OK,1.0,1.0,data/pose_features_multi\NG_Ka_Long_Angus_Jonatan_CHRISTIE_Malaysia_Masters_2020_QuarterFinals\clear\set1_rally26_ball13.0.npy
NG_Ka_Long_Angus_Jonatan_CHRISTIE_Malaysia_Masters_2020_QuarterFinals,data/clips_cropped_multi\NG_Ka_Long_Angus_Jonatan_CHRISTIE_Malaysia_Masters_2020_QuarterFinals\clear\set1_rally26_ball14.0.mp4,clear,OK,1.0,1.0,data/pose_features_multi\NG_Ka_Long_Angus_Jonatan_CHRISTIE_Malaysia_Masters_2020_QuarterFinals\clear\set1_rally26_ball14.0.npy
NG_Ka_Long_Angus_Jonatan_CHRISTIE_Malaysia_Masters_2020_QuarterFinals,data/clips_cropped_multi\NG_Ka_Long_Angus_Jonatan_CHRISTIE_Malaysia_Masters_2020_QuarterFinals\clear\set1_rally26_ball3.0.mp4,clear,OK,1.0,1.0,data/pose_features_multi\NG_Ka_Long_Angus_Jonatan_CHRISTIE_Malaysia_Masters_2020_QuarterFinals\clear\set1_rally26_ball3.0.npy
NG_Ka_Long_Angus_Jonatan_CHRISTIE_Malaysia_Masters_2020_QuarterFinals,data/clips_cropped_multi\NG_Ka_Long_Angus_Jonatan_CHRISTIE_Malaysia_Masters_2020_QuarterFinals\clear\set1_rally28_ball4.0.mp4,clear,POSE_INSUFFICIENT,0.161,0.518,data/pose_features_multi\NG_Ka_Long_Angus_Jonatan_CHRISTIE_Malaysia_Masters_2020_QuarterFinals\clear\set1_rally28_ball4.0.npy
NG_Ka_Long_Angus_Jonatan_CHRISTIE_Malaysia_Masters_2020_QuarterFinals,data/clips_cropped_multi\NG_Ka_Long_Angus_Jonatan_CHRISTIE_Malaysia_Masters_2020_QuarterFinals\clear\set1_rally31_ball16.0.mp4,clear,OK,1.0,0.821,data/pose_features_multi\NG_Ka_Long_Angus_Jonatan_CHRISTIE_Malaysia_Masters_2020_QuarterFinals\clear\set1_rally31_ball16.0.npy
NG_Ka_Long_Angus_Jonatan_CHRISTIE_Malaysia_Masters_2020_QuarterFinals,data/clips_cropped_multi\NG_Ka_Long_Angus_Jonatan_CHRISTIE_Malaysia_Masters_2020_QuarterFinals\clear\set1_rally36_ball7.0.mp4,clear,OK,0.946,0.786,data/pose_features_multi\NG_Ka_Long_Angus_Jonatan_CHRISTIE_Malaysia_Masters_2020_QuarterFinals\clear\set1_rally36_ball7.0.npy
NG_Ka_Long_Angus_Jonatan_CHRISTIE_Malaysia_Masters_2020_QuarterFinals,data/clips_cropped_multi\NG_Ka_Long_Angus_Jonatan_CHRISTIE_Malaysia_Masters_2020_QuarterFinals\clear\set1_rally8_ball17.0.mp4,clear,OK,1.0,0.804,data/pose_features_multi\NG_Ka_Long_Angus_Jonatan_CHRISTIE_Malaysia_Masters_2020_QuarterFinals\clear\set1_rally8_ball17.0.npy
NG_Ka_Long_Angus_Jonatan_CHRISTIE_Malaysia_Masters_2020_QuarterFinals,data/clips_cropped_multi\NG_Ka_Long_Angus_Jonatan_CHRISTIE_Malaysia_Masters_2020_QuarterFinals\clear\set1_rally8_ball5.0.mp4,clear,OK,1.0,0.571,data/pose_features_multi\NG_Ka_Long_Angus_Jonatan_CHRISTIE_Malaysia_Masters_2020_QuarterFinals\clear\set1_rally8_ball5.0.npy
NG_Ka_Long_Angus_Jonatan_CHRISTIE_Malaysia_Masters_2020_QuarterFinals,data/clips_cropped_multi\NG_Ka_Long_Angus_Jonatan_CHRISTIE_Malaysia_Masters_2020_QuarterFinals\clear\set1_rally8_ball6.0.mp4,clear,OK,1.0,1.0,data/pose_features_multi\NG_Ka_Long_Angus_Jonatan_CHRISTIE_Malaysia_Masters_2020_QuarterFinals\clear\set1_rally8_ball6.0.npy
NG_Ka_Long_Angus_Jonatan_CHRISTIE_Malaysia_Masters_2020_QuarterFinals,data/clips_cropped_multi\NG_Ka_Long_Angus_Jonatan_CHRISTIE_Malaysia_Masters_2020_QuarterFinals\clear\set1_rally9_ball10.0.mp4,clear,OK,1.0,1.0,data/pose_features_multi\NG_Ka_Long_Angus_Jonatan_CHRISTIE_Malaysia_Masters_2020_QuarterFinals\clear\set1_rally9_ball10.0.npy
NG_Ka_Long_Angus_Jonatan_CHRISTIE_Malaysia_Masters_2020_QuarterFinals,data/clips_cropped_multi\NG_Ka_Long_Angus_Jonatan_CHRISTIE_Malaysia_Masters_2020_QuarterFinals\clear\set1_rally9_ball13.0.mp4,clear,OK,1.0,1.0,data/pose_features_multi\NG_Ka_Long_Angus_Jonatan_CHRISTIE_Malaysia_Masters_2020_QuarterFinals\clear\set1_rally9_ball13.0.npy
NG_Ka_Long_Angus_Jonatan_CHRISTIE_Malaysia_Masters_2020_QuarterFinals,data/clips_cropped_multi\NG_Ka_Long_Angus_Jonatan_CHRISTIE_Malaysia_Masters_2020_QuarterFinals\clear\set1_rally9_ball14.0.mp4,clear,OK,1.0,0.946,data/pose_features_multi\NG_Ka_Long_Angus_Jonatan_CHRISTIE_Malaysia_Masters_2020_QuarterFinals\clear\set1_rally9_ball14.0.npy
NG_Ka_Long_Angus_Jonatan_CHRISTIE_Malaysia_Masters_2020_QuarterFinals,data/clips_cropped_multi\NG_Ka_Long_Angus_Jonatan_CHRISTIE_Malaysia_Masters_2020_QuarterFinals\clear\set1_rally9_ball15.0.mp4,clear,OK,1.0,1.0,data/pose_features_multi\NG_Ka_Long_Angus_Jonatan_CHRISTIE_Malaysia_Masters_2020_QuarterFinals\clear\set1_rally9_ball15.0.npy
NG_Ka_Long_Angus_Jonatan_CHRISTIE_Malaysia_Masters_2020_QuarterFinals,data/clips_cropped_multi\NG_Ka_Long_Angus_Jonatan_CHRISTIE_Malaysia_Masters_2020_QuarterFinals\clear\set2_rally14_ball11.0.mp4,clear,OK,1.0,0.75,data/pose_features_multi\NG_Ka_Long_Angus_Jonatan_CHRISTIE_Malaysia_Masters_2020_QuarterFinals\clear\set2_rally14_ball11.0.npy
NG_Ka_Long_Angus_Jonatan_CHRISTIE_Malaysia_Masters_2020_QuarterFinals,data/clips_cropped_multi\NG_Ka_Long_Angus_Jonatan_CHRISTIE_Malaysia_Masters_2020_QuarterFinals\clear\set2_rally14_ball12.0.mp4,clear,OK,1.0,1.0,data/pose_features_multi\NG_Ka_Long_Angus_Jonatan_CHRISTIE_Malaysia_Masters_2020_QuarterFinals\clear\set2_rally14_ball12.0.npy
NG_Ka_Long_Angus_Jonatan_CHRISTIE_Malaysia_Masters_2020_QuarterFinals,data/clips_cropped_multi\NG_Ka_Long_Angus_Jonatan_CHRISTIE_Malaysia_Masters_2020_QuarterFinals\clear\set2_rally16_ball10.0.mp4,clear,OK,0.911,0.786,data/pose_features_multi\NG_Ka_Long_Angus_Jonatan_CHRISTIE_Malaysia_Masters_2020_QuarterFinals\clear\set2_rally16_ball10.0.npy
NG_Ka_Long_Angus_Jonatan_CHRISTIE_Malaysia_Masters_2020_QuarterFinals,data/clips_cropped_multi\NG_Ka_Long_Angus_Jonatan_CHRISTIE_Malaysia_Masters_2020_QuarterFinals\clear\set2_rally17_ball11.0.mp4,clear,OK,1.0,0.554,data/pose_features_multi\NG_Ka_Long_Angus_Jonatan_CHRISTIE_Malaysia_Masters_2020_QuarterFinals\clear\set2_rally17_ball11.0.npy
NG_Ka_Long_Angus_Jonatan_CHRISTIE_Malaysia_Masters_2020_QuarterFinals,data/clips_cropped_multi\NG_Ka_Long_Angus_Jonatan_CHRISTIE_Malaysia_Masters_2020_QuarterFinals\clear\set2_rally17_ball12.0.mp4,clear,OK,0.839,0.839,data/pose_features_multi\NG_Ka_Long_Angus_Jonatan_CHRISTIE_Malaysia_Masters_2020_QuarterFinals\clear\set2_rally17_ball12.0.npy
NG_Ka_Long_Angus_Jonatan_CHRISTIE_Malaysia_Masters_2020_QuarterFinals,data/clips_cropped_multi\NG_Ka_Long_Angus_Jonatan_CHRISTIE_Malaysia_Masters_2020_QuarterFinals\clear\set2_rally19_ball10.0.mp4,clear,OK,1.0,1.0,data/pose_features_multi\NG_Ka_Long_Angus_Jonatan_CHRISTIE_Malaysia_Masters_2020_QuarterFinals\clear\set2_rally19_ball10.0.npy
NG_Ka_Long_Angus_Jonatan_CHRISTIE_Malaysia_Masters_2020_QuarterFinals,data/clips_cropped_multi\NG_Ka_Long_Angus_Jonatan_CHRISTIE_Malaysia_Masters_2020_QuarterFinals\clear\set2_rally24_ball8.0.mp4,clear,OK,1.0,0.714,data/pose_features_multi\NG_Ka_Long_Angus_Jonatan_CHRISTIE_Malaysia_Masters_2020_QuarterFinals\clear\set2_rally24_ball8.0.npy
NG_Ka_Long_Angus_Jonatan_CHRISTIE_Malaysia_Masters_2020_QuarterFinals,data/clips_cropped_multi\NG_Ka_Long_Angus_Jonatan_CHRISTIE_Malaysia_Masters_2020_QuarterFinals\clear\set2_rally28_ball4.0.mp4,clear,OK,1.0,1.0,data/pose_features_multi\NG_Ka_Long_Angus_Jonatan_CHRISTIE_Malaysia_Masters_2020_QuarterFinals\clear\set2_rally28_ball4.0.npy
NG_Ka_Long_Angus_Jonatan_CHRISTIE_Malaysia_Masters_2020_QuarterFinals,data/clips_cropped_multi\NG_Ka_Long_Angus_Jonatan_CHRISTIE_Malaysia_Masters_2020_QuarterFinals\clear\set2_rally2_ball5.0.mp4,clear,OK,1.0,0.625,data/pose_features_multi\NG_Ka_Long_Angus_Jonatan_CHRISTIE_Malaysia_Masters_2020_QuarterFinals\clear\set2_rally2_ball5.0.npy
NG_Ka_Long_Angus_Jonatan_CHRISTIE_Malaysia_Masters_2020_QuarterFinals,data/clips_cropped_multi\NG_Ka_Long_Angus_Jonatan_CHRISTIE_Malaysia_Masters_2020_QuarterFinals\clear\set2_rally2_ball6.0.mp4,clear,OK,0.786,0.786,data/pose_features_multi\NG_Ka_Long_Angus_Jonatan_CHRISTIE_Malaysia_Masters_2020_QuarterFinals\clear\set2_rally2_ball6.0.npy
NG_Ka_Long_Angus_Jonatan_CHRISTIE_Malaysia_Masters_2020_QuarterFinals,data/clips_cropped_multi\NG_Ka_Long_Angus_Jonatan_CHRISTIE_Malaysia_Masters_2020_QuarterFinals\clear\set2_rally32_ball8.0.mp4,clear,OK,1.0,1.0,data/pose_features_multi\NG_Ka_Long_Angus_Jonatan_CHRISTIE_Malaysia_Masters_2020_QuarterFinals\clear\set2_rally32_ball8.0.npy
NG_Ka_Long_Angus_Jonatan_CHRISTIE_Malaysia_Masters_2020_QuarterFinals,data/clips_cropped_multi\NG_Ka_Long_Angus_Jonatan_CHRISTIE_Malaysia_Masters_2020_QuarterFinals\clear\set2_rally32_ball9.0.mp4,clear,OK,1.0,0.768,data/pose_features_multi\NG_Ka_Long_Angus_Jonatan_CHRISTIE_Malaysia_Masters_2020_QuarterFinals\clear\set2_rally32_ball9.0.npy
NG_Ka_Long_Angus_Jonatan_CHRISTIE_Malaysia_Masters_2020_QuarterFinals,data/clips_cropped_multi\NG_Ka_Long_Angus_Jonatan_CHRISTIE_Malaysia_Masters_2020_QuarterFinals\clear\set2_rally3_ball7.0.mp4,clear,OK,1.0,1.0,data/pose_features_multi\NG_Ka_Long_Angus_Jonatan_CHRISTIE_Malaysia_Masters_2020_QuarterFinals\clear\set2_rally3_ball7.0.npy
NG_Ka_Long_Angus_Jonatan_CHRISTIE_Malaysia_Masters_2020_QuarterFinals,data/clips_cropped_multi\NG_Ka_Long_Angus_Jonatan_CHRISTIE_Malaysia_Masters_2020_QuarterFinals\clear\set2_rally4_ball15.0.mp4,clear,OK,1.0,1.0,data/pose_features_multi\NG_Ka_Long_Angus_Jonatan_CHRISTIE_Malaysia_Masters_2020_QuarterFinals\clear\set2_rally4_ball15.0.npy
NG_Ka_Long_Angus_Jonatan_CHRISTIE_Malaysia_Masters_2020_QuarterFinals,data/clips_cropped_multi\NG_Ka_Long_Angus_Jonatan_CHRISTIE_Malaysia_Masters_2020_QuarterFinals\clear\set2_rally4_ball8.0.mp4,clear,OK,1.0,1.0,data/pose_features_multi\NG_Ka_Long_Angus_Jonatan_CHRISTIE_Malaysia_Masters_2020_QuarterFinals\clear\set2_rally4_ball8.0.npy
NG_Ka_Long_Angus_Jonatan_CHRISTIE_Malaysia_Masters_2020_QuarterFinals,data/clips_cropped_multi\NG_Ka_Long_Angus_Jonatan_CHRISTIE_Malaysia_Masters_2020_QuarterFinals\clear\set2_rally6_ball3.0.mp4,clear,OK,1.0,1.0,data/pose_features_multi\NG_Ka_Long_Angus_Jonatan_CHRISTIE_Malaysia_Masters_2020_QuarterFinals\clear\set2_rally6_ball3.0.npy
NG_Ka_Long_Angus_Jonatan_CHRISTIE_Malaysia_Masters_2020_QuarterFinals,data/clips_cropped_multi\NG_Ka_Long_Angus_Jonatan_CHRISTIE_Malaysia_Masters_2020_QuarterFinals\clear\set3_rally12_ball3.0.mp4,clear,OK,0.839,0.839,data/pose_features_multi\NG_Ka_Long_Angus_Jonatan_CHRISTIE_Malaysia_Masters_2020_QuarterFinals\clear\set3_rally12_ball3.0.npy
NG_Ka_Long_Angus_Jonatan_CHRISTIE_Malaysia_Masters_2020_QuarterFinals,data/clips_cropped_multi\NG_Ka_Long_Angus_Jonatan_CHRISTIE_Malaysia_Masters_2020_QuarterFinals\clear\set3_rally16_ball14.0.mp4,clear,OK,1.0,0.696,data/pose_features_multi\NG_Ka_Long_Angus_Jonatan_CHRISTIE_Malaysia_Masters_2020_QuarterFinals\clear\set3_rally16_ball14.0.npy
NG_Ka_Long_Angus_Jonatan_CHRISTIE_Malaysia_Masters_2020_QuarterFinals,data/clips_cropped_multi\NG_Ka_Long_Angus_Jonatan_CHRISTIE_Malaysia_Masters_2020_QuarterFinals\clear\set3_rally20_ball5.0.mp4,clear,OK,1.0,0.964,data/pose_features_multi\NG_Ka_Long_Angus_Jonatan_CHRISTIE_Malaysia_Masters_2020_QuarterFinals\clear\set3_rally20_ball5.0.npy
NG_Ka_Long_Angus_Jonatan_CHRISTIE_Malaysia_Masters_2020_QuarterFinals,data/clips_cropped_multi\NG_Ka_Long_Angus_Jonatan_CHRISTIE_Malaysia_Masters_2020_QuarterFinals\clear\set3_rally21_ball12.0.mp4,clear,OK,1.0,0.893,data/pose_features_multi\NG_Ka_Long_Angus_Jonatan_CHRISTIE_Malaysia_Masters_2020_QuarterFinals\clear\set3_rally21_ball12.0.npy
NG_Ka_Long_Angus_Jonatan_CHRISTIE_Malaysia_Masters_2020_QuarterFinals,data/clips_cropped_multi\NG_Ka_Long_Angus_Jonatan_CHRISTIE_Malaysia_Masters_2020_QuarterFinals\clear\set3_rally21_ball13.0.mp4,clear,OK,1.0,1.0,data/pose_features_multi\NG_Ka_Long_Angus_Jonatan_CHRISTIE_Malaysia_Masters_2020_QuarterFinals\clear\set3_rally21_ball13.0.npy
NG_Ka_Long_Angus_Jonatan_CHRISTIE_Malaysia_Masters_2020_QuarterFinals,data/clips_cropped_multi\NG_Ka_Long_Angus_Jonatan_CHRISTIE_Malaysia_Masters_2020_QuarterFinals\clear\set3_rally23_ball3.0.mp4,clear,OK,1.0,1.0,data/pose_features_multi\NG_Ka_Long_Angus_Jonatan_CHRISTIE_Malaysia_Masters_2020_QuarterFinals\clear\set3_rally23_ball3.0.npy
NG_Ka_Long_Angus_Jonatan_CHRISTIE_Malaysia_Masters_2020_QuarterFinals,data/clips_cropped_multi\NG_Ka_Long_Angus_Jonatan_CHRISTIE_Malaysia_Masters_2020_QuarterFinals\clear\set3_rally24_ball11.0.mp4,clear,OK,1.0,1.0,data/pose_features_multi\NG_Ka_Long_Angus_Jonatan_CHRISTIE_Malaysia_Masters_2020_QuarterFinals\clear\set3_rally24_ball11.0.npy
NG_Ka_Long_Angus_Jonatan_CHRISTIE_Malaysia_Masters_2020_QuarterFinals,data/clips_cropped_multi\NG_Ka_Long_Angus_Jonatan_CHRISTIE_Malaysia_Masters_2020_QuarterFinals\clear\set3_rally30_ball17.0.mp4,clear,OK,1.0,1.0,data/pose_features_multi\NG_Ka_Long_Angus_Jonatan_CHRISTIE_Malaysia_Masters_2020_QuarterFinals\clear\set3_rally30_ball17.0.npy
NG_Ka_Long_Angus_Jonatan_CHRISTIE_Malaysia_Masters_2020_QuarterFinals,data/clips_cropped_multi\NG_Ka_Long_Angus_Jonatan_CHRISTIE_Malaysia_Masters_2020_QuarterFinals\clear\set3_rally30_ball9.0.mp4,clear,POSE_INSUFFICIENT,0.696,0.768,data/pose_features_multi\NG_Ka_Long_Angus_Jonatan_CHRISTIE_Malaysia_Masters_2020_QuarterFinals\clear\set3_rally30_ball9.0.npy
NG_Ka_Long_Angus_Jonatan_CHRISTIE_Malaysia_Masters_2020_QuarterFinals,data/clips_cropped_multi\NG_Ka_Long_Angus_Jonatan_CHRISTIE_Malaysia_Masters_2020_QuarterFinals\clear\set3_rally38_ball23.0.mp4,clear,OK,0.875,1.0,data/pose_features_multi\NG_Ka_Long_Angus_Jonatan_CHRISTIE_Malaysia_Masters_2020_QuarterFinals\clear\set3_rally38_ball23.0.npy
NG_Ka_Long_Angus_Jonatan_CHRISTIE_Malaysia_Masters_2020_QuarterFinals,data/clips_cropped_multi\NG_Ka_Long_Angus_Jonatan_CHRISTIE_Malaysia_Masters_2020_QuarterFinals\clear\set3_rally5_ball7.0.mp4,clear,OK,1.0,1.0,data/pose_features_multi\NG_Ka_Long_Angus_Jonatan_CHRISTIE_Malaysia_Masters_2020_QuarterFinals\clear\set3_rally5_ball7.0.npy
NG_Ka_Long_Angus_Jonatan_CHRISTIE_Malaysia_Masters_2020_QuarterFinals,data/clips_cropped_multi\NG_Ka_Long_Angus_Jonatan_CHRISTIE_Malaysia_Masters_2020_QuarterFinals\clear\set3_rally9_ball14.0.mp4,clear,POSE_INSUFFICIENT,0.375,0.214,data/pose_features_multi\NG_Ka_Long_Angus_Jonatan_CHRISTIE_Malaysia_Masters_2020_QuarterFinals\clear\set3_rally9_ball14.0.npy
NG_Ka_Long_Angus_Jonatan_CHRISTIE_Malaysia_Masters_2020_QuarterFinals,data/clips_cropped_multi\NG_Ka_Long_Angus_Jonatan_CHRISTIE_Malaysia_Masters_2020_QuarterFinals\net_shot\set1_rally10_ball2.0.mp4,net_shot,POSE_INSUFFICIENT,0.0,0.054,data/pose_features_multi\NG_Ka_Long_Angus_Jonatan_CHRISTIE_Malaysia_Masters_2020_QuarterFinals\net_shot\set1_rally10_ball2.0.npy
NG_Ka_Long_Angus_Jonatan_CHRISTIE_Malaysia_Masters_2020_QuarterFinals,data/clips_cropped_multi\NG_Ka_Long_Angus_Jonatan_CHRISTIE_Malaysia_Masters_2020_QuarterFinals\net_shot\set1_rally12_ball2.0.mp4,net_shot,POSE_INSUFFICIENT,0.0,0.054,data/pose_features_multi\NG_Ka_Long_Angus_Jonatan_CHRISTIE_Malaysia_Masters_2020_QuarterFinals\net_shot\set1_rally12_ball2.0.npy
NG_Ka_Long_Angus_Jonatan_CHRISTIE_Malaysia_Masters_2020_QuarterFinals,data/clips_cropped_multi\NG_Ka_Long_Angus_Jonatan_CHRISTIE_Malaysia_Masters_2020_QuarterFinals\net_shot\set1_rally12_ball6.0.mp4,net_shot,OK,1.0,1.0,data/pose_features_multi\NG_Ka_Long_Angus_Jonatan_CHRISTIE_Malaysia_Masters_2020_QuarterFinals\net_shot\set1_rally12_ball6.0.npy
NG_Ka_Long_Angus_Jonatan_CHRISTIE_Malaysia_Masters_2020_QuarterFinals,data/clips_cropped_multi\NG_Ka_Long_Angus_Jonatan_CHRISTIE_Malaysia_Masters_2020_QuarterFinals\net_shot\set1_rally13_ball5.0.mp4,net_shot,OK,1.0,0.75,data/pose_features_multi\NG_Ka_Long_Angus_Jonatan_CHRISTIE_Malaysia_Masters_2020_QuarterFinals\net_shot\set1_rally13_ball5.0.npy
NG_Ka_Long_Angus_Jonatan_CHRISTIE_Malaysia_Masters_2020_QuarterFinals,data/clips_cropped_multi\NG_Ka_Long_Angus_Jonatan_CHRISTIE_Malaysia_Masters_2020_QuarterFinals\net_shot\set1_rally14_ball11.0.mp4,net_shot,OK,1.0,1.0,data/pose_features_multi\NG_Ka_Long_Angus_Jonatan_CHRISTIE_Malaysia_Masters_2020_QuarterFinals\net_shot\set1_rally14_ball11.0.npy
NG_Ka_Long_Angus_Jonatan_CHRISTIE_Malaysia_Masters_2020_QuarterFinals,data/clips_cropped_multi\NG_Ka_Long_Angus_Jonatan_CHRISTIE_Malaysia_Masters_2020_QuarterFinals\net_shot\set1_rally14_ball15.0.mp4,net_shot,OK,1.0,1.0,data/pose_features_multi\NG_Ka_Long_Angus_Jonatan_CHRISTIE_Malaysia_Masters_2020_QuarterFinals\net_shot\set1_rally14_ball15.0.npy
NG_Ka_Long_Angus_Jonatan_CHRISTIE_Malaysia_Masters_2020_QuarterFinals,data/clips_cropped_multi\NG_Ka_Long_Angus_Jonatan_CHRISTIE_Malaysia_Masters_2020_QuarterFinals\net_shot\set1_rally14_ball16.0.mp4,net_shot,OK,1.0,1.0,data/pose_features_multi\NG_Ka_Long_Angus_Jonatan_CHRISTIE_Malaysia_Masters_2020_QuarterFinals\net_shot\set1_rally14_ball16.0.npy
NG_Ka_Long_Angus_Jonatan_CHRISTIE_Malaysia_Masters_2020_QuarterFinals,data/clips_cropped_multi\NG_Ka_Long_Angus_Jonatan_CHRISTIE_Malaysia_Masters_2020_QuarterFinals\net_shot\set1_rally14_ball8.0.mp4,net_shot,OK,1.0,1.0,data/pose_features_multi\NG_Ka_Long_Angus_Jonatan_CHRISTIE_Malaysia_Masters_2020_QuarterFinals\net_shot\set1_rally14_ball8.0.npy
NG_Ka_Long_Angus_Jonatan_CHRISTIE_Malaysia_Masters_2020_QuarterFinals,data/clips_cropped_multi\NG_Ka_Long_Angus_Jonatan_CHRISTIE_Malaysia_Masters_2020_QuarterFinals\net_shot\set1_rally15_ball2.0.mp4,net_shot,OK,1.0,0.839,data/pose_features_multi\NG_Ka_Long_Angus_Jonatan_CHRISTIE_Malaysia_Masters_2020_QuarterFinals\net_shot\set1_rally15_ball2.0.npy
NG_Ka_Long_Angus_Jonatan_CHRISTIE_Malaysia_Masters_2020_QuarterFinals,data/clips_cropped_multi\NG_Ka_Long_Angus_Jonatan_CHRISTIE_Malaysia_Masters_2020_QuarterFinals\net_shot\set1_rally15_ball8.0.mp4,net_shot,OK,0.875,0.607,data/pose_features_multi\NG_Ka_Long_Angus_Jonatan_CHRISTIE_Malaysia_Masters_2020_QuarterFinals\net_shot\set1_rally15_ball8.0.npy
NG_Ka_Long_Angus_Jonatan_CHRISTIE_Malaysia_Masters_2020_QuarterFinals,data/clips_cropped_multi\NG_Ka_Long_Angus_Jonatan_CHRISTIE_Malaysia_Masters_2020_QuarterFinals\net_shot\set1_rally15_ball9.0.mp4,net_shot,OK,0.875,0.875,data/pose_features_multi\NG_Ka_Long_Angus_Jonatan_CHRISTIE_Malaysia_Masters_2020_QuarterFinals\net_shot\set1_rally15_ball9.0.npy
NG_Ka_Long_Angus_Jonatan_CHRISTIE_Malaysia_Masters_2020_QuarterFinals,data/clips_cropped_multi\NG_Ka_Long_Angus_Jonatan_CHRISTIE_Malaysia_Masters_2020_QuarterFinals\net_shot\set1_rally16_ball4.0.mp4,net_shot,OK,1.0,0.607,data/pose_features_multi\NG_Ka_Long_Angus_Jonatan_CHRISTIE_Malaysia_Masters_2020_QuarterFinals\net_shot\set1_rally16_ball4.0.npy
NG_Ka_Long_Angus_Jonatan_CHRISTIE_Malaysia_Masters_2020_QuarterFinals,data/clips_cropped_multi\NG_Ka_Long_Angus_Jonatan_CHRISTIE_Malaysia_Masters_2020_QuarterFinals\net_shot\set1_rally16_ball5.0.mp4,net_shot,OK,1.0,0.857,data/pose_features_multi\NG_Ka_Long_Angus_Jonatan_CHRISTIE_Malaysia_Masters_2020_QuarterFinals\net_shot\set1_rally16_ball5.0.npy
NG_Ka_Long_Angus_Jonatan_CHRISTIE_Malaysia_Masters_2020_QuarterFinals,data/clips_cropped_multi\NG_Ka_Long_Angus_Jonatan_CHRISTIE_Malaysia_Masters_2020_QuarterFinals\net_shot\set1_rally16_ball8.0.mp4,net_shot,OK,0.857,0.857,data/pose_features_multi\NG_Ka_Long_Angus_Jonatan_CHRISTIE_Malaysia_Masters_2020_QuarterFinals\net_shot\set1_rally16_ball8.0.npy
NG_Ka_Long_Angus_Jonatan_CHRISTIE_Malaysia_Masters_2020_QuarterFinals,data/clips_cropped_multi\NG_Ka_Long_Angus_Jonatan_CHRISTIE_Malaysia_Masters_2020_QuarterFinals\net_shot\set1_rally1_ball2.0.mp4,net_shot,POSE_INSUFFICIENT,0.0,0.107,data/pose_features_multi\NG_Ka_Long_Angus_Jonatan_CHRISTIE_Malaysia_Masters_2020_QuarterFinals\net_shot\set1_rally1_ball2.0.npy
NG_Ka_Long_Angus_Jonatan_CHRISTIE_Malaysia_Masters_2020_QuarterFinals,data/clips_cropped_multi\NG_Ka_Long_Angus_Jonatan_CHRISTIE_Malaysia_Masters_2020_QuarterFinals\net_shot\set1_rally1_ball6.0.mp4,net_shot,OK,0.982,0.982,data/pose_features_multi\NG_Ka_Long_Angus_Jonatan_CHRISTIE_Malaysia_Masters_2020_QuarterFinals\net_shot\set1_rally1_ball6.0.npy
NG_Ka_Long_Angus_Jonatan_CHRISTIE_Malaysia_Masters_2020_QuarterFinals,data/clips_cropped_multi\NG_Ka_Long_Angus_Jonatan_CHRISTIE_Malaysia_Masters_2020_QuarterFinals\net_shot\set1_rally21_ball3.0.mp4,net_shot,OK,1.0,0.714,data/pose_features_multi\NG_Ka_Long_Angus_Jonatan_CHRISTIE_Malaysia_Masters_2020_QuarterFinals\net_shot\set1_rally21_ball3.0.npy
NG_Ka_Long_Angus_Jonatan_CHRISTIE_Malaysia_Masters_2020_QuarterFinals,data/clips_cropped_multi\NG_Ka_Long_Angus_Jonatan_CHRISTIE_Malaysia_Masters_2020_QuarterFinals\net_shot\set1_rally21_ball4.0.mp4,net_shot,POSE_INSUFFICIENT,0.0,0.0,data/pose_features_multi\NG_Ka_Long_Angus_Jonatan_CHRISTIE_Malaysia_Masters_2020_QuarterFinals\net_shot\set1_rally21_ball4.0.npy
NG_Ka_Long_Angus_Jonatan_CHRISTIE_Malaysia_Masters_2020_QuarterFinals,data/clips_cropped_multi\NG_Ka_Long_Angus_Jonatan_CHRISTIE_Malaysia_Masters_2020_QuarterFinals\net_shot\set1_rally21_ball8.0.mp4,net_shot,POSE_INSUFFICIENT,0.304,0.304,data/pose_features_multi\NG_Ka_Long_Angus_Jonatan_CHRISTIE_Malaysia_Masters_2020_QuarterFinals\net_shot\set1_rally21_ball8.0.npy
NG_Ka_Long_Angus_Jonatan_CHRISTIE_Malaysia_Masters_2020_QuarterFinals,data/clips_cropped_multi\NG_Ka_Long_Angus_Jonatan_CHRISTIE_Malaysia_Masters_2020_QuarterFinals\net_shot\set1_rally21_ball9.0.mp4,net_shot,OK,1.0,1.0,data/pose_features_multi\NG_Ka_Long_Angus_Jonatan_CHRISTIE_Malaysia_Masters_2020_QuarterFinals\net_shot\set1_rally21_ball9.0.npy
NG_Ka_Long_Angus_Jonatan_CHRISTIE_Malaysia_Masters_2020_QuarterFinals,data/clips_cropped_multi\NG_Ka_Long_Angus_Jonatan_CHRISTIE_Malaysia_Masters_2020_QuarterFinals\net_shot\set1_rally22_ball5.0.mp4,net_shot,OK,1.0,1.0,data/pose_features_multi\NG_Ka_Long_Angus_Jonatan_CHRISTIE_Malaysia_Masters_2020_QuarterFinals\net_shot\set1_rally22_ball5.0.npy
NG_Ka_Long_Angus_Jonatan_CHRISTIE_Malaysia_Masters_2020_QuarterFinals,data/clips_cropped_multi\NG_Ka_Long_Angus_Jonatan_CHRISTIE_Malaysia_Masters_2020_QuarterFinals\net_shot\set1_rally23_ball10.0.mp4,net_shot,OK,1.0,1.0,data/pose_features_multi\NG_Ka_Long_Angus_Jonatan_CHRISTIE_Malaysia_Masters_2020_QuarterFinals\net_shot\set1_rally23_ball10.0.npy
NG_Ka_Long_Angus_Jonatan_CHRISTIE_Malaysia_Masters_2020_QuarterFinals,data/clips_cropped_multi\NG_Ka_Long_Angus_Jonatan_CHRISTIE_Malaysia_Masters_2020_QuarterFinals\net_shot\set1_rally23_ball2.0.mp4,net_shot,OK,1.0,0.732,data/pose_features_multi\NG_Ka_Long_Angus_Jonatan_CHRISTIE_Malaysia_Masters_2020_QuarterFinals\net_shot\set1_rally23_ball2.0.npy
NG_Ka_Long_Angus_Jonatan_CHRISTIE_Malaysia_Masters_2020_QuarterFinals,data/clips_cropped_multi\NG_Ka_Long_Angus_Jonatan_CHRISTIE_Malaysia_Masters_2020_QuarterFinals\net_shot\set1_rally23_ball3.0.mp4,net_shot,OK,1.0,1.0,data/pose_features_multi\NG_Ka_Long_Angus_Jonatan_CHRISTIE_Malaysia_Masters_2020_QuarterFinals\net_shot\set1_rally23_ball3.0.npy
NG_Ka_Long_Angus_Jonatan_CHRISTIE_Malaysia_Masters_2020_QuarterFinals,data/clips_cropped_multi\NG_Ka_Long_Angus_Jonatan_CHRISTIE_Malaysia_Masters_2020_QuarterFinals\net_shot\set1_rally23_ball7.0.mp4,net_shot,OK,1.0,1.0,data/pose_features_multi\NG_Ka_Long_Angus_Jonatan_CHRISTIE_Malaysia_Masters_2020_QuarterFinals\net_shot\set1_rally23_ball7.0.npy
NG_Ka_Long_Angus_Jonatan_CHRISTIE_Malaysia_Masters_2020_QuarterFinals,data/clips_cropped_multi\NG_Ka_Long_Angus_Jonatan_CHRISTIE_Malaysia_Masters_2020_QuarterFinals\net_shot\set1_rally23_ball8.0.mp4,net_shot,OK,1.0,1.0,data/pose_features_multi\NG_Ka_Long_Angus_Jonatan_CHRISTIE_Malaysia_Masters_2020_QuarterFinals\net_shot\set1_rally23_ball8.0.npy
NG_Ka_Long_Angus_Jonatan_CHRISTIE_Malaysia_Masters_2020_QuarterFinals,data/clips_cropped_multi\NG_Ka_Long_Angus_Jonatan_CHRISTIE_Malaysia_Masters_2020_QuarterFinals\net_shot\set1_rally23_ball9.0.mp4,net_shot,OK,1.0,1.0,data/pose_features_multi\NG_Ka_Long_Angus_Jonatan_CHRISTIE_Malaysia_Masters_2020_QuarterFinals\net_shot\set1_rally23_ball9.0.npy
NG_Ka_Long_Angus_Jonatan_CHRISTIE_Malaysia_Masters_2020_QuarterFinals,data/clips_cropped_multi\NG_Ka_Long_Angus_Jonatan_CHRISTIE_Malaysia_Masters_2020_QuarterFinals\net_shot\set1_rally24_ball2.0.mp4,net_shot,OK,1.0,0.321,data/pose_features_multi\NG_Ka_Long_Angus_Jonatan_CHRISTIE_Malaysia_Masters_2020_QuarterFinals\net_shot\set1_rally24_ball2.0.npy
NG_Ka_Long_Angus_Jonatan_CHRISTIE_Malaysia_Masters_2020_QuarterFinals,data/clips_cropped_multi\NG_Ka_Long_Angus_Jonatan_CHRISTIE_Malaysia_Masters_2020_QuarterFinals\net_shot\set1_rally25_ball10.0.mp4,net_shot,OK,1.0,1.0,data/pose_features_multi\NG_Ka_Long_Angus_Jonatan_CHRISTIE_Malaysia_Masters_2020_QuarterFinals\net_shot\set1_rally25_ball10.0.npy
NG_Ka_Long_Angus_Jonatan_CHRISTIE_Malaysia_Masters_2020_QuarterFinals,data/clips_cropped_multi\NG_Ka_Long_Angus_Jonatan_CHRISTIE_Malaysia_Masters_2020_QuarterFinals\net_shot\set1_rally25_ball2.0.mp4,net_shot,OK,1.0,1.0,data/pose_features_multi\NG_Ka_Long_Angus_Jonatan_CHRISTIE_Malaysia_Masters_2020_QuarterFinals\net_shot\set1_rally25_ball2.0.npy
NG_Ka_Long_Angus_Jonatan_CHRISTIE_Malaysia_Masters_2020_QuarterFinals,data/clips_cropped_multi\NG_Ka_Long_Angus_Jonatan_CHRISTIE_Malaysia_Masters_2020_QuarterFinals\net_shot\set1_rally25_ball5.0.mp4,net_shot,POSE_INSUFFICIENT,0.696,0.696,data/pose_features_multi\NG_Ka_Long_Angus_Jonatan_CHRISTIE_Malaysia_Masters_2020_QuarterFinals\net_shot\set1_rally25_ball5.0.npy
NG_Ka_Long_Angus_Jonatan_CHRISTIE_Malaysia_Masters_2020_QuarterFinals,data/clips_cropped_multi\NG_Ka_Long_Angus_Jonatan_CHRISTIE_Malaysia_Masters_2020_QuarterFinals\net_shot\set1_rally25_ball8.0.mp4,net_shot,POSE_INSUFFICIENT,0.446,0.643,data/pose_features_multi\NG_Ka_Long_Angus_Jonatan_CHRISTIE_Malaysia_Masters_2020_QuarterFinals\net_shot\set1_rally25_ball8.0.npy
NG_Ka_Long_Angus_Jonatan_CHRISTIE_Malaysia_Masters_2020_QuarterFinals,data/clips_cropped_multi\NG_Ka_Long_Angus_Jonatan_CHRISTIE_Malaysia_Masters_2020_QuarterFinals\net_shot\set1_rally25_ball9.0.mp4,net_shot,OK,1.0,0.911,data/pose_features_multi\NG_Ka_Long_Angus_Jonatan_CHRISTIE_Malaysia_Masters_2020_QuarterFinals\net_shot\set1_rally25_ball9.0.npy
NG_Ka_Long_Angus_Jonatan_CHRISTIE_Malaysia_Masters_2020_QuarterFinals,data/clips_cropped_multi\NG_Ka_Long_Angus_Jonatan_CHRISTIE_Malaysia_Masters_2020_QuarterFinals\net_shot\set1_rally26_ball10.0.mp4,net_shot,OK,0.75,1.0,data/pose_features_multi\NG_Ka_Long_Angus_Jonatan_CHRISTIE_Malaysia_Masters_2020_QuarterFinals\net_shot\set1_rally26_ball10.0.npy
NG_Ka_Long_Angus_Jonatan_CHRISTIE_Malaysia_Masters_2020_QuarterFinals,data/clips_cropped_multi\NG_Ka_Long_Angus_Jonatan_CHRISTIE_Malaysia_Masters_2020_QuarterFinals\net_shot\set1_rally26_ball16.0.mp4,net_shot,OK,0.964,0.964,data/pose_features_multi\NG_Ka_Long_Angus_Jonatan_CHRISTIE_Malaysia_Masters_2020_QuarterFinals\net_shot\set1_rally26_ball16.0.npy
NG_Ka_Long_Angus_Jonatan_CHRISTIE_Malaysia_Masters_2020_QuarterFinals,data/clips_cropped_multi\NG_Ka_Long_Angus_Jonatan_CHRISTIE_Malaysia_Masters_2020_QuarterFinals\net_shot\set1_rally26_ball8.0.mp4,net_shot,OK,0.946,0.554,data/pose_features_multi\NG_Ka_Long_Angus_Jonatan_CHRISTIE_Malaysia_Masters_2020_QuarterFinals\net_shot\set1_rally26_ball8.0.npy
NG_Ka_Long_Angus_Jonatan_CHRISTIE_Malaysia_Masters_2020_QuarterFinals,data/clips_cropped_multi\NG_Ka_Long_Angus_Jonatan_CHRISTIE_Malaysia_Masters_2020_QuarterFinals\net_shot\set1_rally26_ball9.0.mp4,net_shot,OK,1.0,0.732,data/pose_features_multi\NG_Ka_Long_Angus_Jonatan_CHRISTIE_Malaysia_Masters_2020_QuarterFinals\net_shot\set1_rally26_ball9.0.npy
NG_Ka_Long_Angus_Jonatan_CHRISTIE_Malaysia_Masters_2020_QuarterFinals,data/clips_cropped_multi\NG_Ka_Long_Angus_Jonatan_CHRISTIE_Malaysia_Masters_2020_QuarterFinals\net_shot\set1_rally27_ball4.0.mp4,net_shot,OK,1.0,1.0,data/pose_features_multi\NG_Ka_Long_Angus_Jonatan_CHRISTIE_Malaysia_Masters_2020_QuarterFinals\net_shot\set1_rally27_ball4.0.npy
NG_Ka_Long_Angus_Jonatan_CHRISTIE_Malaysia_Masters_2020_QuarterFinals,data/clips_cropped_multi\NG_Ka_Long_Angus_Jonatan_CHRISTIE_Malaysia_Masters_2020_QuarterFinals\net_shot\set1_rally27_ball8.0.mp4,net_shot,OK,1.0,1.0,data/pose_features_multi\NG_Ka_Long_Angus_Jonatan_CHRISTIE_Malaysia_Masters_2020_QuarterFinals\net_shot\set1_rally27_ball8.0.npy
NG_Ka_Long_Angus_Jonatan_CHRISTIE_Malaysia_Masters_2020_QuarterFinals,data/clips_cropped_multi\NG_Ka_Long_Angus_Jonatan_CHRISTIE_Malaysia_Masters_2020_QuarterFinals\net_shot\set1_rally28_ball2.0.mp4,net_shot,OK,1.0,1.0,data/pose_features_multi\NG_Ka_Long_Angus_Jonatan_CHRISTIE_Malaysia_Masters_2020_QuarterFinals\net_shot\set1_rally28_ball2.0.npy
NG_Ka_Long_Angus_Jonatan_CHRISTIE_Malaysia_Masters_2020_QuarterFinals,data/clips_cropped_multi\NG_Ka_Long_Angus_Jonatan_CHRISTIE_Malaysia_Masters_2020_QuarterFinals\net_shot\set1_rally31_ball14.0.mp4,net_shot,OK,1.0,1.0,data/pose_features_multi\NG_Ka_Long_Angus_Jonatan_CHRISTIE_Malaysia_Masters_2020_QuarterFinals\net_shot\set1_rally31_ball14.0.npy
NG_Ka_Long_Angus_Jonatan_CHRISTIE_Malaysia_Masters_2020_QuarterFinals,data/clips_cropped_multi\NG_Ka_Long_Angus_Jonatan_CHRISTIE_Malaysia_Masters_2020_QuarterFinals\net_shot\set1_rally31_ball2.0.mp4,net_shot,OK,1.0,0.732,data/pose_features_multi\NG_Ka_Long_Angus_Jonatan_CHRISTIE_Malaysia_Masters_2020_QuarterFinals\net_shot\set1_rally31_ball2.0.npy
NG_Ka_Long_Angus_Jonatan_CHRISTIE_Malaysia_Masters_2020_QuarterFinals,data/clips_cropped_multi\NG_Ka_Long_Angus_Jonatan_CHRISTIE_Malaysia_Masters_2020_QuarterFinals\net_shot\set1_rally31_ball3.0.mp4,net_shot,OK,1.0,1.0,data/pose_features_multi\NG_Ka_Long_Angus_Jonatan_CHRISTIE_Malaysia_Masters_2020_QuarterFinals\net_shot\set1_rally31_ball3.0.npy
NG_Ka_Long_Angus_Jonatan_CHRISTIE_Malaysia_Masters_2020_QuarterFinals,data/clips_cropped_multi\NG_Ka_Long_Angus_Jonatan_CHRISTIE_Malaysia_Masters_2020_QuarterFinals\net_shot\set1_rally31_ball6.0.mp4,net_shot,OK,1.0,1.0,data/pose_features_multi\NG_Ka_Long_Angus_Jonatan_CHRISTIE_Malaysia_Masters_2020_QuarterFinals\net_shot\set1_rally31_ball6.0.npy
NG_Ka_Long_Angus_Jonatan_CHRISTIE_Malaysia_Masters_2020_QuarterFinals,data/clips_cropped_multi\NG_Ka_Long_Angus_Jonatan_CHRISTIE_Malaysia_Masters_2020_QuarterFinals\net_shot\set1_rally31_ball7.0.mp4,net_shot,OK,1.0,1.0,data/pose_features_multi\NG_Ka_Long_Angus_Jonatan_CHRISTIE_Malaysia_Masters_2020_QuarterFinals\net_shot\set1_rally31_ball7.0.npy
NG_Ka_Long_Angus_Jonatan_CHRISTIE_Malaysia_Masters_2020_QuarterFinals,data/clips_cropped_multi\NG_Ka_Long_Angus_Jonatan_CHRISTIE_Malaysia_Masters_2020_QuarterFinals\net_shot\set1_rally31_ball8.0.mp4,net_shot,OK,1.0,1.0,data/pose_features_multi\NG_Ka_Long_Angus_Jonatan_CHRISTIE_Malaysia_Masters_2020_QuarterFinals\net_shot\set1_rally31_ball8.0.npy
NG_Ka_Long_Angus_Jonatan_CHRISTIE_Malaysia_Masters_2020_QuarterFinals,data/clips_cropped_multi\NG_Ka_Long_Angus_Jonatan_CHRISTIE_Malaysia_Masters_2020_QuarterFinals\net_shot\set1_rally32_ball2.0.mp4,net_shot,OK,1.0,0.339,data/pose_features_multi\NG_Ka_Long_Angus_Jonatan_CHRISTIE_Malaysia_Masters_2020_QuarterFinals\net_shot\set1_rally32_ball2.0.npy
NG_Ka_Long_Angus_Jonatan_CHRISTIE_Malaysia_Masters_2020_QuarterFinals,data/clips_cropped_multi\NG_Ka_Long_Angus_Jonatan_CHRISTIE_Malaysia_Masters_2020_QuarterFinals\net_shot\set1_rally32_ball3.0.mp4,net_shot,OK,1.0,1.0,data/pose_features_multi\NG_Ka_Long_Angus_Jonatan_CHRISTIE_Malaysia_Masters_2020_QuarterFinals\net_shot\set1_rally32_ball3.0.npy
NG_Ka_Long_Angus_Jonatan_CHRISTIE_Malaysia_Masters_2020_QuarterFinals,data/clips_cropped_multi\NG_Ka_Long_Angus_Jonatan_CHRISTIE_Malaysia_Masters_2020_QuarterFinals\net_shot\set1_rally32_ball6.0.mp4,net_shot,OK,1.0,1.0,data/pose_features_multi\NG_Ka_Long_Angus_Jonatan_CHRISTIE_Malaysia_Masters_2020_QuarterFinals\net_shot\set1_rally32_ball6.0.npy
NG_Ka_Long_Angus_Jonatan_CHRISTIE_Malaysia_Masters_2020_QuarterFinals,data/clips_cropped_multi\NG_Ka_Long_Angus_Jonatan_CHRISTIE_Malaysia_Masters_2020_QuarterFinals\net_shot\set1_rally32_ball7.0.mp4,net_shot,POSE_INSUFFICIENT,0.0,0.0,data/pose_features_multi\NG_Ka_Long_Angus_Jonatan_CHRISTIE_Malaysia_Masters_2020_QuarterFinals\net_shot\set1_rally32_ball7.0.npy
NG_Ka_Long_Angus_Jonatan_CHRISTIE_Malaysia_Masters_2020_QuarterFinals,data/clips_cropped_multi\NG_Ka_Long_Angus_Jonatan_CHRISTIE_Malaysia_Masters_2020_QuarterFinals\net_shot\set1_rally32_ball8.0.mp4,net_shot,OK,1.0,0.714,data/pose_features_multi\NG_Ka_Long_Angus_Jonatan_CHRISTIE_Malaysia_Masters_2020_QuarterFinals\net_shot\set1_rally32_ball8.0.npy
NG_Ka_Long_Angus_Jonatan_CHRISTIE_Malaysia_Masters_2020_QuarterFinals,data/clips_cropped_multi\NG_Ka_Long_Angus_Jonatan_CHRISTIE_Malaysia_Masters_2020_QuarterFinals\net_shot\set1_rally32_ball9.0.mp4,net_shot,OK,0.964,0.964,data/pose_features_multi\NG_Ka_Long_Angus_Jonatan_CHRISTIE_Malaysia_Masters_2020_QuarterFinals\net_shot\set1_rally32_ball9.0.npy
NG_Ka_Long_Angus_Jonatan_CHRISTIE_Malaysia_Masters_2020_QuarterFinals,data/clips_cropped_multi\NG_Ka_Long_Angus_Jonatan_CHRISTIE_Malaysia_Masters_2020_QuarterFinals\net_shot\set1_rally33_ball11.0.mp4,net_shot,OK,1.0,1.0,data/pose_features_multi\NG_Ka_Long_Angus_Jonatan_CHRISTIE_Malaysia_Masters_2020_QuarterFinals\net_shot\set1_rally33_ball11.0.npy
NG_Ka_Long_Angus_Jonatan_CHRISTIE_Malaysia_Masters_2020_QuarterFinals,data/clips_cropped_multi\NG_Ka_Long_Angus_Jonatan_CHRISTIE_Malaysia_Masters_2020_QuarterFinals\net_shot\set1_rally33_ball12.0.mp4,net_shot,OK,1.0,0.786,data/pose_features_multi\NG_Ka_Long_Angus_Jonatan_CHRISTIE_Malaysia_Masters_2020_QuarterFinals\net_shot\set1_rally33_ball12.0.npy
NG_Ka_Long_Angus_Jonatan_CHRISTIE_Malaysia_Masters_2020_QuarterFinals,data/clips_cropped_multi\NG_Ka_Long_Angus_Jonatan_CHRISTIE_Malaysia_Masters_2020_QuarterFinals\net_shot\set1_rally33_ball5.0.mp4,net_shot,OK,1.0,1.0,data/pose_features_multi\NG_Ka_Long_Angus_Jonatan_CHRISTIE_Malaysia_Masters_2020_QuarterFinals\net_shot\set1_rally33_ball5.0.npy
NG_Ka_Long_Angus_Jonatan_CHRISTIE_Malaysia_Masters_2020_QuarterFinals,data/clips_cropped_multi\NG_Ka_Long_Angus_Jonatan_CHRISTIE_Malaysia_Masters_2020_QuarterFinals\net_shot\set1_rally33_ball8.0.mp4,net_shot,OK,0.821,0.821,data/pose_features_multi\NG_Ka_Long_Angus_Jonatan_CHRISTIE_Malaysia_Masters_2020_QuarterFinals\net_shot\set1_rally33_ball8.0.npy
NG_Ka_Long_Angus_Jonatan_CHRISTIE_Malaysia_Masters_2020_QuarterFinals,data/clips_cropped_multi\NG_Ka_Long_Angus_Jonatan_CHRISTIE_Malaysia_Masters_2020_QuarterFinals\net_shot\set1_rally34_ball2.0.mp4,net_shot,POSE_INSUFFICIENT,0.0,0.232,data/pose_features_multi\NG_Ka_Long_Angus_Jonatan_CHRISTIE_Malaysia_Masters_2020_QuarterFinals\net_shot\set1_rally34_ball2.0.npy
NG_Ka_Long_Angus_Jonatan_CHRISTIE_Malaysia_Masters_2020_QuarterFinals,data/clips_cropped_multi\NG_Ka_Long_Angus_Jonatan_CHRISTIE_Malaysia_Masters_2020_QuarterFinals\net_shot\set1_rally34_ball5.0.mp4,net_shot,OK,1.0,1.0,data/pose_features_multi\NG_Ka_Long_Angus_Jonatan_CHRISTIE_Malaysia_Masters_2020_QuarterFinals\net_shot\set1_rally34_ball5.0.npy
NG_Ka_Long_Angus_Jonatan_CHRISTIE_Malaysia_Masters_2020_QuarterFinals,data/clips_cropped_multi\NG_Ka_Long_Angus_Jonatan_CHRISTIE_Malaysia_Masters_2020_QuarterFinals\net_shot\set1_rally34_ball6.0.mp4,net_shot,OK,1.0,1.0,data/pose_features_multi\NG_Ka_Long_Angus_Jonatan_CHRISTIE_Malaysia_Masters_2020_QuarterFinals\net_shot\set1_rally34_ball6.0.npy
NG_Ka_Long_Angus_Jonatan_CHRISTIE_Malaysia_Masters_2020_QuarterFinals,data/clips_cropped_multi\NG_Ka_Long_Angus_Jonatan_CHRISTIE_Malaysia_Masters_2020_QuarterFinals\net_shot\set1_rally34_ball7.0.mp4,net_shot,OK,1.0,1.0,data/pose_features_multi\NG_Ka_Long_Angus_Jonatan_CHRISTIE_Malaysia_Masters_2020_QuarterFinals\net_shot\set1_rally34_ball7.0.npy
NG_Ka_Long_Angus_Jonatan_CHRISTIE_Malaysia_Masters_2020_QuarterFinals,data/clips_cropped_multi\NG_Ka_Long_Angus_Jonatan_CHRISTIE_Malaysia_Masters_2020_QuarterFinals\net_shot\set1_rally35_ball3.0.mp4,net_shot,OK,1.0,1.0,data/pose_features_multi\NG_Ka_Long_Angus_Jonatan_CHRISTIE_Malaysia_Masters_2020_QuarterFinals\net_shot\set1_rally35_ball3.0.npy
NG_Ka_Long_Angus_Jonatan_CHRISTIE_Malaysia_Masters_2020_QuarterFinals,data/clips_cropped_multi\NG_Ka_Long_Angus_Jonatan_CHRISTIE_Malaysia_Masters_2020_QuarterFinals\net_shot\set1_rally3_ball2.0.mp4,net_shot,POSE_INSUFFICIENT,0.0,0.071,data/pose_features_multi\NG_Ka_Long_Angus_Jonatan_CHRISTIE_Malaysia_Masters_2020_QuarterFinals\net_shot\set1_rally3_ball2.0.npy
NG_Ka_Long_Angus_Jonatan_CHRISTIE_Malaysia_Masters_2020_QuarterFinals,data/clips_cropped_multi\NG_Ka_Long_Angus_Jonatan_CHRISTIE_Malaysia_Masters_2020_QuarterFinals\net_shot\set1_rally3_ball3.0.mp4,net_shot,OK,1.0,1.0,data/pose_features_multi\NG_Ka_Long_Angus_Jonatan_CHRISTIE_Malaysia_Masters_2020_QuarterFinals\net_shot\set1_rally3_ball3.0.npy
NG_Ka_Long_Angus_Jonatan_CHRISTIE_Malaysia_Masters_2020_QuarterFinals,data/clips_cropped_multi\NG_Ka_Long_Angus_Jonatan_CHRISTIE_Malaysia_Masters_2020_QuarterFinals\net_shot\set1_rally4_ball2.0.mp4,net_shot,OK,1.0,0.875,data/pose_features_multi\NG_Ka_Long_Angus_Jonatan_CHRISTIE_Malaysia_Masters_2020_QuarterFinals\net_shot\set1_rally4_ball2.0.npy
NG_Ka_Long_Angus_Jonatan_CHRISTIE_Malaysia_Masters_2020_QuarterFinals,data/clips_cropped_multi\NG_Ka_Long_Angus_Jonatan_CHRISTIE_Malaysia_Masters_2020_QuarterFinals\net_shot\set1_rally6_ball2.0.mp4,net_shot,POSE_INSUFFICIENT,0.0,0.0,data/pose_features_multi\NG_Ka_Long_Angus_Jonatan_CHRISTIE_Malaysia_Masters_2020_QuarterFinals\net_shot\set1_rally6_ball2.0.npy
NG_Ka_Long_Angus_Jonatan_CHRISTIE_Malaysia_Masters_2020_QuarterFinals,data/clips_cropped_multi\NG_Ka_Long_Angus_Jonatan_CHRISTIE_Malaysia_Masters_2020_QuarterFinals\net_shot\set1_rally6_ball8.0.mp4,net_shot,POSE_INSUFFICIENT,0.679,0.679,data/pose_features_multi\NG_Ka_Long_Angus_Jonatan_CHRISTIE_Malaysia_Masters_2020_QuarterFinals\net_shot\set1_rally6_ball8.0.npy
NG_Ka_Long_Angus_Jonatan_CHRISTIE_Malaysia_Masters_2020_QuarterFinals,data/clips_cropped_multi\NG_Ka_Long_Angus_Jonatan_CHRISTIE_Malaysia_Masters_2020_QuarterFinals\net_shot\set1_rally8_ball12.0.mp4,net_shot,OK,0.964,0.821,data/pose_features_multi\NG_Ka_Long_Angus_Jonatan_CHRISTIE_Malaysia_Masters_2020_QuarterFinals\net_shot\set1_rally8_ball12.0.npy
NG_Ka_Long_Angus_Jonatan_CHRISTIE_Malaysia_Masters_2020_QuarterFinals,data/clips_cropped_multi\NG_Ka_Long_Angus_Jonatan_CHRISTIE_Malaysia_Masters_2020_QuarterFinals\net_shot\set1_rally8_ball15.0.mp4,net_shot,OK,1.0,1.0,data/pose_features_multi\NG_Ka_Long_Angus_Jonatan_CHRISTIE_Malaysia_Masters_2020_QuarterFinals\net_shot\set1_rally8_ball15.0.npy
NG_Ka_Long_Angus_Jonatan_CHRISTIE_Malaysia_Masters_2020_QuarterFinals,data/clips_cropped_multi\NG_Ka_Long_Angus_Jonatan_CHRISTIE_Malaysia_Masters_2020_QuarterFinals\net_shot\set1_rally9_ball18.0.mp4,net_shot,OK,1.0,0.786,data/pose_features_multi\NG_Ka_Long_Angus_Jonatan_CHRISTIE_Malaysia_Masters_2020_QuarterFinals\net_shot\set1_rally9_ball18.0.npy
NG_Ka_Long_Angus_Jonatan_CHRISTIE_Malaysia_Masters_2020_QuarterFinals,data/clips_cropped_multi\NG_Ka_Long_Angus_Jonatan_CHRISTIE_Malaysia_Masters_2020_QuarterFinals\net_shot\set1_rally9_ball19.0.mp4,net_shot,OK,1.0,1.0,data/pose_features_multi\NG_Ka_Long_Angus_Jonatan_CHRISTIE_Malaysia_Masters_2020_QuarterFinals\net_shot\set1_rally9_ball19.0.npy
NG_Ka_Long_Angus_Jonatan_CHRISTIE_Malaysia_Masters_2020_QuarterFinals,data/clips_cropped_multi\NG_Ka_Long_Angus_Jonatan_CHRISTIE_Malaysia_Masters_2020_QuarterFinals\net_shot\set1_rally9_ball2.0.mp4,net_shot,OK,1.0,0.911,data/pose_features_multi\NG_Ka_Long_Angus_Jonatan_CHRISTIE_Malaysia_Masters_2020_QuarterFinals\net_shot\set1_rally9_ball2.0.npy
NG_Ka_Long_Angus_Jonatan_CHRISTIE_Malaysia_Masters_2020_QuarterFinals,data/clips_cropped_multi\NG_Ka_Long_Angus_Jonatan_CHRISTIE_Malaysia_Masters_2020_QuarterFinals\net_shot\set1_rally9_ball3.0.mp4,net_shot,OK,1.0,1.0,data/pose_features_multi\NG_Ka_Long_Angus_Jonatan_CHRISTIE_Malaysia_Masters_2020_QuarterFinals\net_shot\set1_rally9_ball3.0.npy
NG_Ka_Long_Angus_Jonatan_CHRISTIE_Malaysia_Masters_2020_QuarterFinals,data/clips_cropped_multi\NG_Ka_Long_Angus_Jonatan_CHRISTIE_Malaysia_Masters_2020_QuarterFinals\net_shot\set2_rally11_ball2.0.mp4,net_shot,OK,1.0,1.0,data/pose_features_multi\NG_Ka_Long_Angus_Jonatan_CHRISTIE_Malaysia_Masters_2020_QuarterFinals\net_shot\set2_rally11_ball2.0.npy
NG_Ka_Long_Angus_Jonatan_CHRISTIE_Malaysia_Masters_2020_QuarterFinals,data/clips_cropped_multi\NG_Ka_Long_Angus_Jonatan_CHRISTIE_Malaysia_Masters_2020_QuarterFinals\net_shot\set2_rally12_ball10.0.mp4,net_shot,OK,1.0,1.0,data/pose_features_multi\NG_Ka_Long_Angus_Jonatan_CHRISTIE_Malaysia_Masters_2020_QuarterFinals\net_shot\set2_rally12_ball10.0.npy
NG_Ka_Long_Angus_Jonatan_CHRISTIE_Malaysia_Masters_2020_QuarterFinals,data/clips_cropped_multi\NG_Ka_Long_Angus_Jonatan_CHRISTIE_Malaysia_Masters_2020_QuarterFinals\net_shot\set2_rally12_ball2.0.mp4,net_shot,OK,0.714,0.714,data/pose_features_multi\NG_Ka_Long_Angus_Jonatan_CHRISTIE_Malaysia_Masters_2020_QuarterFinals\net_shot\set2_rally12_ball2.0.npy
NG_Ka_Long_Angus_Jonatan_CHRISTIE_Malaysia_Masters_2020_QuarterFinals,data/clips_cropped_multi\NG_Ka_Long_Angus_Jonatan_CHRISTIE_Malaysia_Masters_2020_QuarterFinals\net_shot\set2_rally12_ball9.0.mp4,net_shot,OK,1.0,1.0,data/pose_features_multi\NG_Ka_Long_Angus_Jonatan_CHRISTIE_Malaysia_Masters_2020_QuarterFinals\net_shot\set2_rally12_ball9.0.npy
NG_Ka_Long_Angus_Jonatan_CHRISTIE_Malaysia_Masters_2020_QuarterFinals,data/clips_cropped_multi\NG_Ka_Long_Angus_Jonatan_CHRISTIE_Malaysia_Masters_2020_QuarterFinals\net_shot\set2_rally13_ball2.0.mp4,net_shot,OK,1.0,0.339,data/pose_features_multi\NG_Ka_Long_Angus_Jonatan_CHRISTIE_Malaysia_Masters_2020_QuarterFinals\net_shot\set2_rally13_ball2.0.npy
NG_Ka_Long_Angus_Jonatan_CHRISTIE_Malaysia_Masters_2020_QuarterFinals,data/clips_cropped_multi\NG_Ka_Long_Angus_Jonatan_CHRISTIE_Malaysia_Masters_2020_QuarterFinals\net_shot\set2_rally13_ball5.0.mp4,net_shot,OK,1.0,1.0,data/pose_features_multi\NG_Ka_Long_Angus_Jonatan_CHRISTIE_Malaysia_Masters_2020_QuarterFinals\net_shot\set2_rally13_ball5.0.npy
NG_Ka_Long_Angus_Jonatan_CHRISTIE_Malaysia_Masters_2020_QuarterFinals,data/clips_cropped_multi\NG_Ka_Long_Angus_Jonatan_CHRISTIE_Malaysia_Masters_2020_QuarterFinals\net_shot\set2_rally14_ball2.0.mp4,net_shot,POSE_INSUFFICIENT,0.446,0.821,data/pose_features_multi\NG_Ka_Long_Angus_Jonatan_CHRISTIE_Malaysia_Masters_2020_QuarterFinals\net_shot\set2_rally14_ball2.0.npy
NG_Ka_Long_Angus_Jonatan_CHRISTIE_Malaysia_Masters_2020_QuarterFinals,data/clips_cropped_multi\NG_Ka_Long_Angus_Jonatan_CHRISTIE_Malaysia_Masters_2020_QuarterFinals\net_shot\set2_rally15_ball2.0.mp4,net_shot,OK,1.0,1.0,data/pose_features_multi\NG_Ka_Long_Angus_Jonatan_CHRISTIE_Malaysia_Masters_2020_QuarterFinals\net_shot\set2_rally15_ball2.0.npy
NG_Ka_Long_Angus_Jonatan_CHRISTIE_Malaysia_Masters_2020_QuarterFinals,data/clips_cropped_multi\NG_Ka_Long_Angus_Jonatan_CHRISTIE_Malaysia_Masters_2020_QuarterFinals\net_shot\set2_rally15_ball5.0.mp4,net_shot,OK,1.0,1.0,data/pose_features_multi\NG_Ka_Long_Angus_Jonatan_CHRISTIE_Malaysia_Masters_2020_QuarterFinals\net_shot\set2_rally15_ball5.0.npy
NG_Ka_Long_Angus_Jonatan_CHRISTIE_Malaysia_Masters_2020_QuarterFinals,data/clips_cropped_multi\NG_Ka_Long_Angus_Jonatan_CHRISTIE_Malaysia_Masters_2020_QuarterFinals\net_shot\set2_rally15_ball6.0.mp4,net_shot,OK,1.0,1.0,data/pose_features_multi\NG_Ka_Long_Angus_Jonatan_CHRISTIE_Malaysia_Masters_2020_QuarterFinals\net_shot\set2_rally15_ball6.0.npy
NG_Ka_Long_Angus_Jonatan_CHRISTIE_Malaysia_Masters_2020_QuarterFinals,data/clips_cropped_multi\NG_Ka_Long_Angus_Jonatan_CHRISTIE_Malaysia_Masters_2020_QuarterFinals\net_shot\set2_rally15_ball7.0.mp4,net_shot,OK,1.0,0.893,data/pose_features_multi\NG_Ka_Long_Angus_Jonatan_CHRISTIE_Malaysia_Masters_2020_QuarterFinals\net_shot\set2_rally15_ball7.0.npy
NG_Ka_Long_Angus_Jonatan_CHRISTIE_Malaysia_Masters_2020_QuarterFinals,data/clips_cropped_multi\NG_Ka_Long_Angus_Jonatan_CHRISTIE_Malaysia_Masters_2020_QuarterFinals\net_shot\set2_rally16_ball4.0.mp4,net_shot,OK,1.0,1.0,data/pose_features_multi\NG_Ka_Long_Angus_Jonatan_CHRISTIE_Malaysia_Masters_2020_QuarterFinals\net_shot\set2_rally16_ball4.0.npy
NG_Ka_Long_Angus_Jonatan_CHRISTIE_Malaysia_Masters_2020_QuarterFinals,data/clips_cropped_multi\NG_Ka_Long_Angus_Jonatan_CHRISTIE_Malaysia_Masters_2020_QuarterFinals\net_shot\set2_rally16_ball8.0.mp4,net_shot,OK,1.0,1.0,data/pose_features_multi\NG_Ka_Long_Angus_Jonatan_CHRISTIE_Malaysia_Masters_2020_QuarterFinals\net_shot\set2_rally16_ball8.0.npy
NG_Ka_Long_Angus_Jonatan_CHRISTIE_Malaysia_Masters_2020_QuarterFinals,data/clips_cropped_multi\NG_Ka_Long_Angus_Jonatan_CHRISTIE_Malaysia_Masters_2020_QuarterFinals\net_shot\set2_rally17_ball2.0.mp4,net_shot,OK,1.0,1.0,data/pose_features_multi\NG_Ka_Long_Angus_Jonatan_CHRISTIE_Malaysia_Masters_2020_QuarterFinals\net_shot\set2_rally17_ball2.0.npy
NG_Ka_Long_Angus_Jonatan_CHRISTIE_Malaysia_Masters_2020_QuarterFinals,data/clips_cropped_multi\NG_Ka_Long_Angus_Jonatan_CHRISTIE_Malaysia_Masters_2020_QuarterFinals\net_shot\set2_rally17_ball9.0.mp4,net_shot,POSE_INSUFFICIENT,0.607,0.268,data/pose_features_multi\NG_Ka_Long_Angus_Jonatan_CHRISTIE_Malaysia_Masters_2020_QuarterFinals\net_shot\set2_rally17_ball9.0.npy
NG_Ka_Long_Angus_Jonatan_CHRISTIE_Malaysia_Masters_2020_QuarterFinals,data/clips_cropped_multi\NG_Ka_Long_Angus_Jonatan_CHRISTIE_Malaysia_Masters_2020_QuarterFinals\net_shot\set2_rally18_ball12.0.mp4,net_shot,OK,0.75,0.75,data/pose_features_multi\NG_Ka_Long_Angus_Jonatan_CHRISTIE_Malaysia_Masters_2020_QuarterFinals\net_shot\set2_rally18_ball12.0.npy
NG_Ka_Long_Angus_Jonatan_CHRISTIE_Malaysia_Masters_2020_QuarterFinals,data/clips_cropped_multi\NG_Ka_Long_Angus_Jonatan_CHRISTIE_Malaysia_Masters_2020_QuarterFinals\net_shot\set2_rally18_ball13.0.mp4,net_shot,OK,1.0,0.893,data/pose_features_multi\NG_Ka_Long_Angus_Jonatan_CHRISTIE_Malaysia_Masters_2020_QuarterFinals\net_shot\set2_rally18_ball13.0.npy
NG_Ka_Long_Angus_Jonatan_CHRISTIE_Malaysia_Masters_2020_QuarterFinals,data/clips_cropped_multi\NG_Ka_Long_Angus_Jonatan_CHRISTIE_Malaysia_Masters_2020_QuarterFinals\net_shot\set2_rally18_ball14.0.mp4,net_shot,OK,1.0,1.0,data/pose_features_multi\NG_Ka_Long_Angus_Jonatan_CHRISTIE_Malaysia_Masters_2020_QuarterFinals\net_shot\set2_rally18_ball14.0.npy
NG_Ka_Long_Angus_Jonatan_CHRISTIE_Malaysia_Masters_2020_QuarterFinals,data/clips_cropped_multi\NG_Ka_Long_Angus_Jonatan_CHRISTIE_Malaysia_Masters_2020_QuarterFinals\net_shot\set2_rally19_ball12.0.mp4,net_shot,OK,1.0,1.0,data/pose_features_multi\NG_Ka_Long_Angus_Jonatan_CHRISTIE_Malaysia_Masters_2020_QuarterFinals\net_shot\set2_rally19_ball12.0.npy
NG_Ka_Long_Angus_Jonatan_CHRISTIE_Malaysia_Masters_2020_QuarterFinals,data/clips_cropped_multi\NG_Ka_Long_Angus_Jonatan_CHRISTIE_Malaysia_Masters_2020_QuarterFinals\net_shot\set2_rally19_ball13.0.mp4,net_shot,OK,1.0,0.732,data/pose_features_multi\NG_Ka_Long_Angus_Jonatan_CHRISTIE_Malaysia_Masters_2020_QuarterFinals\net_shot\set2_rally19_ball13.0.npy
NG_Ka_Long_Angus_Jonatan_CHRISTIE_Malaysia_Masters_2020_QuarterFinals,data/clips_cropped_multi\NG_Ka_Long_Angus_Jonatan_CHRISTIE_Malaysia_Masters_2020_QuarterFinals\net_shot\set2_rally19_ball14.0.mp4,net_shot,OK,1.0,1.0,data/pose_features_multi\NG_Ka_Long_Angus_Jonatan_CHRISTIE_Malaysia_Masters_2020_QuarterFinals\net_shot\set2_rally19_ball14.0.npy
NG_Ka_Long_Angus_Jonatan_CHRISTIE_Malaysia_Masters_2020_QuarterFinals,data/clips_cropped_multi\NG_Ka_Long_Angus_Jonatan_CHRISTIE_Malaysia_Masters_2020_QuarterFinals\net_shot\set2_rally19_ball4.0.mp4,net_shot,OK,1.0,1.0,data/pose_features_multi\NG_Ka_Long_Angus_Jonatan_CHRISTIE_Malaysia_Masters_2020_QuarterFinals\net_shot\set2_rally19_ball4.0.npy
NG_Ka_Long_Angus_Jonatan_CHRISTIE_Malaysia_Masters_2020_QuarterFinals,data/clips_cropped_multi\NG_Ka_Long_Angus_Jonatan_CHRISTIE_Malaysia_Masters_2020_QuarterFinals\net_shot\set2_rally19_ball7.0.mp4,net_shot,OK,1.0,1.0,data/pose_features_multi\NG_Ka_Long_Angus_Jonatan_CHRISTIE_Malaysia_Masters_2020_QuarterFinals\net_shot\set2_rally19_ball7.0.npy
NG_Ka_Long_Angus_Jonatan_CHRISTIE_Malaysia_Masters_2020_QuarterFinals,data/clips_cropped_multi\NG_Ka_Long_Angus_Jonatan_CHRISTIE_Malaysia_Masters_2020_QuarterFinals\net_shot\set2_rally19_ball8.0.mp4,net_shot,OK,1.0,1.0,data/pose_features_multi\NG_Ka_Long_Angus_Jonatan_CHRISTIE_Malaysia_Masters_2020_QuarterFinals\net_shot\set2_rally19_ball8.0.npy
NG_Ka_Long_Angus_Jonatan_CHRISTIE_Malaysia_Masters_2020_QuarterFinals,data/clips_cropped_multi\NG_Ka_Long_Angus_Jonatan_CHRISTIE_Malaysia_Masters_2020_QuarterFinals\net_shot\set2_rally1_ball12.0.mp4,net_shot,OK,1.0,0.786,data/pose_features_multi\NG_Ka_Long_Angus_Jonatan_CHRISTIE_Malaysia_Masters_2020_QuarterFinals\net_shot\set2_rally1_ball12.0.npy
NG_Ka_Long_Angus_Jonatan_CHRISTIE_Malaysia_Masters_2020_QuarterFinals,data/clips_cropped_multi\NG_Ka_Long_Angus_Jonatan_CHRISTIE_Malaysia_Masters_2020_QuarterFinals\net_shot\set2_rally1_ball5.0.mp4,net_shot,OK,1.0,1.0,data/pose_features_multi\NG_Ka_Long_Angus_Jonatan_CHRISTIE_Malaysia_Masters_2020_QuarterFinals\net_shot\set2_rally1_ball5.0.npy
NG_Ka_Long_Angus_Jonatan_CHRISTIE_Malaysia_Masters_2020_QuarterFinals,data/clips_cropped_multi\NG_Ka_Long_Angus_Jonatan_CHRISTIE_Malaysia_Masters_2020_QuarterFinals\net_shot\set2_rally21_ball2.0.mp4,net_shot,OK,1.0,1.0,data/pose_features_multi\NG_Ka_Long_Angus_Jonatan_CHRISTIE_Malaysia_Masters_2020_QuarterFinals\net_shot\set2_rally21_ball2.0.npy
NG_Ka_Long_Angus_Jonatan_CHRISTIE_Malaysia_Masters_2020_QuarterFinals,data/clips_cropped_multi\NG_Ka_Long_Angus_Jonatan_CHRISTIE_Malaysia_Masters_2020_QuarterFinals\net_shot\set2_rally21_ball5.0.mp4,net_shot,OK,1.0,1.0,data/pose_features_multi\NG_Ka_Long_Angus_Jonatan_CHRISTIE_Malaysia_Masters_2020_QuarterFinals\net_shot\set2_rally21_ball5.0.npy
NG_Ka_Long_Angus_Jonatan_CHRISTIE_Malaysia_Masters_2020_QuarterFinals,data/clips_cropped_multi\NG_Ka_Long_Angus_Jonatan_CHRISTIE_Malaysia_Masters_2020_QuarterFinals\net_shot\set2_rally21_ball8.0.mp4,net_shot,POSE_INSUFFICIENT,0.571,1.0,data/pose_features_multi\NG_Ka_Long_Angus_Jonatan_CHRISTIE_Malaysia_Masters_2020_QuarterFinals\net_shot\set2_rally21_ball8.0.npy
NG_Ka_Long_Angus_Jonatan_CHRISTIE_Malaysia_Masters_2020_QuarterFinals,data/clips_cropped_multi\NG_Ka_Long_Angus_Jonatan_CHRISTIE_Malaysia_Masters_2020_QuarterFinals\net_shot\set2_rally22_ball2.0.mp4,net_shot,OK,1.0,1.0,data/pose_features_multi\NG_Ka_Long_Angus_Jonatan_CHRISTIE_Malaysia_Masters_2020_QuarterFinals\net_shot\set2_rally22_ball2.0.npy
NG_Ka_Long_Angus_Jonatan_CHRISTIE_Malaysia_Masters_2020_QuarterFinals,data/clips_cropped_multi\NG_Ka_Long_Angus_Jonatan_CHRISTIE_Malaysia_Masters_2020_QuarterFinals\net_shot\set2_rally24_ball10.0.mp4,net_shot,OK,1.0,1.0,data/pose_features_multi\NG_Ka_Long_Angus_Jonatan_CHRISTIE_Malaysia_Masters_2020_QuarterFinals\net_shot\set2_rally24_ball10.0.npy
NG_Ka_Long_Angus_Jonatan_CHRISTIE_Malaysia_Masters_2020_QuarterFinals,data/clips_cropped_multi\NG_Ka_Long_Angus_Jonatan_CHRISTIE_Malaysia_Masters_2020_QuarterFinals\net_shot\set2_rally24_ball2.0.mp4,net_shot,OK,1.0,0.821,data/pose_features_multi\NG_Ka_Long_Angus_Jonatan_CHRISTIE_Malaysia_Masters_2020_QuarterFinals\net_shot\set2_rally24_ball2.0.npy
NG_Ka_Long_Angus_Jonatan_CHRISTIE_Malaysia_Masters_2020_QuarterFinals,data/clips_cropped_multi\NG_Ka_Long_Angus_Jonatan_CHRISTIE_Malaysia_Masters_2020_QuarterFinals\net_shot\set2_rally24_ball5.0.mp4,net_shot,POSE_INSUFFICIENT,0.625,1.0,data/pose_features_multi\NG_Ka_Long_Angus_Jonatan_CHRISTIE_Malaysia_Masters_2020_QuarterFinals\net_shot\set2_rally24_ball5.0.npy
NG_Ka_Long_Angus_Jonatan_CHRISTIE_Malaysia_Masters_2020_QuarterFinals,data/clips_cropped_multi\NG_Ka_Long_Angus_Jonatan_CHRISTIE_Malaysia_Masters_2020_QuarterFinals\net_shot\set2_rally24_ball6.0.mp4,net_shot,OK,1.0,0.75,data/pose_features_multi\NG_Ka_Long_Angus_Jonatan_CHRISTIE_Malaysia_Masters_2020_QuarterFinals\net_shot\set2_rally24_ball6.0.npy
NG_Ka_Long_Angus_Jonatan_CHRISTIE_Malaysia_Masters_2020_QuarterFinals,data/clips_cropped_multi\NG_Ka_Long_Angus_Jonatan_CHRISTIE_Malaysia_Masters_2020_QuarterFinals\net_shot\set2_rally25_ball4.0.mp4,net_shot,OK,1.0,1.0,data/pose_features_multi\NG_Ka_Long_Angus_Jonatan_CHRISTIE_Malaysia_Masters_2020_QuarterFinals\net_shot\set2_rally25_ball4.0.npy
NG_Ka_Long_Angus_Jonatan_CHRISTIE_Malaysia_Masters_2020_QuarterFinals,data/clips_cropped_multi\NG_Ka_Long_Angus_Jonatan_CHRISTIE_Malaysia_Masters_2020_QuarterFinals\net_shot\set2_rally29_ball2.0.mp4,net_shot,OK,1.0,0.357,data/pose_features_multi\NG_Ka_Long_Angus_Jonatan_CHRISTIE_Malaysia_Masters_2020_QuarterFinals\net_shot\set2_rally29_ball2.0.npy
NG_Ka_Long_Angus_Jonatan_CHRISTIE_Malaysia_Masters_2020_QuarterFinals,data/clips_cropped_multi\NG_Ka_Long_Angus_Jonatan_CHRISTIE_Malaysia_Masters_2020_QuarterFinals\net_shot\set2_rally2_ball2.0.mp4,net_shot,POSE_INSUFFICIENT,0.679,0.696,data/pose_features_multi\NG_Ka_Long_Angus_Jonatan_CHRISTIE_Malaysia_Masters_2020_QuarterFinals\net_shot\set2_rally2_ball2.0.npy
NG_Ka_Long_Angus_Jonatan_CHRISTIE_Malaysia_Masters_2020_QuarterFinals,data/clips_cropped_multi\NG_Ka_Long_Angus_Jonatan_CHRISTIE_Malaysia_Masters_2020_QuarterFinals\net_shot\set2_rally2_ball3.0.mp4,net_shot,OK,1.0,1.0,data/pose_features_multi\NG_Ka_Long_Angus_Jonatan_CHRISTIE_Malaysia_Masters_2020_QuarterFinals\net_shot\set2_rally2_ball3.0.npy
NG_Ka_Long_Angus_Jonatan_CHRISTIE_Malaysia_Masters_2020_QuarterFinals,data/clips_cropped_multi\NG_Ka_Long_Angus_Jonatan_CHRISTIE_Malaysia_Masters_2020_QuarterFinals\net_shot\set2_rally2_ball8.0.mp4,net_shot,OK,1.0,1.0,data/pose_features_multi\NG_Ka_Long_Angus_Jonatan_CHRISTIE_Malaysia_Masters_2020_QuarterFinals\net_shot\set2_rally2_ball8.0.npy
NG_Ka_Long_Angus_Jonatan_CHRISTIE_Malaysia_Masters_2020_QuarterFinals,data/clips_cropped_multi\NG_Ka_Long_Angus_Jonatan_CHRISTIE_Malaysia_Masters_2020_QuarterFinals\net_shot\set2_rally31_ball2.0.mp4,net_shot,OK,1.0,1.0,data/pose_features_multi\NG_Ka_Long_Angus_Jonatan_CHRISTIE_Malaysia_Masters_2020_QuarterFinals\net_shot\set2_rally31_ball2.0.npy
NG_Ka_Long_Angus_Jonatan_CHRISTIE_Malaysia_Masters_2020_QuarterFinals,data/clips_cropped_multi\NG_Ka_Long_Angus_Jonatan_CHRISTIE_Malaysia_Masters_2020_QuarterFinals\net_shot\set2_rally31_ball5.0.mp4,net_shot,OK,1.0,0.607,data/pose_features_multi\NG_Ka_Long_Angus_Jonatan_CHRISTIE_Malaysia_Masters_2020_QuarterFinals\net_shot\set2_rally31_ball5.0.npy
NG_Ka_Long_Angus_Jonatan_CHRISTIE_Malaysia_Masters_2020_QuarterFinals,data/clips_cropped_multi\NG_Ka_Long_Angus_Jonatan_CHRISTIE_Malaysia_Masters_2020_QuarterFinals\net_shot\set2_rally31_ball6.0.mp4,net_shot,OK,0.964,0.964,data/pose_features_multi\NG_Ka_Long_Angus_Jonatan_CHRISTIE_Malaysia_Masters_2020_QuarterFinals\net_shot\set2_rally31_ball6.0.npy
NG_Ka_Long_Angus_Jonatan_CHRISTIE_Malaysia_Masters_2020_QuarterFinals,data/clips_cropped_multi\NG_Ka_Long_Angus_Jonatan_CHRISTIE_Malaysia_Masters_2020_QuarterFinals\net_shot\set2_rally32_ball11.0.mp4,net_shot,OK,1.0,0.804,data/pose_features_multi\NG_Ka_Long_Angus_Jonatan_CHRISTIE_Malaysia_Masters_2020_QuarterFinals\net_shot\set2_rally32_ball11.0.npy
NG_Ka_Long_Angus_Jonatan_CHRISTIE_Malaysia_Masters_2020_QuarterFinals,data/clips_cropped_multi\NG_Ka_Long_Angus_Jonatan_CHRISTIE_Malaysia_Masters_2020_QuarterFinals\net_shot\set2_rally32_ball2.0.mp4,net_shot,OK,0.982,0.982,data/pose_features_multi\NG_Ka_Long_Angus_Jonatan_CHRISTIE_Malaysia_Masters_2020_QuarterFinals\net_shot\set2_rally32_ball2.0.npy
NG_Ka_Long_Angus_Jonatan_CHRISTIE_Malaysia_Masters_2020_QuarterFinals,data/clips_cropped_multi\NG_Ka_Long_Angus_Jonatan_CHRISTIE_Malaysia_Masters_2020_QuarterFinals\net_shot\set2_rally32_ball6.0.mp4,net_shot,OK,0.964,0.964,data/pose_features_multi\NG_Ka_Long_Angus_Jonatan_CHRISTIE_Malaysia_Masters_2020_QuarterFinals\net_shot\set2_rally32_ball6.0.npy
NG_Ka_Long_Angus_Jonatan_CHRISTIE_Malaysia_Masters_2020_QuarterFinals,data/clips_cropped_multi\NG_Ka_Long_Angus_Jonatan_CHRISTIE_Malaysia_Masters_2020_QuarterFinals\net_shot\set2_rally3_ball10.0.mp4,net_shot,OK,1.0,1.0,data/pose_features_multi\NG_Ka_Long_Angus_Jonatan_CHRISTIE_Malaysia_Masters_2020_QuarterFinals\net_shot\set2_rally3_ball10.0.npy
NG_Ka_Long_Angus_Jonatan_CHRISTIE_Malaysia_Masters_2020_QuarterFinals,data/clips_cropped_multi\NG_Ka_Long_Angus_Jonatan_CHRISTIE_Malaysia_Masters_2020_QuarterFinals\net_shot\set2_rally3_ball13.0.mp4,net_shot,OK,1.0,1.0,data/pose_features_multi\NG_Ka_Long_Angus_Jonatan_CHRISTIE_Malaysia_Masters_2020_QuarterFinals\net_shot\set2_rally3_ball13.0.npy
NG_Ka_Long_Angus_Jonatan_CHRISTIE_Malaysia_Masters_2020_QuarterFinals,data/clips_cropped_multi\NG_Ka_Long_Angus_Jonatan_CHRISTIE_Malaysia_Masters_2020_QuarterFinals\net_shot\set2_rally3_ball4.0.mp4,net_shot,OK,1.0,1.0,data/pose_features_multi\NG_Ka_Long_Angus_Jonatan_CHRISTIE_Malaysia_Masters_2020_QuarterFinals\net_shot\set2_rally3_ball4.0.npy
NG_Ka_Long_Angus_Jonatan_CHRISTIE_Malaysia_Masters_2020_QuarterFinals,data/clips_cropped_multi\NG_Ka_Long_Angus_Jonatan_CHRISTIE_Malaysia_Masters_2020_QuarterFinals\net_shot\set2_rally3_ball5.0.mp4,net_shot,OK,1.0,1.0,data/pose_features_multi\NG_Ka_Long_Angus_Jonatan_CHRISTIE_Malaysia_Masters_2020_QuarterFinals\net_shot\set2_rally3_ball5.0.npy
NG_Ka_Long_Angus_Jonatan_CHRISTIE_Malaysia_Masters_2020_QuarterFinals,data/clips_cropped_multi\NG_Ka_Long_Angus_Jonatan_CHRISTIE_Malaysia_Masters_2020_QuarterFinals\net_shot\set2_rally3_ball9.0.mp4,net_shot,OK,1.0,0.786,data/pose_features_multi\NG_Ka_Long_Angus_Jonatan_CHRISTIE_Malaysia_Masters_2020_QuarterFinals\net_shot\set2_rally3_ball9.0.npy
NG_Ka_Long_Angus_Jonatan_CHRISTIE_Malaysia_Masters_2020_QuarterFinals,data/clips_cropped_multi\NG_Ka_Long_Angus_Jonatan_CHRISTIE_Malaysia_Masters_2020_QuarterFinals\net_shot\set2_rally4_ball11.0.mp4,net_shot,OK,1.0,0.964,data/pose_features_multi\NG_Ka_Long_Angus_Jonatan_CHRISTIE_Malaysia_Masters_2020_QuarterFinals\net_shot\set2_rally4_ball11.0.npy
NG_Ka_Long_Angus_Jonatan_CHRISTIE_Malaysia_Masters_2020_QuarterFinals,data/clips_cropped_multi\NG_Ka_Long_Angus_Jonatan_CHRISTIE_Malaysia_Masters_2020_QuarterFinals\net_shot\set2_rally4_ball12.0.mp4,net_shot,OK,1.0,1.0,data/pose_features_multi\NG_Ka_Long_Angus_Jonatan_CHRISTIE_Malaysia_Masters_2020_QuarterFinals\net_shot\set2_rally4_ball12.0.npy
NG_Ka_Long_Angus_Jonatan_CHRISTIE_Malaysia_Masters_2020_QuarterFinals,data/clips_cropped_multi\NG_Ka_Long_Angus_Jonatan_CHRISTIE_Malaysia_Masters_2020_QuarterFinals\net_shot\set2_rally4_ball13.0.mp4,net_shot,OK,1.0,1.0,data/pose_features_multi\NG_Ka_Long_Angus_Jonatan_CHRISTIE_Malaysia_Masters_2020_QuarterFinals\net_shot\set2_rally4_ball13.0.npy
NG_Ka_Long_Angus_Jonatan_CHRISTIE_Malaysia_Masters_2020_QuarterFinals,data/clips_cropped_multi\NG_Ka_Long_Angus_Jonatan_CHRISTIE_Malaysia_Masters_2020_QuarterFinals\net_shot\set2_rally4_ball6.0.mp4,net_shot,OK,1.0,1.0,data/pose_features_multi\NG_Ka_Long_Angus_Jonatan_CHRISTIE_Malaysia_Masters_2020_QuarterFinals\net_shot\set2_rally4_ball6.0.npy
NG_Ka_Long_Angus_Jonatan_CHRISTIE_Malaysia_Masters_2020_QuarterFinals,data/clips_cropped_multi\NG_Ka_Long_Angus_Jonatan_CHRISTIE_Malaysia_Masters_2020_QuarterFinals\net_shot\set2_rally5_ball7.0.mp4,net_shot,POSE_INSUFFICIENT,0.661,0.661,data/pose_features_multi\NG_Ka_Long_Angus_Jonatan_CHRISTIE_Malaysia_Masters_2020_QuarterFinals\net_shot\set2_rally5_ball7.0.npy
NG_Ka_Long_Angus_Jonatan_CHRISTIE_Malaysia_Masters_2020_QuarterFinals,data/clips_cropped_multi\NG_Ka_Long_Angus_Jonatan_CHRISTIE_Malaysia_Masters_2020_QuarterFinals\net_shot\set2_rally6_ball5.0.mp4,net_shot,OK,1.0,1.0,data/pose_features_multi\NG_Ka_Long_Angus_Jonatan_CHRISTIE_Malaysia_Masters_2020_QuarterFinals\net_shot\set2_rally6_ball5.0.npy
NG_Ka_Long_Angus_Jonatan_CHRISTIE_Malaysia_Masters_2020_QuarterFinals,data/clips_cropped_multi\NG_Ka_Long_Angus_Jonatan_CHRISTIE_Malaysia_Masters_2020_QuarterFinals\net_shot\set2_rally7_ball2.0.mp4,net_shot,OK,1.0,1.0,data/pose_features_multi\NG_Ka_Long_Angus_Jonatan_CHRISTIE_Malaysia_Masters_2020_QuarterFinals\net_shot\set2_rally7_ball2.0.npy
NG_Ka_Long_Angus_Jonatan_CHRISTIE_Malaysia_Masters_2020_QuarterFinals,data/clips_cropped_multi\NG_Ka_Long_Angus_Jonatan_CHRISTIE_Malaysia_Masters_2020_QuarterFinals\net_shot\set2_rally8_ball2.0.mp4,net_shot,OK,1.0,1.0,data/pose_features_multi\NG_Ka_Long_Angus_Jonatan_CHRISTIE_Malaysia_Masters_2020_QuarterFinals\net_shot\set2_rally8_ball2.0.npy
NG_Ka_Long_Angus_Jonatan_CHRISTIE_Malaysia_Masters_2020_QuarterFinals,data/clips_cropped_multi\NG_Ka_Long_Angus_Jonatan_CHRISTIE_Malaysia_Masters_2020_QuarterFinals\net_shot\set2_rally8_ball3.0.mp4,net_shot,OK,1.0,0.857,data/pose_features_multi\NG_Ka_Long_Angus_Jonatan_CHRISTIE_Malaysia_Masters_2020_QuarterFinals\net_shot\set2_rally8_ball3.0.npy
NG_Ka_Long_Angus_Jonatan_CHRISTIE_Malaysia_Masters_2020_QuarterFinals,data/clips_cropped_multi\NG_Ka_Long_Angus_Jonatan_CHRISTIE_Malaysia_Masters_2020_QuarterFinals\net_shot\set2_rally8_ball4.0.mp4,net_shot,OK,1.0,1.0,data/pose_features_multi\NG_Ka_Long_Angus_Jonatan_CHRISTIE_Malaysia_Masters_2020_QuarterFinals\net_shot\set2_rally8_ball4.0.npy
NG_Ka_Long_Angus_Jonatan_CHRISTIE_Malaysia_Masters_2020_QuarterFinals,data/clips_cropped_multi\NG_Ka_Long_Angus_Jonatan_CHRISTIE_Malaysia_Masters_2020_QuarterFinals\net_shot\set3_rally10_ball7.0.mp4,net_shot,OK,1.0,0.946,data/pose_features_multi\NG_Ka_Long_Angus_Jonatan_CHRISTIE_Malaysia_Masters_2020_QuarterFinals\net_shot\set3_rally10_ball7.0.npy
NG_Ka_Long_Angus_Jonatan_CHRISTIE_Malaysia_Masters_2020_QuarterFinals,data/clips_cropped_multi\NG_Ka_Long_Angus_Jonatan_CHRISTIE_Malaysia_Masters_2020_QuarterFinals\net_shot\set3_rally12_ball10.0.mp4,net_shot,OK,1.0,0.75,data/pose_features_multi\NG_Ka_Long_Angus_Jonatan_CHRISTIE_Malaysia_Masters_2020_QuarterFinals\net_shot\set3_rally12_ball10.0.npy
NG_Ka_Long_Angus_Jonatan_CHRISTIE_Malaysia_Masters_2020_QuarterFinals,data/clips_cropped_multi\NG_Ka_Long_Angus_Jonatan_CHRISTIE_Malaysia_Masters_2020_QuarterFinals\net_shot\set3_rally12_ball6.0.mp4,net_shot,OK,1.0,0.982,data/pose_features_multi\NG_Ka_Long_Angus_Jonatan_CHRISTIE_Malaysia_Masters_2020_QuarterFinals\net_shot\set3_rally12_ball6.0.npy
NG_Ka_Long_Angus_Jonatan_CHRISTIE_Malaysia_Masters_2020_QuarterFinals,data/clips_cropped_multi\NG_Ka_Long_Angus_Jonatan_CHRISTIE_Malaysia_Masters_2020_QuarterFinals\net_shot\set3_rally12_ball9.0.mp4,net_shot,OK,1.0,1.0,data/pose_features_multi\NG_Ka_Long_Angus_Jonatan_CHRISTIE_Malaysia_Masters_2020_QuarterFinals\net_shot\set3_rally12_ball9.0.npy
NG_Ka_Long_Angus_Jonatan_CHRISTIE_Malaysia_Masters_2020_QuarterFinals,data/clips_cropped_multi\NG_Ka_Long_Angus_Jonatan_CHRISTIE_Malaysia_Masters_2020_QuarterFinals\net_shot\set3_rally13_ball2.0.mp4,net_shot,OK,1.0,1.0,data/pose_features_multi\NG_Ka_Long_Angus_Jonatan_CHRISTIE_Malaysia_Masters_2020_QuarterFinals\net_shot\set3_rally13_ball2.0.npy
NG_Ka_Long_Angus_Jonatan_CHRISTIE_Malaysia_Masters_2020_QuarterFinals,data/clips_cropped_multi\NG_Ka_Long_Angus_Jonatan_CHRISTIE_Malaysia_Masters_2020_QuarterFinals\net_shot\set3_rally14_ball7.0.mp4,net_shot,OK,1.0,1.0,data/pose_features_multi\NG_Ka_Long_Angus_Jonatan_CHRISTIE_Malaysia_Masters_2020_QuarterFinals\net_shot\set3_rally14_ball7.0.npy
NG_Ka_Long_Angus_Jonatan_CHRISTIE_Malaysia_Masters_2020_QuarterFinals,data/clips_cropped_multi\NG_Ka_Long_Angus_Jonatan_CHRISTIE_Malaysia_Masters_2020_QuarterFinals\net_shot\set3_rally14_ball8.0.mp4,net_shot,OK,1.0,0.839,data/pose_features_multi\NG_Ka_Long_Angus_Jonatan_CHRISTIE_Malaysia_Masters_2020_QuarterFinals\net_shot\set3_rally14_ball8.0.npy
NG_Ka_Long_Angus_Jonatan_CHRISTIE_Malaysia_Masters_2020_QuarterFinals,data/clips_cropped_multi\NG_Ka_Long_Angus_Jonatan_CHRISTIE_Malaysia_Masters_2020_QuarterFinals\net_shot\set3_rally16_ball12.0.mp4,net_shot,OK,1.0,1.0,data/pose_features_multi\NG_Ka_Long_Angus_Jonatan_CHRISTIE_Malaysia_Masters_2020_QuarterFinals\net_shot\set3_rally16_ball12.0.npy
NG_Ka_Long_Angus_Jonatan_CHRISTIE_Malaysia_Masters_2020_QuarterFinals,data/clips_cropped_multi\NG_Ka_Long_Angus_Jonatan_CHRISTIE_Malaysia_Masters_2020_QuarterFinals\net_shot\set3_rally16_ball17.0.mp4,net_shot,OK,1.0,1.0,data/pose_features_multi\NG_Ka_Long_Angus_Jonatan_CHRISTIE_Malaysia_Masters_2020_QuarterFinals\net_shot\set3_rally16_ball17.0.npy
NG_Ka_Long_Angus_Jonatan_CHRISTIE_Malaysia_Masters_2020_QuarterFinals,data/clips_cropped_multi\NG_Ka_Long_Angus_Jonatan_CHRISTIE_Malaysia_Masters_2020_QuarterFinals\net_shot\set3_rally16_ball2.0.mp4,net_shot,OK,1.0,0.464,data/pose_features_multi\NG_Ka_Long_Angus_Jonatan_CHRISTIE_Malaysia_Masters_2020_QuarterFinals\net_shot\set3_rally16_ball2.0.npy
NG_Ka_Long_Angus_Jonatan_CHRISTIE_Malaysia_Masters_2020_QuarterFinals,data/clips_cropped_multi\NG_Ka_Long_Angus_Jonatan_CHRISTIE_Malaysia_Masters_2020_QuarterFinals\net_shot\set3_rally16_ball3.0.mp4,net_shot,OK,1.0,1.0,data/pose_features_multi\NG_Ka_Long_Angus_Jonatan_CHRISTIE_Malaysia_Masters_2020_QuarterFinals\net_shot\set3_rally16_ball3.0.npy
NG_Ka_Long_Angus_Jonatan_CHRISTIE_Malaysia_Masters_2020_QuarterFinals,data/clips_cropped_multi\NG_Ka_Long_Angus_Jonatan_CHRISTIE_Malaysia_Masters_2020_QuarterFinals\net_shot\set3_rally16_ball6.0.mp4,net_shot,OK,1.0,1.0,data/pose_features_multi\NG_Ka_Long_Angus_Jonatan_CHRISTIE_Malaysia_Masters_2020_QuarterFinals\net_shot\set3_rally16_ball6.0.npy
NG_Ka_Long_Angus_Jonatan_CHRISTIE_Malaysia_Masters_2020_QuarterFinals,data/clips_cropped_multi\NG_Ka_Long_Angus_Jonatan_CHRISTIE_Malaysia_Masters_2020_QuarterFinals\net_shot\set3_rally17_ball2.0.mp4,net_shot,OK,1.0,0.732,data/pose_features_multi\NG_Ka_Long_Angus_Jonatan_CHRISTIE_Malaysia_Masters_2020_QuarterFinals\net_shot\set3_rally17_ball2.0.npy
NG_Ka_Long_Angus_Jonatan_CHRISTIE_Malaysia_Masters_2020_QuarterFinals,data/clips_cropped_multi\NG_Ka_Long_Angus_Jonatan_CHRISTIE_Malaysia_Masters_2020_QuarterFinals\net_shot\set3_rally17_ball3.0.mp4,net_shot,OK,0.875,0.821,data/pose_features_multi\NG_Ka_Long_Angus_Jonatan_CHRISTIE_Malaysia_Masters_2020_QuarterFinals\net_shot\set3_rally17_ball3.0.npy
NG_Ka_Long_Angus_Jonatan_CHRISTIE_Malaysia_Masters_2020_QuarterFinals,data/clips_cropped_multi\NG_Ka_Long_Angus_Jonatan_CHRISTIE_Malaysia_Masters_2020_QuarterFinals\net_shot\set3_rally17_ball4.0.mp4,net_shot,OK,1.0,1.0,data/pose_features_multi\NG_Ka_Long_Angus_Jonatan_CHRISTIE_Malaysia_Masters_2020_QuarterFinals\net_shot\set3_rally17_ball4.0.npy
NG_Ka_Long_Angus_Jonatan_CHRISTIE_Malaysia_Masters_2020_QuarterFinals,data/clips_cropped_multi\NG_Ka_Long_Angus_Jonatan_CHRISTIE_Malaysia_Masters_2020_QuarterFinals\net_shot\set3_rally17_ball9.0.mp4,net_shot,OK,1.0,1.0,data/pose_features_multi\NG_Ka_Long_Angus_Jonatan_CHRISTIE_Malaysia_Masters_2020_QuarterFinals\net_shot\set3_rally17_ball9.0.npy
NG_Ka_Long_Angus_Jonatan_CHRISTIE_Malaysia_Masters_2020_QuarterFinals,data/clips_cropped_multi\NG_Ka_Long_Angus_Jonatan_CHRISTIE_Malaysia_Masters_2020_QuarterFinals\net_shot\set3_rally18_ball4.0.mp4,net_shot,POSE_INSUFFICIENT,0.304,0.196,data/pose_features_multi\NG_Ka_Long_Angus_Jonatan_CHRISTIE_Malaysia_Masters_2020_QuarterFinals\net_shot\set3_rally18_ball4.0.npy
NG_Ka_Long_Angus_Jonatan_CHRISTIE_Malaysia_Masters_2020_QuarterFinals,data/clips_cropped_multi\NG_Ka_Long_Angus_Jonatan_CHRISTIE_Malaysia_Masters_2020_QuarterFinals\net_shot\set3_rally1_ball2.0.mp4,net_shot,OK,1.0,0.286,data/pose_features_multi\NG_Ka_Long_Angus_Jonatan_CHRISTIE_Malaysia_Masters_2020_QuarterFinals\net_shot\set3_rally1_ball2.0.npy
NG_Ka_Long_Angus_Jonatan_CHRISTIE_Malaysia_Masters_2020_QuarterFinals,data/clips_cropped_multi\NG_Ka_Long_Angus_Jonatan_CHRISTIE_Malaysia_Masters_2020_QuarterFinals\net_shot\set3_rally1_ball3.0.mp4,net_shot,OK,1.0,1.0,data/pose_features_multi\NG_Ka_Long_Angus_Jonatan_CHRISTIE_Malaysia_Masters_2020_QuarterFinals\net_shot\set3_rally1_ball3.0.npy
NG_Ka_Long_Angus_Jonatan_CHRISTIE_Malaysia_Masters_2020_QuarterFinals,data/clips_cropped_multi\NG_Ka_Long_Angus_Jonatan_CHRISTIE_Malaysia_Masters_2020_QuarterFinals\net_shot\set3_rally20_ball13.0.mp4,net_shot,OK,1.0,1.0,data/pose_features_multi\NG_Ka_Long_Angus_Jonatan_CHRISTIE_Malaysia_Masters_2020_QuarterFinals\net_shot\set3_rally20_ball13.0.npy
NG_Ka_Long_Angus_Jonatan_CHRISTIE_Malaysia_Masters_2020_QuarterFinals,data/clips_cropped_multi\NG_Ka_Long_Angus_Jonatan_CHRISTIE_Malaysia_Masters_2020_QuarterFinals\net_shot\set3_rally20_ball14.0.mp4,net_shot,OK,1.0,1.0,data/pose_features_multi\NG_Ka_Long_Angus_Jonatan_CHRISTIE_Malaysia_Masters_2020_QuarterFinals\net_shot\set3_rally20_ball14.0.npy
NG_Ka_Long_Angus_Jonatan_CHRISTIE_Malaysia_Masters_2020_QuarterFinals,data/clips_cropped_multi\NG_Ka_Long_Angus_Jonatan_CHRISTIE_Malaysia_Masters_2020_QuarterFinals\net_shot\set3_rally20_ball17.0.mp4,net_shot,OK,1.0,1.0,data/pose_features_multi\NG_Ka_Long_Angus_Jonatan_CHRISTIE_Malaysia_Masters_2020_QuarterFinals\net_shot\set3_rally20_ball17.0.npy
NG_Ka_Long_Angus_Jonatan_CHRISTIE_Malaysia_Masters_2020_QuarterFinals,data/clips_cropped_multi\NG_Ka_Long_Angus_Jonatan_CHRISTIE_Malaysia_Masters_2020_QuarterFinals\net_shot\set3_rally20_ball18.0.mp4,net_shot,OK,0.964,0.964,data/pose_features_multi\NG_Ka_Long_Angus_Jonatan_CHRISTIE_Malaysia_Masters_2020_QuarterFinals\net_shot\set3_rally20_ball18.0.npy
NG_Ka_Long_Angus_Jonatan_CHRISTIE_Malaysia_Masters_2020_QuarterFinals,data/clips_cropped_multi\NG_Ka_Long_Angus_Jonatan_CHRISTIE_Malaysia_Masters_2020_QuarterFinals\net_shot\set3_rally20_ball2.0.mp4,net_shot,OK,1.0,1.0,data/pose_features_multi\NG_Ka_Long_Angus_Jonatan_CHRISTIE_Malaysia_Masters_2020_QuarterFinals\net_shot\set3_rally20_ball2.0.npy
NG_Ka_Long_Angus_Jonatan_CHRISTIE_Malaysia_Masters_2020_QuarterFinals,data/clips_cropped_multi\NG_Ka_Long_Angus_Jonatan_CHRISTIE_Malaysia_Masters_2020_QuarterFinals\net_shot\set3_rally20_ball3.0.mp4,net_shot,OK,1.0,1.0,data/pose_features_multi\NG_Ka_Long_Angus_Jonatan_CHRISTIE_Malaysia_Masters_2020_QuarterFinals\net_shot\set3_rally20_ball3.0.npy
NG_Ka_Long_Angus_Jonatan_CHRISTIE_Malaysia_Masters_2020_QuarterFinals,data/clips_cropped_multi\NG_Ka_Long_Angus_Jonatan_CHRISTIE_Malaysia_Masters_2020_QuarterFinals\net_shot\set3_rally20_ball8.0.mp4,net_shot,OK,1.0,1.0,data/pose_features_multi\NG_Ka_Long_Angus_Jonatan_CHRISTIE_Malaysia_Masters_2020_QuarterFinals\net_shot\set3_rally20_ball8.0.npy
NG_Ka_Long_Angus_Jonatan_CHRISTIE_Malaysia_Masters_2020_QuarterFinals,data/clips_cropped_multi\NG_Ka_Long_Angus_Jonatan_CHRISTIE_Malaysia_Masters_2020_QuarterFinals\net_shot\set3_rally21_ball2.0.mp4,net_shot,OK,1.0,1.0,data/pose_features_multi\NG_Ka_Long_Angus_Jonatan_CHRISTIE_Malaysia_Masters_2020_QuarterFinals\net_shot\set3_rally21_ball2.0.npy
NG_Ka_Long_Angus_Jonatan_CHRISTIE_Malaysia_Masters_2020_QuarterFinals,data/clips_cropped_multi\NG_Ka_Long_Angus_Jonatan_CHRISTIE_Malaysia_Masters_2020_QuarterFinals\net_shot\set3_rally21_ball3.0.mp4,net_shot,OK,1.0,1.0,data/pose_features_multi\NG_Ka_Long_Angus_Jonatan_CHRISTIE_Malaysia_Masters_2020_QuarterFinals\net_shot\set3_rally21_ball3.0.npy
NG_Ka_Long_Angus_Jonatan_CHRISTIE_Malaysia_Masters_2020_QuarterFinals,data/clips_cropped_multi\NG_Ka_Long_Angus_Jonatan_CHRISTIE_Malaysia_Masters_2020_QuarterFinals\net_shot\set3_rally21_ball7.0.mp4,net_shot,OK,1.0,1.0,data/pose_features_multi\NG_Ka_Long_Angus_Jonatan_CHRISTIE_Malaysia_Masters_2020_QuarterFinals\net_shot\set3_rally21_ball7.0.npy
NG_Ka_Long_Angus_Jonatan_CHRISTIE_Malaysia_Masters_2020_QuarterFinals,data/clips_cropped_multi\NG_Ka_Long_Angus_Jonatan_CHRISTIE_Malaysia_Masters_2020_QuarterFinals\net_shot\set3_rally22_ball13.0.mp4,net_shot,OK,1.0,1.0,data/pose_features_multi\NG_Ka_Long_Angus_Jonatan_CHRISTIE_Malaysia_Masters_2020_QuarterFinals\net_shot\set3_rally22_ball13.0.npy
NG_Ka_Long_Angus_Jonatan_CHRISTIE_Malaysia_Masters_2020_QuarterFinals,data/clips_cropped_multi\NG_Ka_Long_Angus_Jonatan_CHRISTIE_Malaysia_Masters_2020_QuarterFinals\net_shot\set3_rally22_ball14.0.mp4,net_shot,OK,0.75,0.75,data/pose_features_multi\NG_Ka_Long_Angus_Jonatan_CHRISTIE_Malaysia_Masters_2020_QuarterFinals\net_shot\set3_rally22_ball14.0.npy
NG_Ka_Long_Angus_Jonatan_CHRISTIE_Malaysia_Masters_2020_QuarterFinals,data/clips_cropped_multi\NG_Ka_Long_Angus_Jonatan_CHRISTIE_Malaysia_Masters_2020_QuarterFinals\net_shot\set3_rally22_ball2.0.mp4,net_shot,OK,1.0,1.0,data/pose_features_multi\NG_Ka_Long_Angus_Jonatan_CHRISTIE_Malaysia_Masters_2020_QuarterFinals\net_shot\set3_rally22_ball2.0.npy
NG_Ka_Long_Angus_Jonatan_CHRISTIE_Malaysia_Masters_2020_QuarterFinals,data/clips_cropped_multi\NG_Ka_Long_Angus_Jonatan_CHRISTIE_Malaysia_Masters_2020_QuarterFinals\net_shot\set3_rally22_ball20.0.mp4,net_shot,OK,1.0,1.0,data/pose_features_multi\NG_Ka_Long_Angus_Jonatan_CHRISTIE_Malaysia_Masters_2020_QuarterFinals\net_shot\set3_rally22_ball20.0.npy
NG_Ka_Long_Angus_Jonatan_CHRISTIE_Malaysia_Masters_2020_QuarterFinals,data/clips_cropped_multi\NG_Ka_Long_Angus_Jonatan_CHRISTIE_Malaysia_Masters_2020_QuarterFinals\net_shot\set3_rally22_ball23.0.mp4,net_shot,OK,1.0,1.0,data/pose_features_multi\NG_Ka_Long_Angus_Jonatan_CHRISTIE_Malaysia_Masters_2020_QuarterFinals\net_shot\set3_rally22_ball23.0.npy
NG_Ka_Long_Angus_Jonatan_CHRISTIE_Malaysia_Masters_2020_QuarterFinals,data/clips_cropped_multi\NG_Ka_Long_Angus_Jonatan_CHRISTIE_Malaysia_Masters_2020_QuarterFinals\net_shot\set3_rally22_ball24.0.mp4,net_shot,OK,1.0,1.0,data/pose_features_multi\NG_Ka_Long_Angus_Jonatan_CHRISTIE_Malaysia_Masters_2020_QuarterFinals\net_shot\set3_rally22_ball24.0.npy
NG_Ka_Long_Angus_Jonatan_CHRISTIE_Malaysia_Masters_2020_QuarterFinals,data/clips_cropped_multi\NG_Ka_Long_Angus_Jonatan_CHRISTIE_Malaysia_Masters_2020_QuarterFinals\net_shot\set3_rally22_ball25.0.mp4,net_shot,OK,1.0,1.0,data/pose_features_multi\NG_Ka_Long_Angus_Jonatan_CHRISTIE_Malaysia_Masters_2020_QuarterFinals\net_shot\set3_rally22_ball25.0.npy
NG_Ka_Long_Angus_Jonatan_CHRISTIE_Malaysia_Masters_2020_QuarterFinals,data/clips_cropped_multi\NG_Ka_Long_Angus_Jonatan_CHRISTIE_Malaysia_Masters_2020_QuarterFinals\net_shot\set3_rally22_ball26.0.mp4,net_shot,OK,1.0,1.0,data/pose_features_multi\NG_Ka_Long_Angus_Jonatan_CHRISTIE_Malaysia_Masters_2020_QuarterFinals\net_shot\set3_rally22_ball26.0.npy
NG_Ka_Long_Angus_Jonatan_CHRISTIE_Malaysia_Masters_2020_QuarterFinals,data/clips_cropped_multi\NG_Ka_Long_Angus_Jonatan_CHRISTIE_Malaysia_Masters_2020_QuarterFinals\net_shot\set3_rally24_ball3.0.mp4,net_shot,OK,1.0,1.0,data/pose_features_multi\NG_Ka_Long_Angus_Jonatan_CHRISTIE_Malaysia_Masters_2020_QuarterFinals\net_shot\set3_rally24_ball3.0.npy
NG_Ka_Long_Angus_Jonatan_CHRISTIE_Malaysia_Masters_2020_QuarterFinals,data/clips_cropped_multi\NG_Ka_Long_Angus_Jonatan_CHRISTIE_Malaysia_Masters_2020_QuarterFinals\net_shot\set3_rally24_ball4.0.mp4,net_shot,OK,1.0,0.857,data/pose_features_multi\NG_Ka_Long_Angus_Jonatan_CHRISTIE_Malaysia_Masters_2020_QuarterFinals\net_shot\set3_rally24_ball4.0.npy
NG_Ka_Long_Angus_Jonatan_CHRISTIE_Malaysia_Masters_2020_QuarterFinals,data/clips_cropped_multi\NG_Ka_Long_Angus_Jonatan_CHRISTIE_Malaysia_Masters_2020_QuarterFinals\net_shot\set3_rally24_ball5.0.mp4,net_shot,OK,1.0,1.0,data/pose_features_multi\NG_Ka_Long_Angus_Jonatan_CHRISTIE_Malaysia_Masters_2020_QuarterFinals\net_shot\set3_rally24_ball5.0.npy
NG_Ka_Long_Angus_Jonatan_CHRISTIE_Malaysia_Masters_2020_QuarterFinals,data/clips_cropped_multi\NG_Ka_Long_Angus_Jonatan_CHRISTIE_Malaysia_Masters_2020_QuarterFinals\net_shot\set3_rally24_ball8.0.mp4,net_shot,OK,1.0,0.679,data/pose_features_multi\NG_Ka_Long_Angus_Jonatan_CHRISTIE_Malaysia_Masters_2020_QuarterFinals\net_shot\set3_rally24_ball8.0.npy
NG_Ka_Long_Angus_Jonatan_CHRISTIE_Malaysia_Masters_2020_QuarterFinals,data/clips_cropped_multi\NG_Ka_Long_Angus_Jonatan_CHRISTIE_Malaysia_Masters_2020_QuarterFinals\net_shot\set3_rally24_ball9.0.mp4,net_shot,OK,1.0,1.0,data/pose_features_multi\NG_Ka_Long_Angus_Jonatan_CHRISTIE_Malaysia_Masters_2020_QuarterFinals\net_shot\set3_rally24_ball9.0.npy
NG_Ka_Long_Angus_Jonatan_CHRISTIE_Malaysia_Masters_2020_QuarterFinals,data/clips_cropped_multi\NG_Ka_Long_Angus_Jonatan_CHRISTIE_Malaysia_Masters_2020_QuarterFinals\net_shot\set3_rally25_ball2.0.mp4,net_shot,OK,1.0,0.357,data/pose_features_multi\NG_Ka_Long_Angus_Jonatan_CHRISTIE_Malaysia_Masters_2020_QuarterFinals\net_shot\set3_rally25_ball2.0.npy
NG_Ka_Long_Angus_Jonatan_CHRISTIE_Malaysia_Masters_2020_QuarterFinals,data/clips_cropped_multi\NG_Ka_Long_Angus_Jonatan_CHRISTIE_Malaysia_Masters_2020_QuarterFinals\net_shot\set3_rally26_ball2.0.mp4,net_shot,OK,1.0,1.0,data/pose_features_multi\NG_Ka_Long_Angus_Jonatan_CHRISTIE_Malaysia_Masters_2020_QuarterFinals\net_shot\set3_rally26_ball2.0.npy
NG_Ka_Long_Angus_Jonatan_CHRISTIE_Malaysia_Masters_2020_QuarterFinals,data/clips_cropped_multi\NG_Ka_Long_Angus_Jonatan_CHRISTIE_Malaysia_Masters_2020_QuarterFinals\net_shot\set3_rally27_ball10.0.mp4,net_shot,OK,1.0,1.0,data/pose_features_multi\NG_Ka_Long_Angus_Jonatan_CHRISTIE_Malaysia_Masters_2020_QuarterFinals\net_shot\set3_rally27_ball10.0.npy
NG_Ka_Long_Angus_Jonatan_CHRISTIE_Malaysia_Masters_2020_QuarterFinals,data/clips_cropped_multi\NG_Ka_Long_Angus_Jonatan_CHRISTIE_Malaysia_Masters_2020_QuarterFinals\net_shot\set3_rally27_ball2.0.mp4,net_shot,OK,1.0,1.0,data/pose_features_multi\NG_Ka_Long_Angus_Jonatan_CHRISTIE_Malaysia_Masters_2020_QuarterFinals\net_shot\set3_rally27_ball2.0.npy
NG_Ka_Long_Angus_Jonatan_CHRISTIE_Malaysia_Masters_2020_QuarterFinals,data/clips_cropped_multi\NG_Ka_Long_Angus_Jonatan_CHRISTIE_Malaysia_Masters_2020_QuarterFinals\net_shot\set3_rally27_ball3.0.mp4,net_shot,OK,1.0,0.911,data/pose_features_multi\NG_Ka_Long_Angus_Jonatan_CHRISTIE_Malaysia_Masters_2020_QuarterFinals\net_shot\set3_rally27_ball3.0.npy
NG_Ka_Long_Angus_Jonatan_CHRISTIE_Malaysia_Masters_2020_QuarterFinals,data/clips_cropped_multi\NG_Ka_Long_Angus_Jonatan_CHRISTIE_Malaysia_Masters_2020_QuarterFinals\net_shot\set3_rally27_ball7.0.mp4,net_shot,OK,1.0,1.0,data/pose_features_multi\NG_Ka_Long_Angus_Jonatan_CHRISTIE_Malaysia_Masters_2020_QuarterFinals\net_shot\set3_rally27_ball7.0.npy
NG_Ka_Long_Angus_Jonatan_CHRISTIE_Malaysia_Masters_2020_QuarterFinals,data/clips_cropped_multi\NG_Ka_Long_Angus_Jonatan_CHRISTIE_Malaysia_Masters_2020_QuarterFinals\net_shot\set3_rally27_ball8.0.mp4,net_shot,OK,0.964,0.964,data/pose_features_multi\NG_Ka_Long_Angus_Jonatan_CHRISTIE_Malaysia_Masters_2020_QuarterFinals\net_shot\set3_rally27_ball8.0.npy
NG_Ka_Long_Angus_Jonatan_CHRISTIE_Malaysia_Masters_2020_QuarterFinals,data/clips_cropped_multi\NG_Ka_Long_Angus_Jonatan_CHRISTIE_Malaysia_Masters_2020_QuarterFinals\net_shot\set3_rally27_ball9.0.mp4,net_shot,OK,1.0,0.875,data/pose_features_multi\NG_Ka_Long_Angus_Jonatan_CHRISTIE_Malaysia_Masters_2020_QuarterFinals\net_shot\set3_rally27_ball9.0.npy
NG_Ka_Long_Angus_Jonatan_CHRISTIE_Malaysia_Masters_2020_QuarterFinals,data/clips_cropped_multi\NG_Ka_Long_Angus_Jonatan_CHRISTIE_Malaysia_Masters_2020_QuarterFinals\net_shot\set3_rally28_ball2.0.mp4,net_shot,OK,1.0,1.0,data/pose_features_multi\NG_Ka_Long_Angus_Jonatan_CHRISTIE_Malaysia_Masters_2020_QuarterFinals\net_shot\set3_rally28_ball2.0.npy
NG_Ka_Long_Angus_Jonatan_CHRISTIE_Malaysia_Masters_2020_QuarterFinals,data/clips_cropped_multi\NG_Ka_Long_Angus_Jonatan_CHRISTIE_Malaysia_Masters_2020_QuarterFinals\net_shot\set3_rally28_ball3.0.mp4,net_shot,OK,1.0,0.696,data/pose_features_multi\NG_Ka_Long_Angus_Jonatan_CHRISTIE_Malaysia_Masters_2020_QuarterFinals\net_shot\set3_rally28_ball3.0.npy
NG_Ka_Long_Angus_Jonatan_CHRISTIE_Malaysia_Masters_2020_QuarterFinals,data/clips_cropped_multi\NG_Ka_Long_Angus_Jonatan_CHRISTIE_Malaysia_Masters_2020_QuarterFinals\net_shot\set3_rally29_ball4.0.mp4,net_shot,OK,1.0,1.0,data/pose_features_multi\NG_Ka_Long_Angus_Jonatan_CHRISTIE_Malaysia_Masters_2020_QuarterFinals\net_shot\set3_rally29_ball4.0.npy
NG_Ka_Long_Angus_Jonatan_CHRISTIE_Malaysia_Masters_2020_QuarterFinals,data/clips_cropped_multi\NG_Ka_Long_Angus_Jonatan_CHRISTIE_Malaysia_Masters_2020_QuarterFinals\net_shot\set3_rally30_ball11.0.mp4,net_shot,OK,1.0,1.0,data/pose_features_multi\NG_Ka_Long_Angus_Jonatan_CHRISTIE_Malaysia_Masters_2020_QuarterFinals\net_shot\set3_rally30_ball11.0.npy
NG_Ka_Long_Angus_Jonatan_CHRISTIE_Malaysia_Masters_2020_QuarterFinals,data/clips_cropped_multi\NG_Ka_Long_Angus_Jonatan_CHRISTIE_Malaysia_Masters_2020_QuarterFinals\net_shot\set3_rally30_ball12.0.mp4,net_shot,OK,1.0,0.732,data/pose_features_multi\NG_Ka_Long_Angus_Jonatan_CHRISTIE_Malaysia_Masters_2020_QuarterFinals\net_shot\set3_rally30_ball12.0.npy
NG_Ka_Long_Angus_Jonatan_CHRISTIE_Malaysia_Masters_2020_QuarterFinals,data/clips_cropped_multi\NG_Ka_Long_Angus_Jonatan_CHRISTIE_Malaysia_Masters_2020_QuarterFinals\net_shot\set3_rally30_ball2.0.mp4,net_shot,OK,1.0,0.554,data/pose_features_multi\NG_Ka_Long_Angus_Jonatan_CHRISTIE_Malaysia_Masters_2020_QuarterFinals\net_shot\set3_rally30_ball2.0.npy
NG_Ka_Long_Angus_Jonatan_CHRISTIE_Malaysia_Masters_2020_QuarterFinals,data/clips_cropped_multi\NG_Ka_Long_Angus_Jonatan_CHRISTIE_Malaysia_Masters_2020_QuarterFinals\net_shot\set3_rally30_ball5.0.mp4,net_shot,OK,0.893,0.893,data/pose_features_multi\NG_Ka_Long_Angus_Jonatan_CHRISTIE_Malaysia_Masters_2020_QuarterFinals\net_shot\set3_rally30_ball5.0.npy
NG_Ka_Long_Angus_Jonatan_CHRISTIE_Malaysia_Masters_2020_QuarterFinals,data/clips_cropped_multi\NG_Ka_Long_Angus_Jonatan_CHRISTIE_Malaysia_Masters_2020_QuarterFinals\net_shot\set3_rally30_ball6.0.mp4,net_shot,OK,1.0,0.786,data/pose_features_multi\NG_Ka_Long_Angus_Jonatan_CHRISTIE_Malaysia_Masters_2020_QuarterFinals\net_shot\set3_rally30_ball6.0.npy
NG_Ka_Long_Angus_Jonatan_CHRISTIE_Malaysia_Masters_2020_QuarterFinals,data/clips_cropped_multi\NG_Ka_Long_Angus_Jonatan_CHRISTIE_Malaysia_Masters_2020_QuarterFinals\net_shot\set3_rally30_ball7.0.mp4,net_shot,OK,1.0,0.911,data/pose_features_multi\NG_Ka_Long_Angus_Jonatan_CHRISTIE_Malaysia_Masters_2020_QuarterFinals\net_shot\set3_rally30_ball7.0.npy
NG_Ka_Long_Angus_Jonatan_CHRISTIE_Malaysia_Masters_2020_QuarterFinals,data/clips_cropped_multi\NG_Ka_Long_Angus_Jonatan_CHRISTIE_Malaysia_Masters_2020_QuarterFinals\net_shot\set3_rally32_ball2.0.mp4,net_shot,OK,1.0,1.0,data/pose_features_multi\NG_Ka_Long_Angus_Jonatan_CHRISTIE_Malaysia_Masters_2020_QuarterFinals\net_shot\set3_rally32_ball2.0.npy
NG_Ka_Long_Angus_Jonatan_CHRISTIE_Malaysia_Masters_2020_QuarterFinals,data/clips_cropped_multi\NG_Ka_Long_Angus_Jonatan_CHRISTIE_Malaysia_Masters_2020_QuarterFinals\net_shot\set3_rally32_ball5.0.mp4,net_shot,POSE_INSUFFICIENT,0.625,1.0,data/pose_features_multi\NG_Ka_Long_Angus_Jonatan_CHRISTIE_Malaysia_Masters_2020_QuarterFinals\net_shot\set3_rally32_ball5.0.npy
NG_Ka_Long_Angus_Jonatan_CHRISTIE_Malaysia_Masters_2020_QuarterFinals,data/clips_cropped_multi\NG_Ka_Long_Angus_Jonatan_CHRISTIE_Malaysia_Masters_2020_QuarterFinals\net_shot\set3_rally32_ball6.0.mp4,net_shot,OK,1.0,0.625,data/pose_features_multi\NG_Ka_Long_Angus_Jonatan_CHRISTIE_Malaysia_Masters_2020_QuarterFinals\net_shot\set3_rally32_ball6.0.npy
NG_Ka_Long_Angus_Jonatan_CHRISTIE_Malaysia_Masters_2020_QuarterFinals,data/clips_cropped_multi\NG_Ka_Long_Angus_Jonatan_CHRISTIE_Malaysia_Masters_2020_QuarterFinals\net_shot\set3_rally33_ball5.0.mp4,net_shot,OK,0.964,0.964,data/pose_features_multi\NG_Ka_Long_Angus_Jonatan_CHRISTIE_Malaysia_Masters_2020_QuarterFinals\net_shot\set3_rally33_ball5.0.npy
NG_Ka_Long_Angus_Jonatan_CHRISTIE_Malaysia_Masters_2020_QuarterFinals,data/clips_cropped_multi\NG_Ka_Long_Angus_Jonatan_CHRISTIE_Malaysia_Masters_2020_QuarterFinals\net_shot\set3_rally34_ball3.0.mp4,net_shot,OK,1.0,1.0,data/pose_features_multi\NG_Ka_Long_Angus_Jonatan_CHRISTIE_Malaysia_Masters_2020_QuarterFinals\net_shot\set3_rally34_ball3.0.npy
NG_Ka_Long_Angus_Jonatan_CHRISTIE_Malaysia_Masters_2020_QuarterFinals,data/clips_cropped_multi\NG_Ka_Long_Angus_Jonatan_CHRISTIE_Malaysia_Masters_2020_QuarterFinals\net_shot\set3_rally36_ball2.0.mp4,net_shot,OK,1.0,1.0,data/pose_features_multi\NG_Ka_Long_Angus_Jonatan_CHRISTIE_Malaysia_Masters_2020_QuarterFinals\net_shot\set3_rally36_ball2.0.npy
NG_Ka_Long_Angus_Jonatan_CHRISTIE_Malaysia_Masters_2020_QuarterFinals,data/clips_cropped_multi\NG_Ka_Long_Angus_Jonatan_CHRISTIE_Malaysia_Masters_2020_QuarterFinals\net_shot\set3_rally36_ball3.0.mp4,net_shot,OK,1.0,1.0,data/pose_features_multi\NG_Ka_Long_Angus_Jonatan_CHRISTIE_Malaysia_Masters_2020_QuarterFinals\net_shot\set3_rally36_ball3.0.npy
NG_Ka_Long_Angus_Jonatan_CHRISTIE_Malaysia_Masters_2020_QuarterFinals,data/clips_cropped_multi\NG_Ka_Long_Angus_Jonatan_CHRISTIE_Malaysia_Masters_2020_QuarterFinals\net_shot\set3_rally37_ball2.0.mp4,net_shot,OK,1.0,0.054,data/pose_features_multi\NG_Ka_Long_Angus_Jonatan_CHRISTIE_Malaysia_Masters_2020_QuarterFinals\net_shot\set3_rally37_ball2.0.npy
NG_Ka_Long_Angus_Jonatan_CHRISTIE_Malaysia_Masters_2020_QuarterFinals,data/clips_cropped_multi\NG_Ka_Long_Angus_Jonatan_CHRISTIE_Malaysia_Masters_2020_QuarterFinals\net_shot\set3_rally37_ball3.0.mp4,net_shot,OK,1.0,0.929,data/pose_features_multi\NG_Ka_Long_Angus_Jonatan_CHRISTIE_Malaysia_Masters_2020_QuarterFinals\net_shot\set3_rally37_ball3.0.npy
NG_Ka_Long_Angus_Jonatan_CHRISTIE_Malaysia_Masters_2020_QuarterFinals,data/clips_cropped_multi\NG_Ka_Long_Angus_Jonatan_CHRISTIE_Malaysia_Masters_2020_QuarterFinals\net_shot\set3_rally38_ball11.0.mp4,net_shot,OK,1.0,1.0,data/pose_features_multi\NG_Ka_Long_Angus_Jonatan_CHRISTIE_Malaysia_Masters_2020_QuarterFinals\net_shot\set3_rally38_ball11.0.npy
NG_Ka_Long_Angus_Jonatan_CHRISTIE_Malaysia_Masters_2020_QuarterFinals,data/clips_cropped_multi\NG_Ka_Long_Angus_Jonatan_CHRISTIE_Malaysia_Masters_2020_QuarterFinals\net_shot\set3_rally38_ball14.0.mp4,net_shot,OK,1.0,0.875,data/pose_features_multi\NG_Ka_Long_Angus_Jonatan_CHRISTIE_Malaysia_Masters_2020_QuarterFinals\net_shot\set3_rally38_ball14.0.npy
NG_Ka_Long_Angus_Jonatan_CHRISTIE_Malaysia_Masters_2020_QuarterFinals,data/clips_cropped_multi\NG_Ka_Long_Angus_Jonatan_CHRISTIE_Malaysia_Masters_2020_QuarterFinals\net_shot\set3_rally38_ball15.0.mp4,net_shot,OK,0.875,0.875,data/pose_features_multi\NG_Ka_Long_Angus_Jonatan_CHRISTIE_Malaysia_Masters_2020_QuarterFinals\net_shot\set3_rally38_ball15.0.npy
NG_Ka_Long_Angus_Jonatan_CHRISTIE_Malaysia_Masters_2020_QuarterFinals,data/clips_cropped_multi\NG_Ka_Long_Angus_Jonatan_CHRISTIE_Malaysia_Masters_2020_QuarterFinals\net_shot\set3_rally38_ball16.0.mp4,net_shot,OK,1.0,0.875,data/pose_features_multi\NG_Ka_Long_Angus_Jonatan_CHRISTIE_Malaysia_Masters_2020_QuarterFinals\net_shot\set3_rally38_ball16.0.npy
NG_Ka_Long_Angus_Jonatan_CHRISTIE_Malaysia_Masters_2020_QuarterFinals,data/clips_cropped_multi\NG_Ka_Long_Angus_Jonatan_CHRISTIE_Malaysia_Masters_2020_QuarterFinals\net_shot\set3_rally38_ball17.0.mp4,net_shot,OK,1.0,1.0,data/pose_features_multi\NG_Ka_Long_Angus_Jonatan_CHRISTIE_Malaysia_Masters_2020_QuarterFinals\net_shot\set3_rally38_ball17.0.npy
NG_Ka_Long_Angus_Jonatan_CHRISTIE_Malaysia_Masters_2020_QuarterFinals,data/clips_cropped_multi\NG_Ka_Long_Angus_Jonatan_CHRISTIE_Malaysia_Masters_2020_QuarterFinals\net_shot\set3_rally38_ball2.0.mp4,net_shot,OK,1.0,0.518,data/pose_features_multi\NG_Ka_Long_Angus_Jonatan_CHRISTIE_Malaysia_Masters_2020_QuarterFinals\net_shot\set3_rally38_ball2.0.npy
NG_Ka_Long_Angus_Jonatan_CHRISTIE_Malaysia_Masters_2020_QuarterFinals,data/clips_cropped_multi\NG_Ka_Long_Angus_Jonatan_CHRISTIE_Malaysia_Masters_2020_QuarterFinals\net_shot\set3_rally38_ball20.0.mp4,net_shot,OK,1.0,1.0,data/pose_features_multi\NG_Ka_Long_Angus_Jonatan_CHRISTIE_Malaysia_Masters_2020_QuarterFinals\net_shot\set3_rally38_ball20.0.npy
NG_Ka_Long_Angus_Jonatan_CHRISTIE_Malaysia_Masters_2020_QuarterFinals,data/clips_cropped_multi\NG_Ka_Long_Angus_Jonatan_CHRISTIE_Malaysia_Masters_2020_QuarterFinals\net_shot\set3_rally38_ball21.0.mp4,net_shot,OK,1.0,1.0,data/pose_features_multi\NG_Ka_Long_Angus_Jonatan_CHRISTIE_Malaysia_Masters_2020_QuarterFinals\net_shot\set3_rally38_ball21.0.npy
NG_Ka_Long_Angus_Jonatan_CHRISTIE_Malaysia_Masters_2020_QuarterFinals,data/clips_cropped_multi\NG_Ka_Long_Angus_Jonatan_CHRISTIE_Malaysia_Masters_2020_QuarterFinals\net_shot\set3_rally38_ball6.0.mp4,net_shot,OK,1.0,0.661,data/pose_features_multi\NG_Ka_Long_Angus_Jonatan_CHRISTIE_Malaysia_Masters_2020_QuarterFinals\net_shot\set3_rally38_ball6.0.npy
NG_Ka_Long_Angus_Jonatan_CHRISTIE_Malaysia_Masters_2020_QuarterFinals,data/clips_cropped_multi\NG_Ka_Long_Angus_Jonatan_CHRISTIE_Malaysia_Masters_2020_QuarterFinals\net_shot\set3_rally38_ball7.0.mp4,net_shot,OK,1.0,1.0,data/pose_features_multi\NG_Ka_Long_Angus_Jonatan_CHRISTIE_Malaysia_Masters_2020_QuarterFinals\net_shot\set3_rally38_ball7.0.npy
NG_Ka_Long_Angus_Jonatan_CHRISTIE_Malaysia_Masters_2020_QuarterFinals,data/clips_cropped_multi\NG_Ka_Long_Angus_Jonatan_CHRISTIE_Malaysia_Masters_2020_QuarterFinals\net_shot\set3_rally39_ball2.0.mp4,net_shot,OK,1.0,1.0,data/pose_features_multi\NG_Ka_Long_Angus_Jonatan_CHRISTIE_Malaysia_Masters_2020_QuarterFinals\net_shot\set3_rally39_ball2.0.npy
NG_Ka_Long_Angus_Jonatan_CHRISTIE_Malaysia_Masters_2020_QuarterFinals,data/clips_cropped_multi\NG_Ka_Long_Angus_Jonatan_CHRISTIE_Malaysia_Masters_2020_QuarterFinals\net_shot\set3_rally39_ball8.0.mp4,net_shot,OK,1.0,1.0,data/pose_features_multi\NG_Ka_Long_Angus_Jonatan_CHRISTIE_Malaysia_Masters_2020_QuarterFinals\net_shot\set3_rally39_ball8.0.npy
NG_Ka_Long_Angus_Jonatan_CHRISTIE_Malaysia_Masters_2020_QuarterFinals,data/clips_cropped_multi\NG_Ka_Long_Angus_Jonatan_CHRISTIE_Malaysia_Masters_2020_QuarterFinals\net_shot\set3_rally39_ball9.0.mp4,net_shot,OK,1.0,0.75,data/pose_features_multi\NG_Ka_Long_Angus_Jonatan_CHRISTIE_Malaysia_Masters_2020_QuarterFinals\net_shot\set3_rally39_ball9.0.npy
NG_Ka_Long_Angus_Jonatan_CHRISTIE_Malaysia_Masters_2020_QuarterFinals,data/clips_cropped_multi\NG_Ka_Long_Angus_Jonatan_CHRISTIE_Malaysia_Masters_2020_QuarterFinals\net_shot\set3_rally3_ball4.0.mp4,net_shot,OK,1.0,1.0,data/pose_features_multi\NG_Ka_Long_Angus_Jonatan_CHRISTIE_Malaysia_Masters_2020_QuarterFinals\net_shot\set3_rally3_ball4.0.npy
NG_Ka_Long_Angus_Jonatan_CHRISTIE_Malaysia_Masters_2020_QuarterFinals,data/clips_cropped_multi\NG_Ka_Long_Angus_Jonatan_CHRISTIE_Malaysia_Masters_2020_QuarterFinals\net_shot\set3_rally4_ball11.0.mp4,net_shot,OK,0.964,0.964,data/pose_features_multi\NG_Ka_Long_Angus_Jonatan_CHRISTIE_Malaysia_Masters_2020_QuarterFinals\net_shot\set3_rally4_ball11.0.npy
NG_Ka_Long_Angus_Jonatan_CHRISTIE_Malaysia_Masters_2020_QuarterFinals,data/clips_cropped_multi\NG_Ka_Long_Angus_Jonatan_CHRISTIE_Malaysia_Masters_2020_QuarterFinals\net_shot\set3_rally4_ball14.0.mp4,net_shot,POSE_INSUFFICIENT,0.411,0.464,data/pose_features_multi\NG_Ka_Long_Angus_Jonatan_CHRISTIE_Malaysia_Masters_2020_QuarterFinals\net_shot\set3_rally4_ball14.0.npy
NG_Ka_Long_Angus_Jonatan_CHRISTIE_Malaysia_Masters_2020_QuarterFinals,data/clips_cropped_multi\NG_Ka_Long_Angus_Jonatan_CHRISTIE_Malaysia_Masters_2020_QuarterFinals\net_shot\set3_rally4_ball2.0.mp4,net_shot,OK,1.0,1.0,data/pose_features_multi\NG_Ka_Long_Angus_Jonatan_CHRISTIE_Malaysia_Masters_2020_QuarterFinals\net_shot\set3_rally4_ball2.0.npy
NG_Ka_Long_Angus_Jonatan_CHRISTIE_Malaysia_Masters_2020_QuarterFinals,data/clips_cropped_multi\NG_Ka_Long_Angus_Jonatan_CHRISTIE_Malaysia_Masters_2020_QuarterFinals\net_shot\set3_rally4_ball5.0.mp4,net_shot,OK,1.0,1.0,data/pose_features_multi\NG_Ka_Long_Angus_Jonatan_CHRISTIE_Malaysia_Masters_2020_QuarterFinals\net_shot\set3_rally4_ball5.0.npy
NG_Ka_Long_Angus_Jonatan_CHRISTIE_Malaysia_Masters_2020_QuarterFinals,data/clips_cropped_multi\NG_Ka_Long_Angus_Jonatan_CHRISTIE_Malaysia_Masters_2020_QuarterFinals\net_shot\set3_rally4_ball6.0.mp4,net_shot,OK,1.0,1.0,data/pose_features_multi\NG_Ka_Long_Angus_Jonatan_CHRISTIE_Malaysia_Masters_2020_QuarterFinals\net_shot\set3_rally4_ball6.0.npy
NG_Ka_Long_Angus_Jonatan_CHRISTIE_Malaysia_Masters_2020_QuarterFinals,data/clips_cropped_multi\NG_Ka_Long_Angus_Jonatan_CHRISTIE_Malaysia_Masters_2020_QuarterFinals\net_shot\set3_rally4_ball7.0.mp4,net_shot,OK,1.0,1.0,data/pose_features_multi\NG_Ka_Long_Angus_Jonatan_CHRISTIE_Malaysia_Masters_2020_QuarterFinals\net_shot\set3_rally4_ball7.0.npy
NG_Ka_Long_Angus_Jonatan_CHRISTIE_Malaysia_Masters_2020_QuarterFinals,data/clips_cropped_multi\NG_Ka_Long_Angus_Jonatan_CHRISTIE_Malaysia_Masters_2020_QuarterFinals\net_shot\set3_rally5_ball12.0.mp4,net_shot,OK,1.0,0.857,data/pose_features_multi\NG_Ka_Long_Angus_Jonatan_CHRISTIE_Malaysia_Masters_2020_QuarterFinals\net_shot\set3_rally5_ball12.0.npy
NG_Ka_Long_Angus_Jonatan_CHRISTIE_Malaysia_Masters_2020_QuarterFinals,data/clips_cropped_multi\NG_Ka_Long_Angus_Jonatan_CHRISTIE_Malaysia_Masters_2020_QuarterFinals\net_shot\set3_rally5_ball13.0.mp4,net_shot,OK,1.0,0.893,data/pose_features_multi\NG_Ka_Long_Angus_Jonatan_CHRISTIE_Malaysia_Masters_2020_QuarterFinals\net_shot\set3_rally5_ball13.0.npy
NG_Ka_Long_Angus_Jonatan_CHRISTIE_Malaysia_Masters_2020_QuarterFinals,data/clips_cropped_multi\NG_Ka_Long_Angus_Jonatan_CHRISTIE_Malaysia_Masters_2020_QuarterFinals\net_shot\set3_rally5_ball14.0.mp4,net_shot,OK,1.0,1.0,data/pose_features_multi\NG_Ka_Long_Angus_Jonatan_CHRISTIE_Malaysia_Masters_2020_QuarterFinals\net_shot\set3_rally5_ball14.0.npy
NG_Ka_Long_Angus_Jonatan_CHRISTIE_Malaysia_Masters_2020_QuarterFinals,data/clips_cropped_multi\NG_Ka_Long_Angus_Jonatan_CHRISTIE_Malaysia_Masters_2020_QuarterFinals\net_shot\set3_rally5_ball2.0.mp4,net_shot,OK,0.929,0.786,data/pose_features_multi\NG_Ka_Long_Angus_Jonatan_CHRISTIE_Malaysia_Masters_2020_QuarterFinals\net_shot\set3_rally5_ball2.0.npy
NG_Ka_Long_Angus_Jonatan_CHRISTIE_Malaysia_Masters_2020_QuarterFinals,data/clips_cropped_multi\NG_Ka_Long_Angus_Jonatan_CHRISTIE_Malaysia_Masters_2020_QuarterFinals\net_shot\set3_rally5_ball5.0.mp4,net_shot,OK,1.0,1.0,data/pose_features_multi\NG_Ka_Long_Angus_Jonatan_CHRISTIE_Malaysia_Masters_2020_QuarterFinals\net_shot\set3_rally5_ball5.0.npy
NG_Ka_Long_Angus_Jonatan_CHRISTIE_Malaysia_Masters_2020_QuarterFinals,data/clips_cropped_multi\NG_Ka_Long_Angus_Jonatan_CHRISTIE_Malaysia_Masters_2020_QuarterFinals\net_shot\set3_rally5_ball9.0.mp4,net_shot,OK,1.0,1.0,data/pose_features_multi\NG_Ka_Long_Angus_Jonatan_CHRISTIE_Malaysia_Masters_2020_QuarterFinals\net_shot\set3_rally5_ball9.0.npy
NG_Ka_Long_Angus_Jonatan_CHRISTIE_Malaysia_Masters_2020_QuarterFinals,data/clips_cropped_multi\NG_Ka_Long_Angus_Jonatan_CHRISTIE_Malaysia_Masters_2020_QuarterFinals\net_shot\set3_rally6_ball10.0.mp4,net_shot,OK,1.0,1.0,data/pose_features_multi\NG_Ka_Long_Angus_Jonatan_CHRISTIE_Malaysia_Masters_2020_QuarterFinals\net_shot\set3_rally6_ball10.0.npy
NG_Ka_Long_Angus_Jonatan_CHRISTIE_Malaysia_Masters_2020_QuarterFinals,data/clips_cropped_multi\NG_Ka_Long_Angus_Jonatan_CHRISTIE_Malaysia_Masters_2020_QuarterFinals\net_shot\set3_rally6_ball2.0.mp4,net_shot,OK,1.0,0.911,data/pose_features_multi\NG_Ka_Long_Angus_Jonatan_CHRISTIE_Malaysia_Masters_2020_QuarterFinals\net_shot\set3_rally6_ball2.0.npy
NG_Ka_Long_Angus_Jonatan_CHRISTIE_Malaysia_Masters_2020_QuarterFinals,data/clips_cropped_multi\NG_Ka_Long_Angus_Jonatan_CHRISTIE_Malaysia_Masters_2020_QuarterFinals\net_shot\set3_rally6_ball9.0.mp4,net_shot,OK,1.0,1.0,data/pose_features_multi\NG_Ka_Long_Angus_Jonatan_CHRISTIE_Malaysia_Masters_2020_QuarterFinals\net_shot\set3_rally6_ball9.0.npy
NG_Ka_Long_Angus_Jonatan_CHRISTIE_Malaysia_Masters_2020_QuarterFinals,data/clips_cropped_multi\NG_Ka_Long_Angus_Jonatan_CHRISTIE_Malaysia_Masters_2020_QuarterFinals\net_shot\set3_rally7_ball11.0.mp4,net_shot,OK,0.786,0.893,data/pose_features_multi\NG_Ka_Long_Angus_Jonatan_CHRISTIE_Malaysia_Masters_2020_QuarterFinals\net_shot\set3_rally7_ball11.0.npy
NG_Ka_Long_Angus_Jonatan_CHRISTIE_Malaysia_Masters_2020_QuarterFinals,data/clips_cropped_multi\NG_Ka_Long_Angus_Jonatan_CHRISTIE_Malaysia_Masters_2020_QuarterFinals\net_shot\set3_rally7_ball8.0.mp4,net_shot,OK,1.0,1.0,data/pose_features_multi\NG_Ka_Long_Angus_Jonatan_CHRISTIE_Malaysia_Masters_2020_QuarterFinals\net_shot\set3_rally7_ball8.0.npy
NG_Ka_Long_Angus_Jonatan_CHRISTIE_Malaysia_Masters_2020_QuarterFinals,data/clips_cropped_multi\NG_Ka_Long_Angus_Jonatan_CHRISTIE_Malaysia_Masters_2020_QuarterFinals\net_shot\set3_rally9_ball16.0.mp4,net_shot,OK,0.964,0.964,data/pose_features_multi\NG_Ka_Long_Angus_Jonatan_CHRISTIE_Malaysia_Masters_2020_QuarterFinals\net_shot\set3_rally9_ball16.0.npy
NG_Ka_Long_Angus_Jonatan_CHRISTIE_Malaysia_Masters_2020_QuarterFinals,data/clips_cropped_multi\NG_Ka_Long_Angus_Jonatan_CHRISTIE_Malaysia_Masters_2020_QuarterFinals\net_shot\set3_rally9_ball19.0.mp4,net_shot,OK,1.0,1.0,data/pose_features_multi\NG_Ka_Long_Angus_Jonatan_CHRISTIE_Malaysia_Masters_2020_QuarterFinals\net_shot\set3_rally9_ball19.0.npy
NG_Ka_Long_Angus_Jonatan_CHRISTIE_Malaysia_Masters_2020_QuarterFinals,data/clips_cropped_multi\NG_Ka_Long_Angus_Jonatan_CHRISTIE_Malaysia_Masters_2020_QuarterFinals\net_shot\set3_rally9_ball2.0.mp4,net_shot,POSE_INSUFFICIENT,0.0,0.054,data/pose_features_multi\NG_Ka_Long_Angus_Jonatan_CHRISTIE_Malaysia_Masters_2020_QuarterFinals\net_shot\set3_rally9_ball2.0.npy
NG_Ka_Long_Angus_Jonatan_CHRISTIE_Malaysia_Masters_2020_QuarterFinals,data/clips_cropped_multi\NG_Ka_Long_Angus_Jonatan_CHRISTIE_Malaysia_Masters_2020_QuarterFinals\net_shot\set3_rally9_ball20.0.mp4,net_shot,OK,0.964,0.964,data/pose_features_multi\NG_Ka_Long_Angus_Jonatan_CHRISTIE_Malaysia_Masters_2020_QuarterFinals\net_shot\set3_rally9_ball20.0.npy
NG_Ka_Long_Angus_Jonatan_CHRISTIE_Malaysia_Masters_2020_QuarterFinals,data/clips_cropped_multi\NG_Ka_Long_Angus_Jonatan_CHRISTIE_Malaysia_Masters_2020_QuarterFinals\net_shot\set3_rally9_ball25.0.mp4,net_shot,OK,1.0,1.0,data/pose_features_multi\NG_Ka_Long_Angus_Jonatan_CHRISTIE_Malaysia_Masters_2020_QuarterFinals\net_shot\set3_rally9_ball25.0.npy
NG_Ka_Long_Angus_Jonatan_CHRISTIE_Malaysia_Masters_2020_QuarterFinals,data/clips_cropped_multi\NG_Ka_Long_Angus_Jonatan_CHRISTIE_Malaysia_Masters_2020_QuarterFinals\net_shot\set3_rally9_ball3.0.mp4,net_shot,OK,1.0,0.786,data/pose_features_multi\NG_Ka_Long_Angus_Jonatan_CHRISTIE_Malaysia_Masters_2020_QuarterFinals\net_shot\set3_rally9_ball3.0.npy
NG_Ka_Long_Angus_Jonatan_CHRISTIE_Malaysia_Masters_2020_QuarterFinals,data/clips_cropped_multi\NG_Ka_Long_Angus_Jonatan_CHRISTIE_Malaysia_Masters_2020_QuarterFinals\net_shot\set3_rally9_ball6.0.mp4,net_shot,POSE_INSUFFICIENT,0.232,0.357,data/pose_features_multi\NG_Ka_Long_Angus_Jonatan_CHRISTIE_Malaysia_Masters_2020_QuarterFinals\net_shot\set3_rally9_ball6.0.npy
NG_Ka_Long_Angus_Jonatan_CHRISTIE_Malaysia_Masters_2020_QuarterFinals,data/clips_cropped_multi\NG_Ka_Long_Angus_Jonatan_CHRISTIE_Malaysia_Masters_2020_QuarterFinals\net_shot\set3_rally9_ball7.0.mp4,net_shot,OK,1.0,0.875,data/pose_features_multi\NG_Ka_Long_Angus_Jonatan_CHRISTIE_Malaysia_Masters_2020_QuarterFinals\net_shot\set3_rally9_ball7.0.npy
NG_Ka_Long_Angus_Jonatan_CHRISTIE_Malaysia_Masters_2020_QuarterFinals,data/clips_cropped_multi\NG_Ka_Long_Angus_Jonatan_CHRISTIE_Malaysia_Masters_2020_QuarterFinals\net_shot\set3_rally9_ball8.0.mp4,net_shot,OK,1.0,1.0,data/pose_features_multi\NG_Ka_Long_Angus_Jonatan_CHRISTIE_Malaysia_Masters_2020_QuarterFinals\net_shot\set3_rally9_ball8.0.npy
NG_Ka_Long_Angus_Jonatan_CHRISTIE_Malaysia_Masters_2020_QuarterFinals,data/clips_cropped_multi\NG_Ka_Long_Angus_Jonatan_CHRISTIE_Malaysia_Masters_2020_QuarterFinals\short_service\set1_rally10_ball1.0.mp4,short_service,OK,1.0,0.0,data/pose_features_multi\NG_Ka_Long_Angus_Jonatan_CHRISTIE_Malaysia_Masters_2020_QuarterFinals\short_service\set1_rally10_ball1.0.npy
NG_Ka_Long_Angus_Jonatan_CHRISTIE_Malaysia_Masters_2020_QuarterFinals,data/clips_cropped_multi\NG_Ka_Long_Angus_Jonatan_CHRISTIE_Malaysia_Masters_2020_QuarterFinals\short_service\set1_rally11_ball1.0.mp4,short_service,OK,1.0,1.0,data/pose_features_multi\NG_Ka_Long_Angus_Jonatan_CHRISTIE_Malaysia_Masters_2020_QuarterFinals\short_service\set1_rally11_ball1.0.npy
NG_Ka_Long_Angus_Jonatan_CHRISTIE_Malaysia_Masters_2020_QuarterFinals,data/clips_cropped_multi\NG_Ka_Long_Angus_Jonatan_CHRISTIE_Malaysia_Masters_2020_QuarterFinals\short_service\set1_rally12_ball1.0.mp4,short_service,OK,1.0,0.071,data/pose_features_multi\NG_Ka_Long_Angus_Jonatan_CHRISTIE_Malaysia_Masters_2020_QuarterFinals\short_service\set1_rally12_ball1.0.npy
NG_Ka_Long_Angus_Jonatan_CHRISTIE_Malaysia_Masters_2020_QuarterFinals,data/clips_cropped_multi\NG_Ka_Long_Angus_Jonatan_CHRISTIE_Malaysia_Masters_2020_QuarterFinals\short_service\set1_rally13_ball1.0.mp4,short_service,POSE_INSUFFICIENT,0.071,0.0,data/pose_features_multi\NG_Ka_Long_Angus_Jonatan_CHRISTIE_Malaysia_Masters_2020_QuarterFinals\short_service\set1_rally13_ball1.0.npy
NG_Ka_Long_Angus_Jonatan_CHRISTIE_Malaysia_Masters_2020_QuarterFinals,data/clips_cropped_multi\NG_Ka_Long_Angus_Jonatan_CHRISTIE_Malaysia_Masters_2020_QuarterFinals\short_service\set1_rally14_ball1.0.mp4,short_service,POSE_INSUFFICIENT,0.643,0.643,data/pose_features_multi\NG_Ka_Long_Angus_Jonatan_CHRISTIE_Malaysia_Masters_2020_QuarterFinals\short_service\set1_rally14_ball1.0.npy
NG_Ka_Long_Angus_Jonatan_CHRISTIE_Malaysia_Masters_2020_QuarterFinals,data/clips_cropped_multi\NG_Ka_Long_Angus_Jonatan_CHRISTIE_Malaysia_Masters_2020_QuarterFinals\short_service\set1_rally15_ball1.0.mp4,short_service,OK,1.0,1.0,data/pose_features_multi\NG_Ka_Long_Angus_Jonatan_CHRISTIE_Malaysia_Masters_2020_QuarterFinals\short_service\set1_rally15_ball1.0.npy
NG_Ka_Long_Angus_Jonatan_CHRISTIE_Malaysia_Masters_2020_QuarterFinals,data/clips_cropped_multi\NG_Ka_Long_Angus_Jonatan_CHRISTIE_Malaysia_Masters_2020_QuarterFinals\short_service\set1_rally16_ball1.0.mp4,short_service,OK,1.0,0.0,data/pose_features_multi\NG_Ka_Long_Angus_Jonatan_CHRISTIE_Malaysia_Masters_2020_QuarterFinals\short_service\set1_rally16_ball1.0.npy
NG_Ka_Long_Angus_Jonatan_CHRISTIE_Malaysia_Masters_2020_QuarterFinals,data/clips_cropped_multi\NG_Ka_Long_Angus_Jonatan_CHRISTIE_Malaysia_Masters_2020_QuarterFinals\short_service\set1_rally18_ball1.0.mp4,short_service,OK,1.0,1.0,data/pose_features_multi\NG_Ka_Long_Angus_Jonatan_CHRISTIE_Malaysia_Masters_2020_QuarterFinals\short_service\set1_rally18_ball1.0.npy
NG_Ka_Long_Angus_Jonatan_CHRISTIE_Malaysia_Masters_2020_QuarterFinals,data/clips_cropped_multi\NG_Ka_Long_Angus_Jonatan_CHRISTIE_Malaysia_Masters_2020_QuarterFinals\short_service\set1_rally19_ball1.0.mp4,short_service,POSE_INSUFFICIENT,0.536,0.571,data/pose_features_multi\NG_Ka_Long_Angus_Jonatan_CHRISTIE_Malaysia_Masters_2020_QuarterFinals\short_service\set1_rally19_ball1.0.npy
NG_Ka_Long_Angus_Jonatan_CHRISTIE_Malaysia_Masters_2020_QuarterFinals,data/clips_cropped_multi\NG_Ka_Long_Angus_Jonatan_CHRISTIE_Malaysia_Masters_2020_QuarterFinals\short_service\set1_rally1_ball1.0.mp4,short_service,OK,1.0,0.643,data/pose_features_multi\NG_Ka_Long_Angus_Jonatan_CHRISTIE_Malaysia_Masters_2020_QuarterFinals\short_service\set1_rally1_ball1.0.npy
NG_Ka_Long_Angus_Jonatan_CHRISTIE_Malaysia_Masters_2020_QuarterFinals,data/clips_cropped_multi\NG_Ka_Long_Angus_Jonatan_CHRISTIE_Malaysia_Masters_2020_QuarterFinals\short_service\set1_rally20_ball1.0.mp4,short_service,OK,1.0,0.429,data/pose_features_multi\NG_Ka_Long_Angus_Jonatan_CHRISTIE_Malaysia_Masters_2020_QuarterFinals\short_service\set1_rally20_ball1.0.npy
NG_Ka_Long_Angus_Jonatan_CHRISTIE_Malaysia_Masters_2020_QuarterFinals,data/clips_cropped_multi\NG_Ka_Long_Angus_Jonatan_CHRISTIE_Malaysia_Masters_2020_QuarterFinals\short_service\set1_rally22_ball1.0.mp4,short_service,POSE_INSUFFICIENT,0.464,0.536,data/pose_features_multi\NG_Ka_Long_Angus_Jonatan_CHRISTIE_Malaysia_Masters_2020_QuarterFinals\short_service\set1_rally22_ball1.0.npy
NG_Ka_Long_Angus_Jonatan_CHRISTIE_Malaysia_Masters_2020_QuarterFinals,data/clips_cropped_multi\NG_Ka_Long_Angus_Jonatan_CHRISTIE_Malaysia_Masters_2020_QuarterFinals\short_service\set1_rally23_ball1.0.mp4,short_service,OK,1.0,1.0,data/pose_features_multi\NG_Ka_Long_Angus_Jonatan_CHRISTIE_Malaysia_Masters_2020_QuarterFinals\short_service\set1_rally23_ball1.0.npy
NG_Ka_Long_Angus_Jonatan_CHRISTIE_Malaysia_Masters_2020_QuarterFinals,data/clips_cropped_multi\NG_Ka_Long_Angus_Jonatan_CHRISTIE_Malaysia_Masters_2020_QuarterFinals\short_service\set1_rally24_ball1.0.mp4,short_service,OK,1.0,1.0,data/pose_features_multi\NG_Ka_Long_Angus_Jonatan_CHRISTIE_Malaysia_Masters_2020_QuarterFinals\short_service\set1_rally24_ball1.0.npy
NG_Ka_Long_Angus_Jonatan_CHRISTIE_Malaysia_Masters_2020_QuarterFinals,data/clips_cropped_multi\NG_Ka_Long_Angus_Jonatan_CHRISTIE_Malaysia_Masters_2020_QuarterFinals\short_service\set1_rally25_ball1.0.mp4,short_service,OK,0.857,0.179,data/pose_features_multi\NG_Ka_Long_Angus_Jonatan_CHRISTIE_Malaysia_Masters_2020_QuarterFinals\short_service\set1_rally25_ball1.0.npy
NG_Ka_Long_Angus_Jonatan_CHRISTIE_Malaysia_Masters_2020_QuarterFinals,data/clips_cropped_multi\NG_Ka_Long_Angus_Jonatan_CHRISTIE_Malaysia_Masters_2020_QuarterFinals\short_service\set1_rally26_ball1.0.mp4,short_service,POSE_INSUFFICIENT,0.0,0.0,data/pose_features_multi\NG_Ka_Long_Angus_Jonatan_CHRISTIE_Malaysia_Masters_2020_QuarterFinals\short_service\set1_rally26_ball1.0.npy
NG_Ka_Long_Angus_Jonatan_CHRISTIE_Malaysia_Masters_2020_QuarterFinals,data/clips_cropped_multi\NG_Ka_Long_Angus_Jonatan_CHRISTIE_Malaysia_Masters_2020_QuarterFinals\short_service\set1_rally27_ball1.0.mp4,short_service,OK,1.0,0.036,data/pose_features_multi\NG_Ka_Long_Angus_Jonatan_CHRISTIE_Malaysia_Masters_2020_QuarterFinals\short_service\set1_rally27_ball1.0.npy
NG_Ka_Long_Angus_Jonatan_CHRISTIE_Malaysia_Masters_2020_QuarterFinals,data/clips_cropped_multi\NG_Ka_Long_Angus_Jonatan_CHRISTIE_Malaysia_Masters_2020_QuarterFinals\short_service\set1_rally28_ball1.0.mp4,short_service,OK,0.857,0.857,data/pose_features_multi\NG_Ka_Long_Angus_Jonatan_CHRISTIE_Malaysia_Masters_2020_QuarterFinals\short_service\set1_rally28_ball1.0.npy
NG_Ka_Long_Angus_Jonatan_CHRISTIE_Malaysia_Masters_2020_QuarterFinals,data/clips_cropped_multi\NG_Ka_Long_Angus_Jonatan_CHRISTIE_Malaysia_Masters_2020_QuarterFinals\short_service\set1_rally2_ball1.0.mp4,short_service,OK,1.0,1.0,data/pose_features_multi\NG_Ka_Long_Angus_Jonatan_CHRISTIE_Malaysia_Masters_2020_QuarterFinals\short_service\set1_rally2_ball1.0.npy
NG_Ka_Long_Angus_Jonatan_CHRISTIE_Malaysia_Masters_2020_QuarterFinals,data/clips_cropped_multi\NG_Ka_Long_Angus_Jonatan_CHRISTIE_Malaysia_Masters_2020_QuarterFinals\short_service\set1_rally30_ball1.0.mp4,short_service,POSE_INSUFFICIENT,0.607,0.607,data/pose_features_multi\NG_Ka_Long_Angus_Jonatan_CHRISTIE_Malaysia_Masters_2020_QuarterFinals\short_service\set1_rally30_ball1.0.npy
NG_Ka_Long_Angus_Jonatan_CHRISTIE_Malaysia_Masters_2020_QuarterFinals,data/clips_cropped_multi\NG_Ka_Long_Angus_Jonatan_CHRISTIE_Malaysia_Masters_2020_QuarterFinals\short_service\set1_rally31_ball1.0.mp4,short_service,OK,1.0,1.0,data/pose_features_multi\NG_Ka_Long_Angus_Jonatan_CHRISTIE_Malaysia_Masters_2020_QuarterFinals\short_service\set1_rally31_ball1.0.npy
NG_Ka_Long_Angus_Jonatan_CHRISTIE_Malaysia_Masters_2020_QuarterFinals,data/clips_cropped_multi\NG_Ka_Long_Angus_Jonatan_CHRISTIE_Malaysia_Masters_2020_QuarterFinals\short_service\set1_rally32_ball1.0.mp4,short_service,POSE_INSUFFICIENT,0.571,0.571,data/pose_features_multi\NG_Ka_Long_Angus_Jonatan_CHRISTIE_Malaysia_Masters_2020_QuarterFinals\short_service\set1_rally32_ball1.0.npy
NG_Ka_Long_Angus_Jonatan_CHRISTIE_Malaysia_Masters_2020_QuarterFinals,data/clips_cropped_multi\NG_Ka_Long_Angus_Jonatan_CHRISTIE_Malaysia_Masters_2020_QuarterFinals\short_service\set1_rally33_ball1.0.mp4,short_service,OK,1.0,1.0,data/pose_features_multi\NG_Ka_Long_Angus_Jonatan_CHRISTIE_Malaysia_Masters_2020_QuarterFinals\short_service\set1_rally33_ball1.0.npy
NG_Ka_Long_Angus_Jonatan_CHRISTIE_Malaysia_Masters_2020_QuarterFinals,data/clips_cropped_multi\NG_Ka_Long_Angus_Jonatan_CHRISTIE_Malaysia_Masters_2020_QuarterFinals\short_service\set1_rally34_ball1.0.mp4,short_service,OK,1.0,0.0,data/pose_features_multi\NG_Ka_Long_Angus_Jonatan_CHRISTIE_Malaysia_Masters_2020_QuarterFinals\short_service\set1_rally34_ball1.0.npy
NG_Ka_Long_Angus_Jonatan_CHRISTIE_Malaysia_Masters_2020_QuarterFinals,data/clips_cropped_multi\NG_Ka_Long_Angus_Jonatan_CHRISTIE_Malaysia_Masters_2020_QuarterFinals\short_service\set1_rally36_ball1.0.mp4,short_service,POSE_INSUFFICIENT,0.536,0.071,data/pose_features_multi\NG_Ka_Long_Angus_Jonatan_CHRISTIE_Malaysia_Masters_2020_QuarterFinals\short_service\set1_rally36_ball1.0.npy
NG_Ka_Long_Angus_Jonatan_CHRISTIE_Malaysia_Masters_2020_QuarterFinals,data/clips_cropped_multi\NG_Ka_Long_Angus_Jonatan_CHRISTIE_Malaysia_Masters_2020_QuarterFinals\short_service\set1_rally3_ball1.0.mp4,short_service,OK,1.0,0.0,data/pose_features_multi\NG_Ka_Long_Angus_Jonatan_CHRISTIE_Malaysia_Masters_2020_QuarterFinals\short_service\set1_rally3_ball1.0.npy
NG_Ka_Long_Angus_Jonatan_CHRISTIE_Malaysia_Masters_2020_QuarterFinals,data/clips_cropped_multi\NG_Ka_Long_Angus_Jonatan_CHRISTIE_Malaysia_Masters_2020_QuarterFinals\short_service\set1_rally4_ball1.0.mp4,short_service,POSE_INSUFFICIENT,0.321,0.357,data/pose_features_multi\NG_Ka_Long_Angus_Jonatan_CHRISTIE_Malaysia_Masters_2020_QuarterFinals\short_service\set1_rally4_ball1.0.npy
NG_Ka_Long_Angus_Jonatan_CHRISTIE_Malaysia_Masters_2020_QuarterFinals,data/clips_cropped_multi\NG_Ka_Long_Angus_Jonatan_CHRISTIE_Malaysia_Masters_2020_QuarterFinals\short_service\set1_rally6_ball1.0.mp4,short_service,POSE_INSUFFICIENT,0.643,0.643,data/pose_features_multi\NG_Ka_Long_Angus_Jonatan_CHRISTIE_Malaysia_Masters_2020_QuarterFinals\short_service\set1_rally6_ball1.0.npy
NG_Ka_Long_Angus_Jonatan_CHRISTIE_Malaysia_Masters_2020_QuarterFinals,data/clips_cropped_multi\NG_Ka_Long_Angus_Jonatan_CHRISTIE_Malaysia_Masters_2020_QuarterFinals\short_service\set1_rally8_ball1.0.mp4,short_service,OK,1.0,1.0,data/pose_features_multi\NG_Ka_Long_Angus_Jonatan_CHRISTIE_Malaysia_Masters_2020_QuarterFinals\short_service\set1_rally8_ball1.0.npy
NG_Ka_Long_Angus_Jonatan_CHRISTIE_Malaysia_Masters_2020_QuarterFinals,data/clips_cropped_multi\NG_Ka_Long_Angus_Jonatan_CHRISTIE_Malaysia_Masters_2020_QuarterFinals\short_service\set1_rally9_ball1.0.mp4,short_service,OK,0.857,0.857,data/pose_features_multi\NG_Ka_Long_Angus_Jonatan_CHRISTIE_Malaysia_Masters_2020_QuarterFinals\short_service\set1_rally9_ball1.0.npy
NG_Ka_Long_Angus_Jonatan_CHRISTIE_Malaysia_Masters_2020_QuarterFinals,data/clips_cropped_multi\NG_Ka_Long_Angus_Jonatan_CHRISTIE_Malaysia_Masters_2020_QuarterFinals\short_service\set2_rally11_ball1.0.mp4,short_service,OK,1.0,1.0,data/pose_features_multi\NG_Ka_Long_Angus_Jonatan_CHRISTIE_Malaysia_Masters_2020_QuarterFinals\short_service\set2_rally11_ball1.0.npy
NG_Ka_Long_Angus_Jonatan_CHRISTIE_Malaysia_Masters_2020_QuarterFinals,data/clips_cropped_multi\NG_Ka_Long_Angus_Jonatan_CHRISTIE_Malaysia_Masters_2020_QuarterFinals\short_service\set2_rally12_ball1.0.mp4,short_service,POSE_INSUFFICIENT,0.536,0.821,data/pose_features_multi\NG_Ka_Long_Angus_Jonatan_CHRISTIE_Malaysia_Masters_2020_QuarterFinals\short_service\set2_rally12_ball1.0.npy
NG_Ka_Long_Angus_Jonatan_CHRISTIE_Malaysia_Masters_2020_QuarterFinals,data/clips_cropped_multi\NG_Ka_Long_Angus_Jonatan_CHRISTIE_Malaysia_Masters_2020_QuarterFinals\short_service\set2_rally13_ball1.0.mp4,short_service,OK,1.0,1.0,data/pose_features_multi\NG_Ka_Long_Angus_Jonatan_CHRISTIE_Malaysia_Masters_2020_QuarterFinals\short_service\set2_rally13_ball1.0.npy
NG_Ka_Long_Angus_Jonatan_CHRISTIE_Malaysia_Masters_2020_QuarterFinals,data/clips_cropped_multi\NG_Ka_Long_Angus_Jonatan_CHRISTIE_Malaysia_Masters_2020_QuarterFinals\short_service\set2_rally14_ball1.0.mp4,short_service,POSE_INSUFFICIENT,0.214,0.214,data/pose_features_multi\NG_Ka_Long_Angus_Jonatan_CHRISTIE_Malaysia_Masters_2020_QuarterFinals\short_service\set2_rally14_ball1.0.npy
NG_Ka_Long_Angus_Jonatan_CHRISTIE_Malaysia_Masters_2020_QuarterFinals,data/clips_cropped_multi\NG_Ka_Long_Angus_Jonatan_CHRISTIE_Malaysia_Masters_2020_QuarterFinals\short_service\set2_rally15_ball1.0.mp4,short_service,OK,1.0,0.75,data/pose_features_multi\NG_Ka_Long_Angus_Jonatan_CHRISTIE_Malaysia_Masters_2020_QuarterFinals\short_service\set2_rally15_ball1.0.npy
NG_Ka_Long_Angus_Jonatan_CHRISTIE_Malaysia_Masters_2020_QuarterFinals,data/clips_cropped_multi\NG_Ka_Long_Angus_Jonatan_CHRISTIE_Malaysia_Masters_2020_QuarterFinals\short_service\set2_rally16_ball1.0.mp4,short_service,POSE_INSUFFICIENT,0.464,0.0,data/pose_features_multi\NG_Ka_Long_Angus_Jonatan_CHRISTIE_Malaysia_Masters_2020_QuarterFinals\short_service\set2_rally16_ball1.0.npy
NG_Ka_Long_Angus_Jonatan_CHRISTIE_Malaysia_Masters_2020_QuarterFinals,data/clips_cropped_multi\NG_Ka_Long_Angus_Jonatan_CHRISTIE_Malaysia_Masters_2020_QuarterFinals\short_service\set2_rally17_ball1.0.mp4,short_service,POSE_INSUFFICIENT,0.0,0.714,data/pose_features_multi\NG_Ka_Long_Angus_Jonatan_CHRISTIE_Malaysia_Masters_2020_QuarterFinals\short_service\set2_rally17_ball1.0.npy
NG_Ka_Long_Angus_Jonatan_CHRISTIE_Malaysia_Masters_2020_QuarterFinals,data/clips_cropped_multi\NG_Ka_Long_Angus_Jonatan_CHRISTIE_Malaysia_Masters_2020_QuarterFinals\short_service\set2_rally18_ball1.0.mp4,short_service,OK,1.0,0.0,data/pose_features_multi\NG_Ka_Long_Angus_Jonatan_CHRISTIE_Malaysia_Masters_2020_QuarterFinals\short_service\set2_rally18_ball1.0.npy
NG_Ka_Long_Angus_Jonatan_CHRISTIE_Malaysia_Masters_2020_QuarterFinals,data/clips_cropped_multi\NG_Ka_Long_Angus_Jonatan_CHRISTIE_Malaysia_Masters_2020_QuarterFinals\short_service\set2_rally19_ball1.0.mp4,short_service,POSE_INSUFFICIENT,0.179,0.0,data/pose_features_multi\NG_Ka_Long_Angus_Jonatan_CHRISTIE_Malaysia_Masters_2020_QuarterFinals\short_service\set2_rally19_ball1.0.npy
NG_Ka_Long_Angus_Jonatan_CHRISTIE_Malaysia_Masters_2020_QuarterFinals,data/clips_cropped_multi\NG_Ka_Long_Angus_Jonatan_CHRISTIE_Malaysia_Masters_2020_QuarterFinals\short_service\set2_rally1_ball1.0.mp4,short_service,OK,1.0,1.0,data/pose_features_multi\NG_Ka_Long_Angus_Jonatan_CHRISTIE_Malaysia_Masters_2020_QuarterFinals\short_service\set2_rally1_ball1.0.npy
NG_Ka_Long_Angus_Jonatan_CHRISTIE_Malaysia_Masters_2020_QuarterFinals,data/clips_cropped_multi\NG_Ka_Long_Angus_Jonatan_CHRISTIE_Malaysia_Masters_2020_QuarterFinals\short_service\set2_rally21_ball1.0.mp4,short_service,POSE_INSUFFICIENT,0.25,0.643,data/pose_features_multi\NG_Ka_Long_Angus_Jonatan_CHRISTIE_Malaysia_Masters_2020_QuarterFinals\short_service\set2_rally21_ball1.0.npy
NG_Ka_Long_Angus_Jonatan_CHRISTIE_Malaysia_Masters_2020_QuarterFinals,data/clips_cropped_multi\NG_Ka_Long_Angus_Jonatan_CHRISTIE_Malaysia_Masters_2020_QuarterFinals\short_service\set2_rally22_ball1.0.mp4,short_service,OK,1.0,0.143,data/pose_features_multi\NG_Ka_Long_Angus_Jonatan_CHRISTIE_Malaysia_Masters_2020_QuarterFinals\short_service\set2_rally22_ball1.0.npy
NG_Ka_Long_Angus_Jonatan_CHRISTIE_Malaysia_Masters_2020_QuarterFinals,data/clips_cropped_multi\NG_Ka_Long_Angus_Jonatan_CHRISTIE_Malaysia_Masters_2020_QuarterFinals\short_service\set2_rally23_ball1.0.mp4,short_service,OK,1.0,1.0,data/pose_features_multi\NG_Ka_Long_Angus_Jonatan_CHRISTIE_Malaysia_Masters_2020_QuarterFinals\short_service\set2_rally23_ball1.0.npy
NG_Ka_Long_Angus_Jonatan_CHRISTIE_Malaysia_Masters_2020_QuarterFinals,data/clips_cropped_multi\NG_Ka_Long_Angus_Jonatan_CHRISTIE_Malaysia_Masters_2020_QuarterFinals\short_service\set2_rally24_ball1.0.mp4,short_service,OK,1.0,1.0,data/pose_features_multi\NG_Ka_Long_Angus_Jonatan_CHRISTIE_Malaysia_Masters_2020_QuarterFinals\short_service\set2_rally24_ball1.0.npy
NG_Ka_Long_Angus_Jonatan_CHRISTIE_Malaysia_Masters_2020_QuarterFinals,data/clips_cropped_multi\NG_Ka_Long_Angus_Jonatan_CHRISTIE_Malaysia_Masters_2020_QuarterFinals\short_service\set2_rally25_ball1.0.mp4,short_service,OK,1.0,1.0,data/pose_features_multi\NG_Ka_Long_Angus_Jonatan_CHRISTIE_Malaysia_Masters_2020_QuarterFinals\short_service\set2_rally25_ball1.0.npy
NG_Ka_Long_Angus_Jonatan_CHRISTIE_Malaysia_Masters_2020_QuarterFinals,data/clips_cropped_multi\NG_Ka_Long_Angus_Jonatan_CHRISTIE_Malaysia_Masters_2020_QuarterFinals\short_service\set2_rally28_ball1.0.mp4,short_service,OK,1.0,0.0,data/pose_features_multi\NG_Ka_Long_Angus_Jonatan_CHRISTIE_Malaysia_Masters_2020_QuarterFinals\short_service\set2_rally28_ball1.0.npy
NG_Ka_Long_Angus_Jonatan_CHRISTIE_Malaysia_Masters_2020_QuarterFinals,data/clips_cropped_multi\NG_Ka_Long_Angus_Jonatan_CHRISTIE_Malaysia_Masters_2020_QuarterFinals\short_service\set2_rally29_ball1.0.mp4,short_service,OK,1.0,1.0,data/pose_features_multi\NG_Ka_Long_Angus_Jonatan_CHRISTIE_Malaysia_Masters_2020_QuarterFinals\short_service\set2_rally29_ball1.0.npy
NG_Ka_Long_Angus_Jonatan_CHRISTIE_Malaysia_Masters_2020_QuarterFinals,data/clips_cropped_multi\NG_Ka_Long_Angus_Jonatan_CHRISTIE_Malaysia_Masters_2020_QuarterFinals\short_service\set2_rally2_ball1.0.mp4,short_service,POSE_INSUFFICIENT,0.679,0.0,data/pose_features_multi\NG_Ka_Long_Angus_Jonatan_CHRISTIE_Malaysia_Masters_2020_QuarterFinals\short_service\set2_rally2_ball1.0.npy
NG_Ka_Long_Angus_Jonatan_CHRISTIE_Malaysia_Masters_2020_QuarterFinals,data/clips_cropped_multi\NG_Ka_Long_Angus_Jonatan_CHRISTIE_Malaysia_Masters_2020_QuarterFinals\short_service\set2_rally30_ball1.0.mp4,short_service,OK,1.0,1.0,data/pose_features_multi\NG_Ka_Long_Angus_Jonatan_CHRISTIE_Malaysia_Masters_2020_QuarterFinals\short_service\set2_rally30_ball1.0.npy
NG_Ka_Long_Angus_Jonatan_CHRISTIE_Malaysia_Masters_2020_QuarterFinals,data/clips_cropped_multi\NG_Ka_Long_Angus_Jonatan_CHRISTIE_Malaysia_Masters_2020_QuarterFinals\short_service\set2_rally31_ball1.0.mp4,short_service,OK,0.821,0.607,data/pose_features_multi\NG_Ka_Long_Angus_Jonatan_CHRISTIE_Malaysia_Masters_2020_QuarterFinals\short_service\set2_rally31_ball1.0.npy
NG_Ka_Long_Angus_Jonatan_CHRISTIE_Malaysia_Masters_2020_QuarterFinals,data/clips_cropped_multi\NG_Ka_Long_Angus_Jonatan_CHRISTIE_Malaysia_Masters_2020_QuarterFinals\short_service\set2_rally32_ball1.0.mp4,short_service,OK,0.929,0.929,data/pose_features_multi\NG_Ka_Long_Angus_Jonatan_CHRISTIE_Malaysia_Masters_2020_QuarterFinals\short_service\set2_rally32_ball1.0.npy
NG_Ka_Long_Angus_Jonatan_CHRISTIE_Malaysia_Masters_2020_QuarterFinals,data/clips_cropped_multi\NG_Ka_Long_Angus_Jonatan_CHRISTIE_Malaysia_Masters_2020_QuarterFinals\short_service\set2_rally33_ball1.0.mp4,short_service,OK,1.0,1.0,data/pose_features_multi\NG_Ka_Long_Angus_Jonatan_CHRISTIE_Malaysia_Masters_2020_QuarterFinals\short_service\set2_rally33_ball1.0.npy
NG_Ka_Long_Angus_Jonatan_CHRISTIE_Malaysia_Masters_2020_QuarterFinals,data/clips_cropped_multi\NG_Ka_Long_Angus_Jonatan_CHRISTIE_Malaysia_Masters_2020_QuarterFinals\short_service\set2_rally3_ball1.0.mp4,short_service,OK,1.0,0.75,data/pose_features_multi\NG_Ka_Long_Angus_Jonatan_CHRISTIE_Malaysia_Masters_2020_QuarterFinals\short_service\set2_rally3_ball1.0.npy
NG_Ka_Long_Angus_Jonatan_CHRISTIE_Malaysia_Masters_2020_QuarterFinals,data/clips_cropped_multi\NG_Ka_Long_Angus_Jonatan_CHRISTIE_Malaysia_Masters_2020_QuarterFinals\short_service\set2_rally4_ball1.0.mp4,short_service,OK,1.0,0.393,data/pose_features_multi\NG_Ka_Long_Angus_Jonatan_CHRISTIE_Malaysia_Masters_2020_QuarterFinals\short_service\set2_rally4_ball1.0.npy
NG_Ka_Long_Angus_Jonatan_CHRISTIE_Malaysia_Masters_2020_QuarterFinals,data/clips_cropped_multi\NG_Ka_Long_Angus_Jonatan_CHRISTIE_Malaysia_Masters_2020_QuarterFinals\short_service\set2_rally5_ball1.0.mp4,short_service,OK,1.0,1.0,data/pose_features_multi\NG_Ka_Long_Angus_Jonatan_CHRISTIE_Malaysia_Masters_2020_QuarterFinals\short_service\set2_rally5_ball1.0.npy
NG_Ka_Long_Angus_Jonatan_CHRISTIE_Malaysia_Masters_2020_QuarterFinals,data/clips_cropped_multi\NG_Ka_Long_Angus_Jonatan_CHRISTIE_Malaysia_Masters_2020_QuarterFinals\short_service\set2_rally6_ball1.0.mp4,short_service,OK,1.0,1.0,data/pose_features_multi\NG_Ka_Long_Angus_Jonatan_CHRISTIE_Malaysia_Masters_2020_QuarterFinals\short_service\set2_rally6_ball1.0.npy
NG_Ka_Long_Angus_Jonatan_CHRISTIE_Malaysia_Masters_2020_QuarterFinals,data/clips_cropped_multi\NG_Ka_Long_Angus_Jonatan_CHRISTIE_Malaysia_Masters_2020_QuarterFinals\short_service\set2_rally7_ball1.0.mp4,short_service,OK,1.0,1.0,data/pose_features_multi\NG_Ka_Long_Angus_Jonatan_CHRISTIE_Malaysia_Masters_2020_QuarterFinals\short_service\set2_rally7_ball1.0.npy
NG_Ka_Long_Angus_Jonatan_CHRISTIE_Malaysia_Masters_2020_QuarterFinals,data/clips_cropped_multi\NG_Ka_Long_Angus_Jonatan_CHRISTIE_Malaysia_Masters_2020_QuarterFinals\short_service\set2_rally8_ball1.0.mp4,short_service,OK,1.0,0.0,data/pose_features_multi\NG_Ka_Long_Angus_Jonatan_CHRISTIE_Malaysia_Masters_2020_QuarterFinals\short_service\set2_rally8_ball1.0.npy
NG_Ka_Long_Angus_Jonatan_CHRISTIE_Malaysia_Masters_2020_QuarterFinals,data/clips_cropped_multi\NG_Ka_Long_Angus_Jonatan_CHRISTIE_Malaysia_Masters_2020_QuarterFinals\short_service\set3_rally10_ball1.0.mp4,short_service,OK,1.0,1.0,data/pose_features_multi\NG_Ka_Long_Angus_Jonatan_CHRISTIE_Malaysia_Masters_2020_QuarterFinals\short_service\set3_rally10_ball1.0.npy
NG_Ka_Long_Angus_Jonatan_CHRISTIE_Malaysia_Masters_2020_QuarterFinals,data/clips_cropped_multi\NG_Ka_Long_Angus_Jonatan_CHRISTIE_Malaysia_Masters_2020_QuarterFinals\short_service\set3_rally11_ball1.0.mp4,short_service,OK,1.0,0.0,data/pose_features_multi\NG_Ka_Long_Angus_Jonatan_CHRISTIE_Malaysia_Masters_2020_QuarterFinals\short_service\set3_rally11_ball1.0.npy
NG_Ka_Long_Angus_Jonatan_CHRISTIE_Malaysia_Masters_2020_QuarterFinals,data/clips_cropped_multi\NG_Ka_Long_Angus_Jonatan_CHRISTIE_Malaysia_Masters_2020_QuarterFinals\short_service\set3_rally12_ball1.0.mp4,short_service,POSE_INSUFFICIENT,0.357,0.357,data/pose_features_multi\NG_Ka_Long_Angus_Jonatan_CHRISTIE_Malaysia_Masters_2020_QuarterFinals\short_service\set3_rally12_ball1.0.npy
NG_Ka_Long_Angus_Jonatan_CHRISTIE_Malaysia_Masters_2020_QuarterFinals,data/clips_cropped_multi\NG_Ka_Long_Angus_Jonatan_CHRISTIE_Malaysia_Masters_2020_QuarterFinals\short_service\set3_rally13_ball1.0.mp4,short_service,OK,1.0,1.0,data/pose_features_multi\NG_Ka_Long_Angus_Jonatan_CHRISTIE_Malaysia_Masters_2020_QuarterFinals\short_service\set3_rally13_ball1.0.npy
NG_Ka_Long_Angus_Jonatan_CHRISTIE_Malaysia_Masters_2020_QuarterFinals,data/clips_cropped_multi\NG_Ka_Long_Angus_Jonatan_CHRISTIE_Malaysia_Masters_2020_QuarterFinals\short_service\set3_rally14_ball1.0.mp4,short_service,POSE_INSUFFICIENT,0.107,0.393,data/pose_features_multi\NG_Ka_Long_Angus_Jonatan_CHRISTIE_Malaysia_Masters_2020_QuarterFinals\short_service\set3_rally14_ball1.0.npy
NG_Ka_Long_Angus_Jonatan_CHRISTIE_Malaysia_Masters_2020_QuarterFinals,data/clips_cropped_multi\NG_Ka_Long_Angus_Jonatan_CHRISTIE_Malaysia_Masters_2020_QuarterFinals\short_service\set3_rally16_ball1.0.mp4,short_service,OK,1.0,1.0,data/pose_features_multi\NG_Ka_Long_Angus_Jonatan_CHRISTIE_Malaysia_Masters_2020_QuarterFinals\short_service\set3_rally16_ball1.0.npy
NG_Ka_Long_Angus_Jonatan_CHRISTIE_Malaysia_Masters_2020_QuarterFinals,data/clips_cropped_multi\NG_Ka_Long_Angus_Jonatan_CHRISTIE_Malaysia_Masters_2020_QuarterFinals\short_service\set3_rally17_ball1.0.mp4,short_service,POSE_INSUFFICIENT,0.393,0.464,data/pose_features_multi\NG_Ka_Long_Angus_Jonatan_CHRISTIE_Malaysia_Masters_2020_QuarterFinals\short_service\set3_rally17_ball1.0.npy
NG_Ka_Long_Angus_Jonatan_CHRISTIE_Malaysia_Masters_2020_QuarterFinals,data/clips_cropped_multi\NG_Ka_Long_Angus_Jonatan_CHRISTIE_Malaysia_Masters_2020_QuarterFinals\short_service\set3_rally18_ball1.0.mp4,short_service,POSE_INSUFFICIENT,0.5,0.25,data/pose_features_multi\NG_Ka_Long_Angus_Jonatan_CHRISTIE_Malaysia_Masters_2020_QuarterFinals\short_service\set3_rally18_ball1.0.npy
NG_Ka_Long_Angus_Jonatan_CHRISTIE_Malaysia_Masters_2020_QuarterFinals,data/clips_cropped_multi\NG_Ka_Long_Angus_Jonatan_CHRISTIE_Malaysia_Masters_2020_QuarterFinals\short_service\set3_rally19_ball1.0.mp4,short_service,OK,1.0,1.0,data/pose_features_multi\NG_Ka_Long_Angus_Jonatan_CHRISTIE_Malaysia_Masters_2020_QuarterFinals\short_service\set3_rally19_ball1.0.npy
NG_Ka_Long_Angus_Jonatan_CHRISTIE_Malaysia_Masters_2020_QuarterFinals,data/clips_cropped_multi\NG_Ka_Long_Angus_Jonatan_CHRISTIE_Malaysia_Masters_2020_QuarterFinals\short_service\set3_rally1_ball1.0.mp4,short_service,OK,1.0,1.0,data/pose_features_multi\NG_Ka_Long_Angus_Jonatan_CHRISTIE_Malaysia_Masters_2020_QuarterFinals\short_service\set3_rally1_ball1.0.npy
NG_Ka_Long_Angus_Jonatan_CHRISTIE_Malaysia_Masters_2020_QuarterFinals,data/clips_cropped_multi\NG_Ka_Long_Angus_Jonatan_CHRISTIE_Malaysia_Masters_2020_QuarterFinals\short_service\set3_rally20_ball1.0.mp4,short_service,OK,1.0,0.393,data/pose_features_multi\NG_Ka_Long_Angus_Jonatan_CHRISTIE_Malaysia_Masters_2020_QuarterFinals\short_service\set3_rally20_ball1.0.npy
NG_Ka_Long_Angus_Jonatan_CHRISTIE_Malaysia_Masters_2020_QuarterFinals,data/clips_cropped_multi\NG_Ka_Long_Angus_Jonatan_CHRISTIE_Malaysia_Masters_2020_QuarterFinals\short_service\set3_rally21_ball1.0.mp4,short_service,OK,1.0,1.0,data/pose_features_multi\NG_Ka_Long_Angus_Jonatan_CHRISTIE_Malaysia_Masters_2020_QuarterFinals\short_service\set3_rally21_ball1.0.npy
NG_Ka_Long_Angus_Jonatan_CHRISTIE_Malaysia_Masters_2020_QuarterFinals,data/clips_cropped_multi\NG_Ka_Long_Angus_Jonatan_CHRISTIE_Malaysia_Masters_2020_QuarterFinals\short_service\set3_rally22_ball1.0.mp4,short_service,OK,1.0,0.571,data/pose_features_multi\NG_Ka_Long_Angus_Jonatan_CHRISTIE_Malaysia_Masters_2020_QuarterFinals\short_service\set3_rally22_ball1.0.npy
NG_Ka_Long_Angus_Jonatan_CHRISTIE_Malaysia_Masters_2020_QuarterFinals,data/clips_cropped_multi\NG_Ka_Long_Angus_Jonatan_CHRISTIE_Malaysia_Masters_2020_QuarterFinals\short_service\set3_rally23_ball1.0.mp4,short_service,OK,1.0,1.0,data/pose_features_multi\NG_Ka_Long_Angus_Jonatan_CHRISTIE_Malaysia_Masters_2020_QuarterFinals\short_service\set3_rally23_ball1.0.npy
NG_Ka_Long_Angus_Jonatan_CHRISTIE_Malaysia_Masters_2020_QuarterFinals,data/clips_cropped_multi\NG_Ka_Long_Angus_Jonatan_CHRISTIE_Malaysia_Masters_2020_QuarterFinals\short_service\set3_rally25_ball1.0.mp4,short_service,OK,1.0,0.929,data/pose_features_multi\NG_Ka_Long_Angus_Jonatan_CHRISTIE_Malaysia_Masters_2020_QuarterFinals\short_service\set3_rally25_ball1.0.npy
NG_Ka_Long_Angus_Jonatan_CHRISTIE_Malaysia_Masters_2020_QuarterFinals,data/clips_cropped_multi\NG_Ka_Long_Angus_Jonatan_CHRISTIE_Malaysia_Masters_2020_QuarterFinals\short_service\set3_rally26_ball1.0.mp4,short_service,OK,1.0,1.0,data/pose_features_multi\NG_Ka_Long_Angus_Jonatan_CHRISTIE_Malaysia_Masters_2020_QuarterFinals\short_service\set3_rally26_ball1.0.npy
NG_Ka_Long_Angus_Jonatan_CHRISTIE_Malaysia_Masters_2020_QuarterFinals,data/clips_cropped_multi\NG_Ka_Long_Angus_Jonatan_CHRISTIE_Malaysia_Masters_2020_QuarterFinals\short_service\set3_rally27_ball1.0.mp4,short_service,OK,0.714,0.464,data/pose_features_multi\NG_Ka_Long_Angus_Jonatan_CHRISTIE_Malaysia_Masters_2020_QuarterFinals\short_service\set3_rally27_ball1.0.npy
NG_Ka_Long_Angus_Jonatan_CHRISTIE_Malaysia_Masters_2020_QuarterFinals,data/clips_cropped_multi\NG_Ka_Long_Angus_Jonatan_CHRISTIE_Malaysia_Masters_2020_QuarterFinals\short_service\set3_rally28_ball1.0.mp4,short_service,OK,1.0,1.0,data/pose_features_multi\NG_Ka_Long_Angus_Jonatan_CHRISTIE_Malaysia_Masters_2020_QuarterFinals\short_service\set3_rally28_ball1.0.npy
NG_Ka_Long_Angus_Jonatan_CHRISTIE_Malaysia_Masters_2020_QuarterFinals,data/clips_cropped_multi\NG_Ka_Long_Angus_Jonatan_CHRISTIE_Malaysia_Masters_2020_QuarterFinals\short_service\set3_rally29_ball1.0.mp4,short_service,OK,1.0,0.607,data/pose_features_multi\NG_Ka_Long_Angus_Jonatan_CHRISTIE_Malaysia_Masters_2020_QuarterFinals\short_service\set3_rally29_ball1.0.npy
NG_Ka_Long_Angus_Jonatan_CHRISTIE_Malaysia_Masters_2020_QuarterFinals,data/clips_cropped_multi\NG_Ka_Long_Angus_Jonatan_CHRISTIE_Malaysia_Masters_2020_QuarterFinals\short_service\set3_rally2_ball1.0.mp4,short_service,POSE_INSUFFICIENT,0.143,0.357,data/pose_features_multi\NG_Ka_Long_Angus_Jonatan_CHRISTIE_Malaysia_Masters_2020_QuarterFinals\short_service\set3_rally2_ball1.0.npy
NG_Ka_Long_Angus_Jonatan_CHRISTIE_Malaysia_Masters_2020_QuarterFinals,data/clips_cropped_multi\NG_Ka_Long_Angus_Jonatan_CHRISTIE_Malaysia_Masters_2020_QuarterFinals\short_service\set3_rally30_ball1.0.mp4,short_service,OK,1.0,1.0,data/pose_features_multi\NG_Ka_Long_Angus_Jonatan_CHRISTIE_Malaysia_Masters_2020_QuarterFinals\short_service\set3_rally30_ball1.0.npy
NG_Ka_Long_Angus_Jonatan_CHRISTIE_Malaysia_Masters_2020_QuarterFinals,data/clips_cropped_multi\NG_Ka_Long_Angus_Jonatan_CHRISTIE_Malaysia_Masters_2020_QuarterFinals\short_service\set3_rally32_ball1.0.mp4,short_service,OK,1.0,1.0,data/pose_features_multi\NG_Ka_Long_Angus_Jonatan_CHRISTIE_Malaysia_Masters_2020_QuarterFinals\short_service\set3_rally32_ball1.0.npy
NG_Ka_Long_Angus_Jonatan_CHRISTIE_Malaysia_Masters_2020_QuarterFinals,data/clips_cropped_multi\NG_Ka_Long_Angus_Jonatan_CHRISTIE_Malaysia_Masters_2020_QuarterFinals\short_service\set3_rally33_ball1.0.mp4,short_service,OK,1.0,1.0,data/pose_features_multi\NG_Ka_Long_Angus_Jonatan_CHRISTIE_Malaysia_Masters_2020_QuarterFinals\short_service\set3_rally33_ball1.0.npy
NG_Ka_Long_Angus_Jonatan_CHRISTIE_Malaysia_Masters_2020_QuarterFinals,data/clips_cropped_multi\NG_Ka_Long_Angus_Jonatan_CHRISTIE_Malaysia_Masters_2020_QuarterFinals\short_service\set3_rally36_ball1.0.mp4,short_service,OK,1.0,0.0,data/pose_features_multi\NG_Ka_Long_Angus_Jonatan_CHRISTIE_Malaysia_Masters_2020_QuarterFinals\short_service\set3_rally36_ball1.0.npy
NG_Ka_Long_Angus_Jonatan_CHRISTIE_Malaysia_Masters_2020_QuarterFinals,data/clips_cropped_multi\NG_Ka_Long_Angus_Jonatan_CHRISTIE_Malaysia_Masters_2020_QuarterFinals\short_service\set3_rally37_ball1.0.mp4,short_service,OK,1.0,0.0,data/pose_features_multi\NG_Ka_Long_Angus_Jonatan_CHRISTIE_Malaysia_Masters_2020_QuarterFinals\short_service\set3_rally37_ball1.0.npy
NG_Ka_Long_Angus_Jonatan_CHRISTIE_Malaysia_Masters_2020_QuarterFinals,data/clips_cropped_multi\NG_Ka_Long_Angus_Jonatan_CHRISTIE_Malaysia_Masters_2020_QuarterFinals\short_service\set3_rally38_ball1.0.mp4,short_service,OK,1.0,1.0,data/pose_features_multi\NG_Ka_Long_Angus_Jonatan_CHRISTIE_Malaysia_Masters_2020_QuarterFinals\short_service\set3_rally38_ball1.0.npy
NG_Ka_Long_Angus_Jonatan_CHRISTIE_Malaysia_Masters_2020_QuarterFinals,data/clips_cropped_multi\NG_Ka_Long_Angus_Jonatan_CHRISTIE_Malaysia_Masters_2020_QuarterFinals\short_service\set3_rally39_ball1.0.mp4,short_service,OK,0.929,0.0,data/pose_features_multi\NG_Ka_Long_Angus_Jonatan_CHRISTIE_Malaysia_Masters_2020_QuarterFinals\short_service\set3_rally39_ball1.0.npy
NG_Ka_Long_Angus_Jonatan_CHRISTIE_Malaysia_Masters_2020_QuarterFinals,data/clips_cropped_multi\NG_Ka_Long_Angus_Jonatan_CHRISTIE_Malaysia_Masters_2020_QuarterFinals\short_service\set3_rally3_ball1.0.mp4,short_service,OK,1.0,1.0,data/pose_features_multi\NG_Ka_Long_Angus_Jonatan_CHRISTIE_Malaysia_Masters_2020_QuarterFinals\short_service\set3_rally3_ball1.0.npy
NG_Ka_Long_Angus_Jonatan_CHRISTIE_Malaysia_Masters_2020_QuarterFinals,data/clips_cropped_multi\NG_Ka_Long_Angus_Jonatan_CHRISTIE_Malaysia_Masters_2020_QuarterFinals\short_service\set3_rally4_ball1.0.mp4,short_service,OK,1.0,1.0,data/pose_features_multi\NG_Ka_Long_Angus_Jonatan_CHRISTIE_Malaysia_Masters_2020_QuarterFinals\short_service\set3_rally4_ball1.0.npy
NG_Ka_Long_Angus_Jonatan_CHRISTIE_Malaysia_Masters_2020_QuarterFinals,data/clips_cropped_multi\NG_Ka_Long_Angus_Jonatan_CHRISTIE_Malaysia_Masters_2020_QuarterFinals\short_service\set3_rally5_ball1.0.mp4,short_service,POSE_INSUFFICIENT,0.464,0.464,data/pose_features_multi\NG_Ka_Long_Angus_Jonatan_CHRISTIE_Malaysia_Masters_2020_QuarterFinals\short_service\set3_rally5_ball1.0.npy
NG_Ka_Long_Angus_Jonatan_CHRISTIE_Malaysia_Masters_2020_QuarterFinals,data/clips_cropped_multi\NG_Ka_Long_Angus_Jonatan_CHRISTIE_Malaysia_Masters_2020_QuarterFinals\short_service\set3_rally6_ball1.0.mp4,short_service,OK,1.0,0.714,data/pose_features_multi\NG_Ka_Long_Angus_Jonatan_CHRISTIE_Malaysia_Masters_2020_QuarterFinals\short_service\set3_rally6_ball1.0.npy
NG_Ka_Long_Angus_Jonatan_CHRISTIE_Malaysia_Masters_2020_QuarterFinals,data/clips_cropped_multi\NG_Ka_Long_Angus_Jonatan_CHRISTIE_Malaysia_Masters_2020_QuarterFinals\short_service\set3_rally7_ball1.0.mp4,short_service,OK,1.0,1.0,data/pose_features_multi\NG_Ka_Long_Angus_Jonatan_CHRISTIE_Malaysia_Masters_2020_QuarterFinals\short_service\set3_rally7_ball1.0.npy
NG_Ka_Long_Angus_Jonatan_CHRISTIE_Malaysia_Masters_2020_QuarterFinals,data/clips_cropped_multi\NG_Ka_Long_Angus_Jonatan_CHRISTIE_Malaysia_Masters_2020_QuarterFinals\short_service\set3_rally8_ball1.0.mp4,short_service,OK,1.0,1.0,data/pose_features_multi\NG_Ka_Long_Angus_Jonatan_CHRISTIE_Malaysia_Masters_2020_QuarterFinals\short_service\set3_rally8_ball1.0.npy
NG_Ka_Long_Angus_Jonatan_CHRISTIE_Malaysia_Masters_2020_QuarterFinals,data/clips_cropped_multi\NG_Ka_Long_Angus_Jonatan_CHRISTIE_Malaysia_Masters_2020_QuarterFinals\short_service\set3_rally9_ball1.0.mp4,short_service,OK,1.0,0.0,data/pose_features_multi\NG_Ka_Long_Angus_Jonatan_CHRISTIE_Malaysia_Masters_2020_QuarterFinals\short_service\set3_rally9_ball1.0.npy
NG_Ka_Long_Angus_Jonatan_CHRISTIE_Malaysia_Masters_2020_QuarterFinals,data/clips_cropped_multi\NG_Ka_Long_Angus_Jonatan_CHRISTIE_Malaysia_Masters_2020_QuarterFinals\smash\set1_rally12_ball8.0.mp4,smash,OK,1.0,1.0,data/pose_features_multi\NG_Ka_Long_Angus_Jonatan_CHRISTIE_Malaysia_Masters_2020_QuarterFinals\smash\set1_rally12_ball8.0.npy
NG_Ka_Long_Angus_Jonatan_CHRISTIE_Malaysia_Masters_2020_QuarterFinals,data/clips_cropped_multi\NG_Ka_Long_Angus_Jonatan_CHRISTIE_Malaysia_Masters_2020_QuarterFinals\smash\set1_rally13_ball3.0.mp4,smash,OK,1.0,0.679,data/pose_features_multi\NG_Ka_Long_Angus_Jonatan_CHRISTIE_Malaysia_Masters_2020_QuarterFinals\smash\set1_rally13_ball3.0.npy
NG_Ka_Long_Angus_Jonatan_CHRISTIE_Malaysia_Masters_2020_QuarterFinals,data/clips_cropped_multi\NG_Ka_Long_Angus_Jonatan_CHRISTIE_Malaysia_Masters_2020_QuarterFinals\smash\set1_rally14_ball13.0.mp4,smash,OK,0.786,0.786,data/pose_features_multi\NG_Ka_Long_Angus_Jonatan_CHRISTIE_Malaysia_Masters_2020_QuarterFinals\smash\set1_rally14_ball13.0.npy
NG_Ka_Long_Angus_Jonatan_CHRISTIE_Malaysia_Masters_2020_QuarterFinals,data/clips_cropped_multi\NG_Ka_Long_Angus_Jonatan_CHRISTIE_Malaysia_Masters_2020_QuarterFinals\smash\set1_rally18_ball3.0.mp4,smash,OK,1.0,0.857,data/pose_features_multi\NG_Ka_Long_Angus_Jonatan_CHRISTIE_Malaysia_Masters_2020_QuarterFinals\smash\set1_rally18_ball3.0.npy
NG_Ka_Long_Angus_Jonatan_CHRISTIE_Malaysia_Masters_2020_QuarterFinals,data/clips_cropped_multi\NG_Ka_Long_Angus_Jonatan_CHRISTIE_Malaysia_Masters_2020_QuarterFinals\smash\set1_rally21_ball6.0.mp4,smash,OK,1.0,1.0,data/pose_features_multi\NG_Ka_Long_Angus_Jonatan_CHRISTIE_Malaysia_Masters_2020_QuarterFinals\smash\set1_rally21_ball6.0.npy
NG_Ka_Long_Angus_Jonatan_CHRISTIE_Malaysia_Masters_2020_QuarterFinals,data/clips_cropped_multi\NG_Ka_Long_Angus_Jonatan_CHRISTIE_Malaysia_Masters_2020_QuarterFinals\smash\set1_rally22_ball9.0.mp4,smash,OK,1.0,1.0,data/pose_features_multi\NG_Ka_Long_Angus_Jonatan_CHRISTIE_Malaysia_Masters_2020_QuarterFinals\smash\set1_rally22_ball9.0.npy
NG_Ka_Long_Angus_Jonatan_CHRISTIE_Malaysia_Masters_2020_QuarterFinals,data/clips_cropped_multi\NG_Ka_Long_Angus_Jonatan_CHRISTIE_Malaysia_Masters_2020_QuarterFinals\smash\set1_rally24_ball8.0.mp4,smash,OK,1.0,1.0,data/pose_features_multi\NG_Ka_Long_Angus_Jonatan_CHRISTIE_Malaysia_Masters_2020_QuarterFinals\smash\set1_rally24_ball8.0.npy
NG_Ka_Long_Angus_Jonatan_CHRISTIE_Malaysia_Masters_2020_QuarterFinals,data/clips_cropped_multi\NG_Ka_Long_Angus_Jonatan_CHRISTIE_Malaysia_Masters_2020_QuarterFinals\smash\set1_rally25_ball13.0.mp4,smash,OK,1.0,1.0,data/pose_features_multi\NG_Ka_Long_Angus_Jonatan_CHRISTIE_Malaysia_Masters_2020_QuarterFinals\smash\set1_rally25_ball13.0.npy
NG_Ka_Long_Angus_Jonatan_CHRISTIE_Malaysia_Masters_2020_QuarterFinals,data/clips_cropped_multi\NG_Ka_Long_Angus_Jonatan_CHRISTIE_Malaysia_Masters_2020_QuarterFinals\smash\set1_rally25_ball7.0.mp4,smash,OK,1.0,0.875,data/pose_features_multi\NG_Ka_Long_Angus_Jonatan_CHRISTIE_Malaysia_Masters_2020_QuarterFinals\smash\set1_rally25_ball7.0.npy
NG_Ka_Long_Angus_Jonatan_CHRISTIE_Malaysia_Masters_2020_QuarterFinals,data/clips_cropped_multi\NG_Ka_Long_Angus_Jonatan_CHRISTIE_Malaysia_Masters_2020_QuarterFinals\smash\set1_rally26_ball4.0.mp4,smash,OK,1.0,1.0,data/pose_features_multi\NG_Ka_Long_Angus_Jonatan_CHRISTIE_Malaysia_Masters_2020_QuarterFinals\smash\set1_rally26_ball4.0.npy
NG_Ka_Long_Angus_Jonatan_CHRISTIE_Malaysia_Masters_2020_QuarterFinals,data/clips_cropped_multi\NG_Ka_Long_Angus_Jonatan_CHRISTIE_Malaysia_Masters_2020_QuarterFinals\smash\set1_rally27_ball10.0.mp4,smash,OK,1.0,1.0,data/pose_features_multi\NG_Ka_Long_Angus_Jonatan_CHRISTIE_Malaysia_Masters_2020_QuarterFinals\smash\set1_rally27_ball10.0.npy
NG_Ka_Long_Angus_Jonatan_CHRISTIE_Malaysia_Masters_2020_QuarterFinals,data/clips_cropped_multi\NG_Ka_Long_Angus_Jonatan_CHRISTIE_Malaysia_Masters_2020_QuarterFinals\smash\set1_rally27_ball6.0.mp4,smash,OK,1.0,1.0,data/pose_features_multi\NG_Ka_Long_Angus_Jonatan_CHRISTIE_Malaysia_Masters_2020_QuarterFinals\smash\set1_rally27_ball6.0.npy
NG_Ka_Long_Angus_Jonatan_CHRISTIE_Malaysia_Masters_2020_QuarterFinals,data/clips_cropped_multi\NG_Ka_Long_Angus_Jonatan_CHRISTIE_Malaysia_Masters_2020_QuarterFinals\smash\set1_rally2_ball5.0.mp4,smash,OK,1.0,0.589,data/pose_features_multi\NG_Ka_Long_Angus_Jonatan_CHRISTIE_Malaysia_Masters_2020_QuarterFinals\smash\set1_rally2_ball5.0.npy
NG_Ka_Long_Angus_Jonatan_CHRISTIE_Malaysia_Masters_2020_QuarterFinals,data/clips_cropped_multi\NG_Ka_Long_Angus_Jonatan_CHRISTIE_Malaysia_Masters_2020_QuarterFinals\smash\set1_rally30_ball5.0.mp4,smash,OK,1.0,1.0,data/pose_features_multi\NG_Ka_Long_Angus_Jonatan_CHRISTIE_Malaysia_Masters_2020_QuarterFinals\smash\set1_rally30_ball5.0.npy
NG_Ka_Long_Angus_Jonatan_CHRISTIE_Malaysia_Masters_2020_QuarterFinals,data/clips_cropped_multi\NG_Ka_Long_Angus_Jonatan_CHRISTIE_Malaysia_Masters_2020_QuarterFinals\smash\set1_rally31_ball10.0.mp4,smash,OK,1.0,0.911,data/pose_features_multi\NG_Ka_Long_Angus_Jonatan_CHRISTIE_Malaysia_Masters_2020_QuarterFinals\smash\set1_rally31_ball10.0.npy
NG_Ka_Long_Angus_Jonatan_CHRISTIE_Malaysia_Masters_2020_QuarterFinals,data/clips_cropped_multi\NG_Ka_Long_Angus_Jonatan_CHRISTIE_Malaysia_Masters_2020_QuarterFinals\smash\set1_rally33_ball3.0.mp4,smash,OK,1.0,1.0,data/pose_features_multi\NG_Ka_Long_Angus_Jonatan_CHRISTIE_Malaysia_Masters_2020_QuarterFinals\smash\set1_rally33_ball3.0.npy
NG_Ka_Long_Angus_Jonatan_CHRISTIE_Malaysia_Masters_2020_QuarterFinals,data/clips_cropped_multi\NG_Ka_Long_Angus_Jonatan_CHRISTIE_Malaysia_Masters_2020_QuarterFinals\smash\set1_rally34_ball9.0.mp4,smash,OK,1.0,0.821,data/pose_features_multi\NG_Ka_Long_Angus_Jonatan_CHRISTIE_Malaysia_Masters_2020_QuarterFinals\smash\set1_rally34_ball9.0.npy
NG_Ka_Long_Angus_Jonatan_CHRISTIE_Malaysia_Masters_2020_QuarterFinals,data/clips_cropped_multi\NG_Ka_Long_Angus_Jonatan_CHRISTIE_Malaysia_Masters_2020_QuarterFinals\smash\set1_rally35_ball5.0.mp4,smash,OK,1.0,0.839,data/pose_features_multi\NG_Ka_Long_Angus_Jonatan_CHRISTIE_Malaysia_Masters_2020_QuarterFinals\smash\set1_rally35_ball5.0.npy
NG_Ka_Long_Angus_Jonatan_CHRISTIE_Malaysia_Masters_2020_QuarterFinals,data/clips_cropped_multi\NG_Ka_Long_Angus_Jonatan_CHRISTIE_Malaysia_Masters_2020_QuarterFinals\smash\set1_rally36_ball11.0.mp4,smash,OK,1.0,0.75,data/pose_features_multi\NG_Ka_Long_Angus_Jonatan_CHRISTIE_Malaysia_Masters_2020_QuarterFinals\smash\set1_rally36_ball11.0.npy
NG_Ka_Long_Angus_Jonatan_CHRISTIE_Malaysia_Masters_2020_QuarterFinals,data/clips_cropped_multi\NG_Ka_Long_Angus_Jonatan_CHRISTIE_Malaysia_Masters_2020_QuarterFinals\smash\set1_rally36_ball8.0.mp4,smash,OK,1.0,1.0,data/pose_features_multi\NG_Ka_Long_Angus_Jonatan_CHRISTIE_Malaysia_Masters_2020_QuarterFinals\smash\set1_rally36_ball8.0.npy
NG_Ka_Long_Angus_Jonatan_CHRISTIE_Malaysia_Masters_2020_QuarterFinals,data/clips_cropped_multi\NG_Ka_Long_Angus_Jonatan_CHRISTIE_Malaysia_Masters_2020_QuarterFinals\smash\set1_rally3_ball5.0.mp4,smash,OK,1.0,1.0,data/pose_features_multi\NG_Ka_Long_Angus_Jonatan_CHRISTIE_Malaysia_Masters_2020_QuarterFinals\smash\set1_rally3_ball5.0.npy
NG_Ka_Long_Angus_Jonatan_CHRISTIE_Malaysia_Masters_2020_QuarterFinals,data/clips_cropped_multi\NG_Ka_Long_Angus_Jonatan_CHRISTIE_Malaysia_Masters_2020_QuarterFinals\smash\set1_rally4_ball4.0.mp4,smash,OK,1.0,1.0,data/pose_features_multi\NG_Ka_Long_Angus_Jonatan_CHRISTIE_Malaysia_Masters_2020_QuarterFinals\smash\set1_rally4_ball4.0.npy
NG_Ka_Long_Angus_Jonatan_CHRISTIE_Malaysia_Masters_2020_QuarterFinals,data/clips_cropped_multi\NG_Ka_Long_Angus_Jonatan_CHRISTIE_Malaysia_Masters_2020_QuarterFinals\smash\set1_rally6_ball4.0.mp4,smash,POSE_INSUFFICIENT,0.339,0.464,data/pose_features_multi\NG_Ka_Long_Angus_Jonatan_CHRISTIE_Malaysia_Masters_2020_QuarterFinals\smash\set1_rally6_ball4.0.npy
NG_Ka_Long_Angus_Jonatan_CHRISTIE_Malaysia_Masters_2020_QuarterFinals,data/clips_cropped_multi\NG_Ka_Long_Angus_Jonatan_CHRISTIE_Malaysia_Masters_2020_QuarterFinals\smash\set1_rally8_ball10.0.mp4,smash,OK,1.0,1.0,data/pose_features_multi\NG_Ka_Long_Angus_Jonatan_CHRISTIE_Malaysia_Masters_2020_QuarterFinals\smash\set1_rally8_ball10.0.npy
NG_Ka_Long_Angus_Jonatan_CHRISTIE_Malaysia_Masters_2020_QuarterFinals,data/clips_cropped_multi\NG_Ka_Long_Angus_Jonatan_CHRISTIE_Malaysia_Masters_2020_QuarterFinals\smash\set1_rally8_ball18.0.mp4,smash,OK,1.0,1.0,data/pose_features_multi\NG_Ka_Long_Angus_Jonatan_CHRISTIE_Malaysia_Masters_2020_QuarterFinals\smash\set1_rally8_ball18.0.npy
NG_Ka_Long_Angus_Jonatan_CHRISTIE_Malaysia_Masters_2020_QuarterFinals,data/clips_cropped_multi\NG_Ka_Long_Angus_Jonatan_CHRISTIE_Malaysia_Masters_2020_QuarterFinals\smash\set1_rally9_ball11.0.mp4,smash,OK,1.0,1.0,data/pose_features_multi\NG_Ka_Long_Angus_Jonatan_CHRISTIE_Malaysia_Masters_2020_QuarterFinals\smash\set1_rally9_ball11.0.npy
NG_Ka_Long_Angus_Jonatan_CHRISTIE_Malaysia_Masters_2020_QuarterFinals,data/clips_cropped_multi\NG_Ka_Long_Angus_Jonatan_CHRISTIE_Malaysia_Masters_2020_QuarterFinals\smash\set1_rally9_ball5.0.mp4,smash,POSE_INSUFFICIENT,0.679,0.482,data/pose_features_multi\NG_Ka_Long_Angus_Jonatan_CHRISTIE_Malaysia_Masters_2020_QuarterFinals\smash\set1_rally9_ball5.0.npy
NG_Ka_Long_Angus_Jonatan_CHRISTIE_Malaysia_Masters_2020_QuarterFinals,data/clips_cropped_multi\NG_Ka_Long_Angus_Jonatan_CHRISTIE_Malaysia_Masters_2020_QuarterFinals\smash\set2_rally12_ball4.0.mp4,smash,OK,0.946,0.946,data/pose_features_multi\NG_Ka_Long_Angus_Jonatan_CHRISTIE_Malaysia_Masters_2020_QuarterFinals\smash\set2_rally12_ball4.0.npy
NG_Ka_Long_Angus_Jonatan_CHRISTIE_Malaysia_Masters_2020_QuarterFinals,data/clips_cropped_multi\NG_Ka_Long_Angus_Jonatan_CHRISTIE_Malaysia_Masters_2020_QuarterFinals\smash\set2_rally13_ball7.0.mp4,smash,OK,0.821,0.821,data/pose_features_multi\NG_Ka_Long_Angus_Jonatan_CHRISTIE_Malaysia_Masters_2020_QuarterFinals\smash\set2_rally13_ball7.0.npy
NG_Ka_Long_Angus_Jonatan_CHRISTIE_Malaysia_Masters_2020_QuarterFinals,data/clips_cropped_multi\NG_Ka_Long_Angus_Jonatan_CHRISTIE_Malaysia_Masters_2020_QuarterFinals\smash\set2_rally14_ball13.0.mp4,smash,OK,1.0,0.696,data/pose_features_multi\NG_Ka_Long_Angus_Jonatan_CHRISTIE_Malaysia_Masters_2020_QuarterFinals\smash\set2_rally14_ball13.0.npy
NG_Ka_Long_Angus_Jonatan_CHRISTIE_Malaysia_Masters_2020_QuarterFinals,data/clips_cropped_multi\NG_Ka_Long_Angus_Jonatan_CHRISTIE_Malaysia_Masters_2020_QuarterFinals\smash\set2_rally14_ball4.0.mp4,smash,OK,1.0,1.0,data/pose_features_multi\NG_Ka_Long_Angus_Jonatan_CHRISTIE_Malaysia_Masters_2020_QuarterFinals\smash\set2_rally14_ball4.0.npy
NG_Ka_Long_Angus_Jonatan_CHRISTIE_Malaysia_Masters_2020_QuarterFinals,data/clips_cropped_multi\NG_Ka_Long_Angus_Jonatan_CHRISTIE_Malaysia_Masters_2020_QuarterFinals\smash\set2_rally16_ball11.0.mp4,smash,OK,1.0,1.0,data/pose_features_multi\NG_Ka_Long_Angus_Jonatan_CHRISTIE_Malaysia_Masters_2020_QuarterFinals\smash\set2_rally16_ball11.0.npy
NG_Ka_Long_Angus_Jonatan_CHRISTIE_Malaysia_Masters_2020_QuarterFinals,data/clips_cropped_multi\NG_Ka_Long_Angus_Jonatan_CHRISTIE_Malaysia_Masters_2020_QuarterFinals\smash\set2_rally16_ball6.0.mp4,smash,OK,0.839,0.839,data/pose_features_multi\NG_Ka_Long_Angus_Jonatan_CHRISTIE_Malaysia_Masters_2020_QuarterFinals\smash\set2_rally16_ball6.0.npy
NG_Ka_Long_Angus_Jonatan_CHRISTIE_Malaysia_Masters_2020_QuarterFinals,data/clips_cropped_multi\NG_Ka_Long_Angus_Jonatan_CHRISTIE_Malaysia_Masters_2020_QuarterFinals\smash\set2_rally17_ball13.0.mp4,smash,OK,1.0,1.0,data/pose_features_multi\NG_Ka_Long_Angus_Jonatan_CHRISTIE_Malaysia_Masters_2020_QuarterFinals\smash\set2_rally17_ball13.0.npy
NG_Ka_Long_Angus_Jonatan_CHRISTIE_Malaysia_Masters_2020_QuarterFinals,data/clips_cropped_multi\NG_Ka_Long_Angus_Jonatan_CHRISTIE_Malaysia_Masters_2020_QuarterFinals\smash\set2_rally1_ball3.0.mp4,smash,OK,1.0,1.0,data/pose_features_multi\NG_Ka_Long_Angus_Jonatan_CHRISTIE_Malaysia_Masters_2020_QuarterFinals\smash\set2_rally1_ball3.0.npy
NG_Ka_Long_Angus_Jonatan_CHRISTIE_Malaysia_Masters_2020_QuarterFinals,data/clips_cropped_multi\NG_Ka_Long_Angus_Jonatan_CHRISTIE_Malaysia_Masters_2020_QuarterFinals\smash\set2_rally1_ball7.0.mp4,smash,OK,1.0,1.0,data/pose_features_multi\NG_Ka_Long_Angus_Jonatan_CHRISTIE_Malaysia_Masters_2020_QuarterFinals\smash\set2_rally1_ball7.0.npy
NG_Ka_Long_Angus_Jonatan_CHRISTIE_Malaysia_Masters_2020_QuarterFinals,data/clips_cropped_multi\NG_Ka_Long_Angus_Jonatan_CHRISTIE_Malaysia_Masters_2020_QuarterFinals\smash\set2_rally24_ball15.0.mp4,smash,OK,1.0,1.0,data/pose_features_multi\NG_Ka_Long_Angus_Jonatan_CHRISTIE_Malaysia_Masters_2020_QuarterFinals\smash\set2_rally24_ball15.0.npy
NG_Ka_Long_Angus_Jonatan_CHRISTIE_Malaysia_Masters_2020_QuarterFinals,data/clips_cropped_multi\NG_Ka_Long_Angus_Jonatan_CHRISTIE_Malaysia_Masters_2020_QuarterFinals\smash\set2_rally28_ball5.0.mp4,smash,OK,1.0,0.804,data/pose_features_multi\NG_Ka_Long_Angus_Jonatan_CHRISTIE_Malaysia_Masters_2020_QuarterFinals\smash\set2_rally28_ball5.0.npy
NG_Ka_Long_Angus_Jonatan_CHRISTIE_Malaysia_Masters_2020_QuarterFinals,data/clips_cropped_multi\NG_Ka_Long_Angus_Jonatan_CHRISTIE_Malaysia_Masters_2020_QuarterFinals\smash\set2_rally31_ball7.0.mp4,smash,OK,1.0,1.0,data/pose_features_multi\NG_Ka_Long_Angus_Jonatan_CHRISTIE_Malaysia_Masters_2020_QuarterFinals\smash\set2_rally31_ball7.0.npy
NG_Ka_Long_Angus_Jonatan_CHRISTIE_Malaysia_Masters_2020_QuarterFinals,data/clips_cropped_multi\NG_Ka_Long_Angus_Jonatan_CHRISTIE_Malaysia_Masters_2020_QuarterFinals\smash\set2_rally31_ball8.0.mp4,smash,POSE_INSUFFICIENT,0.286,0.25,data/pose_features_multi\NG_Ka_Long_Angus_Jonatan_CHRISTIE_Malaysia_Masters_2020_QuarterFinals\smash\set2_rally31_ball8.0.npy
NG_Ka_Long_Angus_Jonatan_CHRISTIE_Malaysia_Masters_2020_QuarterFinals,data/clips_cropped_multi\NG_Ka_Long_Angus_Jonatan_CHRISTIE_Malaysia_Masters_2020_QuarterFinals\smash\set2_rally32_ball4.0.mp4,smash,OK,0.857,0.857,data/pose_features_multi\NG_Ka_Long_Angus_Jonatan_CHRISTIE_Malaysia_Masters_2020_QuarterFinals\smash\set2_rally32_ball4.0.npy
NG_Ka_Long_Angus_Jonatan_CHRISTIE_Malaysia_Masters_2020_QuarterFinals,data/clips_cropped_multi\NG_Ka_Long_Angus_Jonatan_CHRISTIE_Malaysia_Masters_2020_QuarterFinals\smash\set2_rally3_ball15.0.mp4,smash,OK,1.0,0.982,data/pose_features_multi\NG_Ka_Long_Angus_Jonatan_CHRISTIE_Malaysia_Masters_2020_QuarterFinals\smash\set2_rally3_ball15.0.npy
NG_Ka_Long_Angus_Jonatan_CHRISTIE_Malaysia_Masters_2020_QuarterFinals,data/clips_cropped_multi\NG_Ka_Long_Angus_Jonatan_CHRISTIE_Malaysia_Masters_2020_QuarterFinals\smash\set2_rally4_ball9.0.mp4,smash,OK,1.0,0.964,data/pose_features_multi\NG_Ka_Long_Angus_Jonatan_CHRISTIE_Malaysia_Masters_2020_QuarterFinals\smash\set2_rally4_ball9.0.npy
NG_Ka_Long_Angus_Jonatan_CHRISTIE_Malaysia_Masters_2020_QuarterFinals,data/clips_cropped_multi\NG_Ka_Long_Angus_Jonatan_CHRISTIE_Malaysia_Masters_2020_QuarterFinals\smash\set3_rally10_ball9.0.mp4,smash,OK,1.0,0.786,data/pose_features_multi\NG_Ka_Long_Angus_Jonatan_CHRISTIE_Malaysia_Masters_2020_QuarterFinals\smash\set3_rally10_ball9.0.npy
NG_Ka_Long_Angus_Jonatan_CHRISTIE_Malaysia_Masters_2020_QuarterFinals,data/clips_cropped_multi\NG_Ka_Long_Angus_Jonatan_CHRISTIE_Malaysia_Masters_2020_QuarterFinals\smash\set3_rally11_ball3.0.mp4,smash,OK,1.0,0.857,data/pose_features_multi\NG_Ka_Long_Angus_Jonatan_CHRISTIE_Malaysia_Masters_2020_QuarterFinals\smash\set3_rally11_ball3.0.npy
NG_Ka_Long_Angus_Jonatan_CHRISTIE_Malaysia_Masters_2020_QuarterFinals,data/clips_cropped_multi\NG_Ka_Long_Angus_Jonatan_CHRISTIE_Malaysia_Masters_2020_QuarterFinals\smash\set3_rally11_ball6.0.mp4,smash,OK,1.0,1.0,data/pose_features_multi\NG_Ka_Long_Angus_Jonatan_CHRISTIE_Malaysia_Masters_2020_QuarterFinals\smash\set3_rally11_ball6.0.npy
NG_Ka_Long_Angus_Jonatan_CHRISTIE_Malaysia_Masters_2020_QuarterFinals,data/clips_cropped_multi\NG_Ka_Long_Angus_Jonatan_CHRISTIE_Malaysia_Masters_2020_QuarterFinals\smash\set3_rally12_ball4.0.mp4,smash,OK,1.0,0.964,data/pose_features_multi\NG_Ka_Long_Angus_Jonatan_CHRISTIE_Malaysia_Masters_2020_QuarterFinals\smash\set3_rally12_ball4.0.npy
NG_Ka_Long_Angus_Jonatan_CHRISTIE_Malaysia_Masters_2020_QuarterFinals,data/clips_cropped_multi\NG_Ka_Long_Angus_Jonatan_CHRISTIE_Malaysia_Masters_2020_QuarterFinals\smash\set3_rally13_ball4.0.mp4,smash,OK,1.0,1.0,data/pose_features_multi\NG_Ka_Long_Angus_Jonatan_CHRISTIE_Malaysia_Masters_2020_QuarterFinals\smash\set3_rally13_ball4.0.npy
NG_Ka_Long_Angus_Jonatan_CHRISTIE_Malaysia_Masters_2020_QuarterFinals,data/clips_cropped_multi\NG_Ka_Long_Angus_Jonatan_CHRISTIE_Malaysia_Masters_2020_QuarterFinals\smash\set3_rally14_ball10.0.mp4,smash,OK,1.0,1.0,data/pose_features_multi\NG_Ka_Long_Angus_Jonatan_CHRISTIE_Malaysia_Masters_2020_QuarterFinals\smash\set3_rally14_ball10.0.npy
NG_Ka_Long_Angus_Jonatan_CHRISTIE_Malaysia_Masters_2020_QuarterFinals,data/clips_cropped_multi\NG_Ka_Long_Angus_Jonatan_CHRISTIE_Malaysia_Masters_2020_QuarterFinals\smash\set3_rally14_ball13.0.mp4,smash,OK,1.0,1.0,data/pose_features_multi\NG_Ka_Long_Angus_Jonatan_CHRISTIE_Malaysia_Masters_2020_QuarterFinals\smash\set3_rally14_ball13.0.npy
NG_Ka_Long_Angus_Jonatan_CHRISTIE_Malaysia_Masters_2020_QuarterFinals,data/clips_cropped_multi\NG_Ka_Long_Angus_Jonatan_CHRISTIE_Malaysia_Masters_2020_QuarterFinals\smash\set3_rally16_ball15.0.mp4,smash,OK,0.75,0.75,data/pose_features_multi\NG_Ka_Long_Angus_Jonatan_CHRISTIE_Malaysia_Masters_2020_QuarterFinals\smash\set3_rally16_ball15.0.npy
NG_Ka_Long_Angus_Jonatan_CHRISTIE_Malaysia_Masters_2020_QuarterFinals,data/clips_cropped_multi\NG_Ka_Long_Angus_Jonatan_CHRISTIE_Malaysia_Masters_2020_QuarterFinals\smash\set3_rally16_ball21.0.mp4,smash,OK,1.0,0.768,data/pose_features_multi\NG_Ka_Long_Angus_Jonatan_CHRISTIE_Malaysia_Masters_2020_QuarterFinals\smash\set3_rally16_ball21.0.npy
NG_Ka_Long_Angus_Jonatan_CHRISTIE_Malaysia_Masters_2020_QuarterFinals,data/clips_cropped_multi\NG_Ka_Long_Angus_Jonatan_CHRISTIE_Malaysia_Masters_2020_QuarterFinals\smash\set3_rally1_ball5.0.mp4,smash,POSE_INSUFFICIENT,0.661,0.607,data/pose_features_multi\NG_Ka_Long_Angus_Jonatan_CHRISTIE_Malaysia_Masters_2020_QuarterFinals\smash\set3_rally1_ball5.0.npy
NG_Ka_Long_Angus_Jonatan_CHRISTIE_Malaysia_Masters_2020_QuarterFinals,data/clips_cropped_multi\NG_Ka_Long_Angus_Jonatan_CHRISTIE_Malaysia_Masters_2020_QuarterFinals\smash\set3_rally20_ball6.0.mp4,smash,OK,1.0,0.0,data/pose_features_multi\NG_Ka_Long_Angus_Jonatan_CHRISTIE_Malaysia_Masters_2020_QuarterFinals\smash\set3_rally20_ball6.0.npy
NG_Ka_Long_Angus_Jonatan_CHRISTIE_Malaysia_Masters_2020_QuarterFinals,data/clips_cropped_multi\NG_Ka_Long_Angus_Jonatan_CHRISTIE_Malaysia_Masters_2020_QuarterFinals\smash\set3_rally22_ball7.0.mp4,smash,OK,1.0,0.768,data/pose_features_multi\NG_Ka_Long_Angus_Jonatan_CHRISTIE_Malaysia_Masters_2020_QuarterFinals\smash\set3_rally22_ball7.0.npy
NG_Ka_Long_Angus_Jonatan_CHRISTIE_Malaysia_Masters_2020_QuarterFinals,data/clips_cropped_multi\NG_Ka_Long_Angus_Jonatan_CHRISTIE_Malaysia_Masters_2020_QuarterFinals\smash\set3_rally24_ball12.0.mp4,smash,OK,1.0,0.786,data/pose_features_multi\NG_Ka_Long_Angus_Jonatan_CHRISTIE_Malaysia_Masters_2020_QuarterFinals\smash\set3_rally24_ball12.0.npy
NG_Ka_Long_Angus_Jonatan_CHRISTIE_Malaysia_Masters_2020_QuarterFinals,data/clips_cropped_multi\NG_Ka_Long_Angus_Jonatan_CHRISTIE_Malaysia_Masters_2020_QuarterFinals\smash\set3_rally26_ball4.0.mp4,smash,OK,1.0,0.75,data/pose_features_multi\NG_Ka_Long_Angus_Jonatan_CHRISTIE_Malaysia_Masters_2020_QuarterFinals\smash\set3_rally26_ball4.0.npy
NG_Ka_Long_Angus_Jonatan_CHRISTIE_Malaysia_Masters_2020_QuarterFinals,data/clips_cropped_multi\NG_Ka_Long_Angus_Jonatan_CHRISTIE_Malaysia_Masters_2020_QuarterFinals\smash\set3_rally30_ball18.0.mp4,smash,OK,1.0,0.75,data/pose_features_multi\NG_Ka_Long_Angus_Jonatan_CHRISTIE_Malaysia_Masters_2020_QuarterFinals\smash\set3_rally30_ball18.0.npy
NG_Ka_Long_Angus_Jonatan_CHRISTIE_Malaysia_Masters_2020_QuarterFinals,data/clips_cropped_multi\NG_Ka_Long_Angus_Jonatan_CHRISTIE_Malaysia_Masters_2020_QuarterFinals\smash\set3_rally34_ball5.0.mp4,smash,OK,1.0,1.0,data/pose_features_multi\NG_Ka_Long_Angus_Jonatan_CHRISTIE_Malaysia_Masters_2020_QuarterFinals\smash\set3_rally34_ball5.0.npy
NG_Ka_Long_Angus_Jonatan_CHRISTIE_Malaysia_Masters_2020_QuarterFinals,data/clips_cropped_multi\NG_Ka_Long_Angus_Jonatan_CHRISTIE_Malaysia_Masters_2020_QuarterFinals\smash\set3_rally38_ball24.0.mp4,smash,OK,1.0,0.536,data/pose_features_multi\NG_Ka_Long_Angus_Jonatan_CHRISTIE_Malaysia_Masters_2020_QuarterFinals\smash\set3_rally38_ball24.0.npy
NG_Ka_Long_Angus_Jonatan_CHRISTIE_Malaysia_Masters_2020_QuarterFinals,data/clips_cropped_multi\NG_Ka_Long_Angus_Jonatan_CHRISTIE_Malaysia_Masters_2020_QuarterFinals\smash\set3_rally38_ball26.0.mp4,smash,OK,1.0,0.625,data/pose_features_multi\NG_Ka_Long_Angus_Jonatan_CHRISTIE_Malaysia_Masters_2020_QuarterFinals\smash\set3_rally38_ball26.0.npy
NG_Ka_Long_Angus_Jonatan_CHRISTIE_Malaysia_Masters_2020_QuarterFinals,data/clips_cropped_multi\NG_Ka_Long_Angus_Jonatan_CHRISTIE_Malaysia_Masters_2020_QuarterFinals\smash\set3_rally38_ball4.0.mp4,smash,OK,1.0,0.661,data/pose_features_multi\NG_Ka_Long_Angus_Jonatan_CHRISTIE_Malaysia_Masters_2020_QuarterFinals\smash\set3_rally38_ball4.0.npy
NG_Ka_Long_Angus_Jonatan_CHRISTIE_Malaysia_Masters_2020_QuarterFinals,data/clips_cropped_multi\NG_Ka_Long_Angus_Jonatan_CHRISTIE_Malaysia_Masters_2020_QuarterFinals\smash\set3_rally39_ball4.0.mp4,smash,OK,1.0,1.0,data/pose_features_multi\NG_Ka_Long_Angus_Jonatan_CHRISTIE_Malaysia_Masters_2020_QuarterFinals\smash\set3_rally39_ball4.0.npy
NG_Ka_Long_Angus_Jonatan_CHRISTIE_Malaysia_Masters_2020_QuarterFinals,data/clips_cropped_multi\NG_Ka_Long_Angus_Jonatan_CHRISTIE_Malaysia_Masters_2020_QuarterFinals\smash\set3_rally6_ball12.0.mp4,smash,POSE_INSUFFICIENT,0.571,0.464,data/pose_features_multi\NG_Ka_Long_Angus_Jonatan_CHRISTIE_Malaysia_Masters_2020_QuarterFinals\smash\set3_rally6_ball12.0.npy
NG_Ka_Long_Angus_Jonatan_CHRISTIE_Malaysia_Masters_2020_QuarterFinals,data/clips_cropped_multi\NG_Ka_Long_Angus_Jonatan_CHRISTIE_Malaysia_Masters_2020_QuarterFinals\smash\set3_rally6_ball4.0.mp4,smash,POSE_INSUFFICIENT,0.661,0.286,data/pose_features_multi\NG_Ka_Long_Angus_Jonatan_CHRISTIE_Malaysia_Masters_2020_QuarterFinals\smash\set3_rally6_ball4.0.npy
NG_Ka_Long_Angus_Jonatan_CHRISTIE_Malaysia_Masters_2020_QuarterFinals,data/clips_cropped_multi\NG_Ka_Long_Angus_Jonatan_CHRISTIE_Malaysia_Masters_2020_QuarterFinals\smash\set3_rally7_ball6.0.mp4,smash,OK,1.0,0.893,data/pose_features_multi\NG_Ka_Long_Angus_Jonatan_CHRISTIE_Malaysia_Masters_2020_QuarterFinals\smash\set3_rally7_ball6.0.npy
NG_Ka_Long_Angus_Jonatan_CHRISTIE_Malaysia_Masters_2020_QuarterFinals,data/clips_cropped_multi\NG_Ka_Long_Angus_Jonatan_CHRISTIE_Malaysia_Masters_2020_QuarterFinals\smash\set3_rally8_ball3.0.mp4,smash,OK,1.0,0.536,data/pose_features_multi\NG_Ka_Long_Angus_Jonatan_CHRISTIE_Malaysia_Masters_2020_QuarterFinals\smash\set3_rally8_ball3.0.npy
NG_Ka_Long_Angus_Jonatan_CHRISTIE_Malaysia_Masters_2020_QuarterFinals,data/clips_cropped_multi\NG_Ka_Long_Angus_Jonatan_CHRISTIE_Malaysia_Masters_2020_QuarterFinals\smash\set3_rally9_ball10.0.mp4,smash,OK,1.0,1.0,data/pose_features_multi\NG_Ka_Long_Angus_Jonatan_CHRISTIE_Malaysia_Masters_2020_QuarterFinals\smash\set3_rally9_ball10.0.npy
